uid,gid,player,solo,comb,sck,saf,blk,ints,pdef,frcv,forc,tdd,rety,tdret,peny,snp,fp,fp2,game,seas,year,team,posd,jnum,dcp
135582,4230,CB-4770,1,4,0,0,0,0,0,0,0,0,0,0,0,43,3,0,2,5,2015,BUF,NT,97,2
135583,4230,JH-5900,1,2,0,0,0,0,1,0,0,0,0,0,0,51,3,0,2,6,2015,BUF,RDE,55,1
135584,4230,LM-1100,5,0,0,0,0,1,1,0,0,0,0,0,0,54,8,2,2,8,2015,BUF,LCB,21,2
135585,4230,CP-0100,1,1,0,0,0,0,0,0,1,0,0,0,0,57,3.5,0,1,13,2015,NYJ,LOLB,97,1
135586,4230,CG-1700,3,2,0,0,0,0,1,0,0,0,0,0,0,49,5,0,2,9,2015,BUF,FS,20,1
135587,4230,MD-0100,1,2,0,0,0,0,0,0,0,0,0,0,0,37,2,0,2,5,2015,BUF,NT,99,1
135588,4230,AT-0230,0,1,0,0,0,1,0,0,0,0,0,0,0,0,2.5,2,2,1,2015,BUF,WLB,59,2
135589,4230,DH-1400,9,5,2,0,0,0,1,0,0,0,0,0,0,75,16.5,2,1,9,2015,NYJ,LILB,52,1
135590,4230,EH-0600,6,5,0,0,0,0,0,0,0,0,0,0,0,43,8.5,0,1,8,2015,NYJ,LILB,58,2
135591,4230,MW-1800,0,5,0,0,0,0,1,0,0,0,0,0,0,52,3.5,0,1,5,2015,NYJ,LDE,96,1
135592,4230,LW-1350,0,6,0,0,0,0,0,0,0,0,0,0,11,72,3,0,1,1,2015,NYJ,RDT,62,1
135593,4230,DM-1550,0,0,0,0,0,0,0,0,0,0,0,0,10,0,0,0,1,2,2015,NYJ,LCB,23,2
135594,4230,MW-2300,2,0,1,0,0,0,0,0,0,0,0,0,0,57,4,1,1,10,2015,BUF,LDE,94,1
135595,4230,DH-1850,2,6,0,0,0,0,0,0,1,0,0,0,0,58,7,0,1,4,2015,NYJ,NT,94,1
135596,4230,DD-0250,1,2,0,0,0,0,0,0,0,0,0,0,0,16,2,0,1,4,2015,NYJ,RILB,56,1
135597,4230,DW-3950,1,0,0,0,0,0,1,0,0,0,0,0,0,26,2,0,1,3,2015,BUF,FS,27,2
135598,4230,MB-5300,0,2,0,0,0,0,2,0,0,0,0,0,0,40,3,0,2,5,2015,BUF,LCB,39,3
135599,4230,MG-0600,3,1,0,0,0,0,0,0,0,0,0,0,0,75,3.5,0,1,5,2015,NYJ,FS,21,1
135600,4230,SR-0670,4,2,0,0,0,0,0,0,0,0,0,0,5,75,5,0,1,3,2015,NYJ,ROLB,91,1
135601,4230,SB-0900,2,1,0,0,0,0,0,0,0,0,0,0,0,24,2.5,0,1,10,2015,NYJ,LDE,72,3
135602,4230,ML-0500,2,0,0,0,0,1,1,0,0,0,0,0,15,57,5,2,2,10,2015,BUF,SLB,91,1
135603,4230,DR-1100,5,1,0,0,0,0,2,1,0,0,0,0,5,72,9.5,2,1,9,2015,NYJ,LCB,24,3
135604,4230,MW-2250,1,2,0,0,0,0,0,0,0,0,0,0,0,15,2,0,1,2,2015,NYJ,LCB,20,1
135605,4230,CP-2600,0,1,0,0,0,0,0,0,0,0,0,0,0,64,0.5,0,1,2,2015,NYJ,SS,25,1
135606,4230,BS-2300,1,0,0,0,0,0,1,0,0,0,0,0,0,28,2,0,1,5,2015,NYJ,RCB,41,1
135607,4230,LM-0550,1,0,0,0,0,0,0,0,0,0,0,0,0,15,1,0,1,1,2015,NYJ,ROLB,55,2
135608,4230,AC-2400,0,0,0,0,0,0,0,0,0,0,24,0,0,71,0,0,1,10,2015,NYJ,RCB,31,1
135609,4230,IE-0200,0,1,0,0,0,0,0,0,0,0,0,0,0,0,0.5,0,2,2,2015,BUF,RDE,75,2
135610,4230,NR-0350,1,2,0,0,0,0,0,0,0,0,0,0,0,47,2,0,2,3,2015,BUF,RCB,37,1
135611,4230,BR-0150,2,1,0,0,0,0,0,0,0,0,0,0,0,47,2.5,0,2,3,2015,BUF,SS,30,1
135612,4230,PB-0750,2,2,0,0,0,0,0,0,0,0,0,0,0,53,3,0,2,2,2015,BUF,MLB,52,1
135613,4230,SC-0550,0,1,0,0,0,0,0,0,0,0,0,0,0,17,0.5,0,2,3,2015,BUF,DT,96,1
135614,4231,PC-0300,4,2,0,0,0,0,0,0,0,0,0,0,0,71,5,0,1,7,2015,NE,SS,23,1
135615,4231,AB-2700,4,1,0,0,0,0,0,0,0,0,0,0,4,47,4.5,0,1,9,2015,NE,DT,97,1
135616,4231,JC-3550,5,1,0,0,0,0,2,0,0,0,0,0,0,75,7.5,0,1,3,2015,NE,SLB,91,1
135617,4231,MT-0850,5,1,0,0,0,0,1,0,0,0,0,0,0,51,6.5,0,1,4,2015,MIA,FS,31,2
135618,4231,KS-0800,4,1,0,0,0,0,0,0,0,0,0,0,0,50,4.5,0,1,5,2015,MIA,MLB,52,1
135619,4231,NH-1225,4,2,0,0,0,0,1,0,0,0,0,0,0,60,6,0,1,1,2015,MIA,WLB,46,2
135620,4231,DM-1300,7,0,0,0,0,0,0,0,0,0,0,0,0,74,7,0,1,6,2015,NE,FS,32,1
135621,4231,AH-3050,1,4,0,0,0,0,0,0,0,0,0,0,0,49,3,0,1,4,2015,NE,LDE,72,2
135622,4231,JM-1900,6,0,0,0,0,0,0,0,0,0,0,0,0,69,6,0,1,8,2015,NE,MLB,51,1
135623,4231,MB-3875,5,1,0,0,0,0,0,0,0,0,0,0,0,54,5.5,0,1,1,2015,NE,DT,90,2
135624,4231,LR-0600,2,1,0,0,0,0,0,0,0,0,0,0,0,75,2.5,0,1,3,2015,NE,RCB,26,1
135625,4231,BM-0800,2,1,0,0,0,0,1,0,0,0,0,0,5,60,3.5,0,1,7,2015,MIA,RCB,24,1
135626,4231,OV-0200,3,3,0.5,0,0,0,0,0,0,0,0,0,15,53,5.5,0.5,1,4,2015,MIA,RDE,50,1
135627,4231,DS-1760,5,0,1,0,0,0,0,0,1,0,0,0,0,51,9,1,1,4,2015,MIA,LDE,79,1
135628,4231,RJ-2000,4,0,0,0,0,0,0,0,0,0,0,0,24,60,4,0,1,6,2015,MIA,SS,20,1
135629,4231,MB-5250,4,0,0,0,0,0,0,0,0,0,0,0,0,75,4,0,1,2,2015,NE,LCB,21,1
135630,4231,GG-0475,1,0,1,0,0,0,0,0,0,0,0,0,0,22,3,1,1,1,2015,NE,LDE,92,3
135631,4231,LJ-1150,3,0,0,0,0,0,1,0,0,0,0,0,0,47,4,0,1,4,2015,NE,DB,34,2
135632,4231,JR-2150,0,1,0,0,0,0,0,0,0,0,0,0,0,13,0.5,0,1,1,2015,NE,SS,37,3
135633,4231,DM-2950,0,1,0,0,0,0,1,0,0,0,0,0,0,12,1.5,0,1,3,2015,MIA,LDE,57,3
135634,4231,NS-0800,1,2,0.5,0,0,0,0,0,0,0,0,0,10,55,3,0.5,1,6,2015,MIA,LDT,93,1
135635,4231,JP-2850,2,0,0,0,0,0,0,0,0,0,0,0,0,33,2,0,1,1,2015,MIA,RDT,97,2
135636,4231,SG-0350,0,1,0,0,0,0,0,0,0,0,0,0,0,47,0.5,0,1,2,2015,MIA,SS,32,2
135637,4231,BG-2100,1,0,0,0,0,0,0,0,0,0,0,0,0,60,1,0,1,10,2015,MIA,LCB,21,1
135638,4231,RN-1100,4,1,0,0,0,0,0,0,0,0,0,0,0,63,4.5,0,1,10,2015,NE,LDE,50,1
135639,4231,DC-2837,1,0,0,0,0,0,0,0,0,0,0,0,4,21,1,0,1,2,2015,MIA,LDT,62,2
135640,4231,TL-1012,2,0,0,0,0,0,1,0,0,0,0,0,0,25,3,0,1,1,2015,MIA,RCB,36,3
135641,4231,DH-1250,0,1,0,0,0,0,0,0,0,0,0,0,0,12,0.5,0,1,3,2015,NE,DB,30,1
135642,4231,DW-1700,0,0,0,0,0,0,0,0,0,0,0,0,4,1,0,0,1,6,2015,NE,WLB,52,3
135643,4231,DF-0950,0,1,0,0,0,0,0,0,0,0,0,0,0,6,0.5,0,1,4,2015,NE,WLB,53,2
135644,4231,JS-2100,0,2,0,0,0,0,0,0,0,0,0,0,0,71,1,0,1,5,2015,NE,RDE,93,2
135645,4232,RH-0150,1,1,0,0,0,0,0,0,0,0,0,0,0,35,1.5,0,2,2,2015,ATL,DT,77,1
135646,4232,CG-1400,6,0,0,0,0,0,1,0,1,0,0,0,0,60,9,0,2,8,2015,ATL,SS,30,2
135647,4232,KB-1100,1,2,0,0,0,0,0,0,0,0,0,0,0,39,2,0,2,8,2015,ATL,LDE,71,3
135648,4232,PW-1400,5,3,0,0,0,0,1,0,0,0,0,0,0,64,7.5,0,2,3,2015,ATL,MLB,55,1
135649,4232,SA-1150,5,0,0,0,0,0,0,0,0,0,0,0,0,26,5,0,2,1,2015,NO,MLB,50,1
135650,4232,KW-1400,0,3,0,0,0,0,1,0,0,0,0,0,0,39,2.5,0,2,13,2015,NO,DT,93,1
135651,4232,DH-2000,1,1,0,0,0,0,0,0,0,0,0,0,0,46,1.5,0,2,8,2015,NO,MLB,57,2
135652,4232,BB-3400,6,2,0,0,0,0,0,0,0,0,0,0,0,67,7,0,2,11,2015,NO,RCB,39,1
135653,4232,KV-0050,4,2,0,0,0,0,0,0,0,0,0,0,0,67,5,0,2,3,2015,NO,SS,32,1
135654,4232,JS-0500,2,0,0,0,0,1,0,0,0,0,0,0,0,11,4,2,1,7,2015,NO,SS,33,2
135655,4232,JD-3300,2,3,0,0,0,0,0,0,0,0,0,0,0,59,3.5,0,2,9,2015,ATL,SLB,52,1
135656,4232,RA-0650,7,0,0,0,0,0,1,1,0,0,0,0,0,68,10,2,2,3,2015,ATL,RCB,23,1
135657,4232,JB-0200,2,0,0,0,0,0,0,0,0,0,0,0,0,37,2,0,2,11,2015,ATL,DT,95,1
135658,4232,RA-0675,1,1,0,0,0,0,0,0,0,0,0,0,0,15,1.5,0,2,2,2015,ATL,FS,37,1
135659,4232,VB-0075,0,0,0,0,0,0,0,0,0,0,0,0,2,31,0,0,2,1,2015,ATL,LDE,44,1
135660,4232,RH-3300,4,2,0,0,0,0,0,0,0,0,0,0,15,51,5,0,2,7,2015,NO,WLB,53,1
135661,4232,HK-0100,1,0,0,0,0,0,0,0,0,0,0,0,0,31,1,0,2,1,2015,NO,SLB,45,1
135662,4232,BR-0200,2,1,0,0,0,0,0,0,0,0,0,0,0,22,2.5,0,1,5,2015,ATL,WLB,56,2
135663,4232,KI-0150,3,3,0,0,0,0,1,0,0,0,0,0,0,61,5.5,0,2,3,2015,ATL,SS,36,1
135664,4232,AC-1500,1,0,0,0,0,0,0,0,0,0,0,0,0,32,1,0,2,5,2015,ATL,LDE,99,2
135665,4232,TD-0850,1,1,0,0,0,0,0,0,0,0,0,0,0,34,1.5,0,1,1,2015,NO,DT,95,2
135666,4232,CJ-2400,3,1,1,0,1,0,0,0,0,0,0,0,0,67,7.5,3,2,5,2015,NO,RDE,94,1
135667,4232,DT-1970,3,0,0,0,0,0,0,0,0,0,0,0,0,68,3,0,2,3,2015,ATL,LCB,21,1
135668,4232,KW-2100,3,1,0,0,0,0,0,0,0,0,0,0,0,37,3.5,0,2,6,2015,NO,LCB,24,2
135669,4232,JJ-1650,1,1,0,0,0,0,0,1,1,0,0,0,0,40,5.5,2,2,3,2015,NO,NT,92,1
135670,4232,BD-0950,4,2,0,0,0,0,0,0,0,0,0,0,0,31,5,0,2,2,2015,NO,PS,38,2
135671,4232,BR-0350,2,1,0,0,0,0,0,0,0,0,0,0,15,56,2.5,0,2,1,2015,NO,LDE,78,1
135672,4232,OS-0400,3,1,0,0,0,0,0,0,0,0,0,0,0,32,3.5,0,2,6,2015,ATL,WLB,50,1
135673,4232,TJ-0600,0,2,0,0,0,0,0,0,0,0,0,0,0,36,1,0,2,7,2015,ATL,RDE,94,1
135674,4232,PA-0100,0,0,0,0,0,0,0,0,0,0,0,0,5,28,0,0,2,6,2015,ATL,LCB,20,1
135675,4232,CO-1200,0,1,0,0,0,0,0,0,0,0,0,0,0,0,0.5,0,1,7,2015,NO,LCB,30,3
135676,4232,JM-2050,0,1,0,0,0,0,0,0,0,0,0,0,0,31,0.5,0,1,1,2015,ATL,DT,74,3
135677,4232,JB-8800,0,0,0,0,0,0,0,0,0,0,0,0,0,67,0,0,2,7,2015,NO,FS,31,1
135678,4232,NS-0750,1,0,0,0,0,0,0,0,0,0,0,0,0,4,1,0,2,4,2015,ATL,MLB,54,2
135679,4232,AK-0350,0,0,0,0,0,0,1,0,0,0,0,0,0,4,1,0,1,1,2015,ATL,FS,28,3
135680,4233,CU-0050,3,1,0,0,0,0,0,0,0,0,0,0,0,41,3.5,0,2,4,2015,BAL,SLB,91,1
135681,4233,CM-3250,4,8,1,0,0,0,1,0,0,0,0,0,0,61,11,1,2,2,2015,BAL,ILB,57,1
135682,4233,LW-0700,1,1,0,0,0,0,1,0,0,0,0,0,0,55,2.5,0,2,7,2015,BAL,LCB,21,1
135683,4233,KL-0800,1,2,0,0,0,0,0,0,0,0,0,0,0,52,2,0,2,6,2015,BAL,FS,23,1
135684,4233,MJ-1800,0,2,0,0,0,0,0,0,0,0,0,0,0,75,1,0,2,7,2015,CIN,RDE,90,1
135685,4233,VB-0350,8,4,0,0,0,1,1,0,0,0,0,0,2,72,13,2,2,4,2015,CIN,WLB,55,1
135686,4233,GI-1300,2,1,0,0,0,0,0,0,0,0,0,0,0,49,2.5,0,1,4,2015,CIN,SS,43,1
135687,4233,RN-0300,6,4,0,0,0,0,1,0,0,0,0,0,0,79,9,0,2,9,2015,CIN,FS,20,1
135688,4233,GA-0400,3,0,1,0,0,0,0,0,0,0,0,0,0,58,5,1,2,6,2015,CIN,RDT,97,1
135689,4233,TJ-1025,3,3,0,0,0,0,0,0,0,0,0,0,0,42,4.5,0,2,2,2015,BAL,DT,97,1
135690,4233,KA-1000,1,2,0,0,0,0,0,0,1,0,0,0,0,22,4,0,2,8,2015,BAL,DB,24,1
135691,4233,LG-1000,3,2,1.5,0,0,0,0,0,0,0,0,0,0,35,7,1.5,2,5,2015,BAL,DE,67,1
135692,4233,DS-2700,0,3,0,0,0,0,0,0,0,0,0,0,0,53,1.5,0,2,12,2015,BAL,ILB,51,1
135693,4233,VR-0200,2,1,0,0,0,0,0,0,0,0,0,0,0,46,2.5,0,2,6,2015,CIN,MLB,57,2
135694,4233,LH-0300,3,1,0,0,0,0,0,0,0,0,0,0,0,30,3.5,0,2,9,2015,CIN,RCB,29,1
135695,4233,CD-2200,3,1,0,0,0,0,0,0,0,0,0,0,4,65,3.5,0,2,6,2015,CIN,LDE,96,1
135696,4233,BW-2020,2,2,0,0,0,0,0,0,0,0,0,0,0,49,3,0,2,3,2015,BAL,NT,98,1
135697,4233,SW-1550,4,1,0,0,0,0,0,0,0,0,0,0,0,37,4.5,0,2,3,2015,CIN,SS,36,2
135698,4233,AH-1800,0,1,0,0,0,0,0,0,0,0,0,0,0,23,0.5,0,1,10,2015,CIN,SLB,50,1
135699,4233,RM-1600,3,3,0,0,0,1,0,0,0,0,0,0,0,35,6.5,2,2,7,2015,CIN,MLB,58,1
135700,4233,DK-0750,2,0,0,0,0,0,1,0,0,0,0,0,11,80,3,0,2,4,2015,CIN,LCB,27,1
135701,4233,JS-4300,1,0,0,0,0,0,0,0,0,0,0,0,0,59,1,0,2,5,2015,BAL,RCB,22,1
135702,4233,WH-0750,0,1,0,0,0,0,0,0,0,0,0,0,23,18,0.5,0,2,4,2015,BAL,SS,33,1
135703,4233,WG-0600,0,1,0,0,0,0,0,0,0,0,0,0,0,45,0.5,0,2,8,2015,CIN,RDE,95,2
135704,4233,DP-0900,0,2,0,0,0,0,0,0,0,0,0,0,0,41,1,0,2,10,2015,CIN,NT,94,1
135705,4233,AJ-1200,0,0,0,0,0,0,2,0,0,0,0,0,0,80,2,0,2,11,2015,CIN,RCB,24,2
135706,4233,ZS-0075,0,2,0.5,0,0,0,0,0,0,0,0,0,0,30,2,0.5,2,1,2015,BAL,OLB,90,2
135707,4233,SW-2300,4,0,0,0,0,0,0,0,0,0,0,0,0,61,4,0,2,5,2015,BAL,RCB,35,2
135708,4233,ED-1000,2,1,0,0,0,0,0,0,0,0,0,0,0,51,2.5,0,2,10,2015,BAL,OLB,58,1
135709,4233,BT-0650,1,0,0,0,0,0,0,0,0,0,0,0,0,26,1,0,1,4,2015,CIN,RDT,98,2
135710,4233,CL-0950,3,0,0,0,0,0,0,0,0,0,-3,0,0,29,3,0,1,4,2015,CIN,RCB,37,3
135711,4233,BU-0150,0,3,0,0,0,0,0,0,0,0,0,0,0,16,1.5,0,1,2,2015,BAL,DE,96,2
135712,4233,BT-0950,0,1,0,0,0,0,0,0,0,0,0,0,0,1,0.5,0,2,3,2015,BAL,SS,28,2
135713,4233,ZO-0100,1,0,0,0,0,0,0,0,0,0,0,0,0,8,1,0,2,2,2015,BAL,ILB,54,2
135714,4234,PD-0450,5,0,0,0,0,0,0,0,0,0,0,0,0,56,5,0,1,2,2015,CLE,LCB,26,1
135715,4234,KW-1550,4,0,0,0,0,0,0,0,0,0,0,0,0,38,4,0,1,2,2015,CLE,DB,36,1
135716,4234,RS-2800,2,0,0,0,0,0,0,0,0,0,0,0,0,27,2,0,1,12,2015,CLE,RDE,94,1
135717,4234,KD-0100,5,2,0,0,0,0,0,0,1,0,0,0,0,54,8,0,1,12,2015,CLE,LILB,56,1
135718,4234,CR-1150,3,0,0,0,0,1,0,1,0,0,0,0,0,21,7,4,1,5,2015,CLE,RILB,53,1
135719,4234,LT-0400,6,3,1.5,0,0,0,0,0,1,0,0,0,5,77,12.5,1.5,2,9,2015,PIT,RILB,94,1
135720,4234,MM-3800,3,2,0,0,0,0,1,0,0,0,0,0,0,83,5,0,2,7,2015,PIT,FS,23,1
135721,4234,WA-0100,7,0,1,0,0,0,1,0,0,0,0,0,0,77,10,1,2,12,2015,PIT,SS,20,1
135722,4234,JH-5950,1,1,0,0,0,0,0,0,0,0,0,0,0,7,1.5,0,1,4,2015,CLE,RDE,93,2
135723,4234,DS-1850,0,1,0,0,0,0,0,0,0,0,0,0,0,28,0.5,0,1,1,2015,CLE,NT,71,1
135724,4234,JP-4150,3,0,0,0,0,1,1,0,0,0,0,0,0,35,6,2,1,3,2015,CLE,FS,33,2
135725,4234,CK-0850,1,1,0,0,0,0,0,0,0,0,0,0,0,34,1.5,0,1,2,2015,CLE,RILB,58,2
135726,4234,BM-2850,0,0,0,0,0,0,0,0,0,0,0,0,10,13,0,0,1,3,2015,CLE,OLB,51,2
135727,4234,AB-1950,4,0,1,0,0,0,2,0,0,0,0,0,5,47,8,1,1,4,2015,PIT,RCB,41,1
135728,4234,RS-0962,3,4,0.5,0,0,0,0,0,0,0,0,0,0,62,6,0.5,2,2,2015,PIT,LILB,50,1
135729,4234,AM-2300,6,0,1,0,0,0,0,1,0,0,0,0,0,34,10,3,2,6,2015,PIT,LOLB,55,1
135730,4234,BB-2530,4,0,0,0,0,0,0,1,1,0,0,0,0,62,8,2,2,4,2015,PIT,LCB,25,2
135731,4234,WG-0500,3,0,0,0,0,1,0,0,0,0,0,0,0,83,5,2,2,9,2015,PIT,LCB,22,1
135732,4234,NO-0300,2,1,0,0,0,0,0,0,0,0,0,0,0,44,2.5,0,1,1,2015,CLE,OLB,44,1
135733,4234,TG-0950,3,0,0,0,0,0,0,0,0,0,0,0,0,54,3,0,1,4,2015,CLE,FS,39,1
135734,4234,SM-2200,1,0,0,0,0,0,0,0,0,0,0,0,5,23,1,0,2,7,2015,PIT,NT,90,1
135735,4234,CH-3100,1,0,0,0,0,0,0,0,0,0,0,0,5,80,1,0,2,5,2015,PIT,LDE,97,1
135736,4234,JH-2100,1,1,0,0,0,1,1,0,0,0,0,0,5,67,4.5,2,2,14,2015,PIT,ROLB,92,2
135737,4234,DW-2600,1,0,0,0,0,0,0,0,0,0,0,0,0,52,1,0,1,10,2015,CLE,SS,31,1
135738,4234,BD-1200,2,0,0,0,0,0,0,0,0,0,0,0,5,52,2,0,2,1,2015,PIT,LOLB,48,2
135739,4234,CJ-1150,2,1,0,0,0,0,0,0,0,0,0,0,0,29,2.5,0,1,4,2015,CLE,OLB,57,3
135740,4234,PK-0300,0,0,0,0,0,0,0,0,0,0,0,0,5,29,0,0,1,7,2015,CLE,OLB,99,1
135741,4234,VW-0250,2,0,0,0,0,0,0,0,0,0,0,0,0,12,2,0,1,3,2015,PIT,RILB,98,2
135742,4234,ST-1150,3,1,2,0,0,0,0,0,0,0,0,0,0,79,7.5,2,2,2,2015,PIT,RDE,91,1
135743,4234,RC-1550,0,1,0,0,0,0,1,0,0,0,0,0,0,36,1.5,0,2,2,2015,PIT,RCB,31,2
135744,4234,JB-0450,0,0,0,0,0,0,1,0,0,0,0,0,0,25,1,0,1,4,2015,CLE,LCB,24,2
135745,4234,AC-1350,0,0,0,0,0,0,0,0,1,0,0,0,0,0,2,0,1,1,2015,PIT,LOLB,56,3
135746,4234,DB-5200,1,0,0,0,0,0,0,0,0,0,0,0,0,28,1,0,1,7,2015,CLE,LDE,92,1
135747,4234,SS-2450,1,0,0,0,0,0,0,0,0,0,0,0,0,9,1,0,2,4,2015,PIT,LILB,51,2
135748,4234,JM-3950,0,1,0,0,0,0,0,0,0,0,0,0,0,15,0.5,0,1,2,2015,CLE,NT,98,2
135749,4235,NM-0250,0,2,0,0,0,0,0,0,0,0,83,0,0,20,1,0,2,1,2015,JAC,RCB,41,3
135750,4235,JW-1100,5,3,3,0,0,0,2,1,1,0,0,0,0,56,18.5,5,1,5,2015,HOU,RDE,99,1
135751,4235,VW-0200,0,2,0,0,0,0,0,0,0,0,0,0,0,27,1,0,1,12,2015,HOU,NT,75,1
135752,4235,BC-3100,3,3,0,0,0,0,1,0,1,0,0,0,0,41,7.5,0,1,7,2015,HOU,LILB,56,1
135753,4235,RM-4200,2,4,1,0,0,0,0,0,1,0,0,0,5,36,8,1,2,7,2015,JAC,DT,97,1
135754,4235,JO-0300,2,2,0.5,0,0,0,0,0,0,0,0,0,5,63,4,0.5,1,6,2015,JAC,RDE,75,1
135755,4235,PT-0450,0,1,0.5,0,0,0,0,0,0,0,0,0,0,6,1.5,0.5,1,4,2015,JAC,LCB,25,3
135756,4235,JC-5630,0,1,0,0,0,0,1,0,0,0,0,0,0,41,1.5,0,1,4,2015,HOU,LDE,93,1
135757,4235,WM-0550,3,2,3.5,0,0,0,0,1,1,0,0,0,5,43,15,5.5,1,4,2015,HOU,SLB,59,1
135758,4235,KJ-0650,2,1,0,0,0,0,0,0,0,0,0,0,0,46,2.5,0,1,1,2015,HOU,LCB,30,2
135759,4235,DS-2200,0,4,0,0,0,0,0,0,0,0,0,0,0,25,2,0,2,7,2015,JAC,OLB,55,1
135760,4235,HP-0200,3,5,0,0,0,0,0,0,0,0,0,0,0,63,5.5,0,2,1,2015,JAC,OLB,52,2
135761,4235,DH-4000,5,2,0,0,0,1,1,0,0,0,0,0,0,73,9,2,2,5,2015,JAC,LCB,31,1
135762,4235,JC-6400,5,9,0,0,0,0,0,0,0,0,0,0,0,76,9.5,0,2,3,2015,JAC,SS,37,1
135763,4235,JE-1200,3,4,0,0,0,0,0,0,0,0,0,0,0,49,5,0,2,3,2015,JAC,SS,26,2
135764,4235,AB-2730,1,2,0,0,0,0,0,0,0,0,0,0,8,55,2,0,2,4,2015,JAC,LDE,90,1
135765,4235,PP-0800,3,7,0,0,0,0,0,0,0,0,0,0,0,76,6.5,0,2,9,2015,JAC,MLB,51,1
135766,4235,JS-3250,2,3,0.5,0,0,0,0,0,0,0,0,0,0,46,4.5,0.5,1,3,2015,HOU,OLB,51,2
135767,4235,JJ-5000,0,0,0,0,0,0,4,0,0,0,0,0,0,44,4,0,1,10,2015,HOU,RCB,24,1
135768,4235,CM-2850,0,0,0,0,0,0,0,0,0,0,0,0,10,0,0,0,1,1,2015,HOU,SS,43,4
135769,4235,AC-2250,4,1,0,0,0,0,1,0,0,0,0,0,0,76,5.5,0,2,2,2015,JAC,RCB,29,1
135770,4235,DG-2450,1,1,0,0,0,0,0,0,0,0,0,0,0,34,1.5,0,1,3,2015,JAC,LCB,27,2
135771,4235,BM-1450,1,1,0,0,0,0,0,0,0,0,0,0,0,27,1.5,0,1,1,2015,HOU,RILB,55,1
135772,4235,QD-0100,3,1,0,0,0,0,1,0,0,0,0,0,0,47,4.5,0,1,8,2015,HOU,SS,32,1
135773,4235,KJ-0100,2,1,0,0,0,1,0,0,0,1,0,0,0,48,10.5,8,1,6,2015,HOU,LCB,25,1
135774,4235,AH-0250,3,1,0,0,0,1,1,0,0,0,0,0,0,56,6.5,2,1,2,2015,HOU,FS,29,1
135775,4235,JB-1550,0,0,0,0,0,0,0,0,0,0,0,0,10,0,0,0,1,3,2015,JAC,MLB,54,3
135776,4235,RD-0650,0,1,0,0,0,0,0,0,0,0,0,0,0,18,0.5,0,2,4,2015,JAC,LDE,59,4
135777,4235,TA-0600,0,2,0,0,0,0,0,0,0,0,0,0,0,45,1,0,2,6,2015,JAC,DT,93,1
135778,4235,SB-1600,0,3,0,0,0,0,0,0,0,0,0,0,0,35,1.5,0,1,6,2015,JAC,FS,38,1
135779,4235,BD-1100,0,1,0,0,0,0,0,0,0,0,0,0,0,0,0.5,0,1,2,2015,HOU,NT,92,3
135780,4235,DM-4015,1,0,0,0,0,0,0,0,0,0,0,0,0,0,1,0,1,3,2015,HOU,LCB,21,3
135781,4235,KD-1475,1,0,0,0,0,0,0,0,0,0,0,0,0,0,1,0,1,1,2015,HOU,SS,40,3
135782,4235,MB-4950,1,0,0,0,0,0,0,0,0,0,0,0,0,20,1,0,1,2,2015,HOU,LILB,53,3
135783,4235,AB-2250,1,0,0,0,0,0,1,0,0,0,0,0,0,0,2,0,1,3,2015,HOU,RCB,34,2
135784,4235,CC-4550,1,0,1,0,0,0,0,0,0,0,0,0,0,16,3,1,1,1,2015,HOU,NT,95,2
135785,4236,AW-1450,8,1,0,0,0,0,0,0,0,0,0,0,0,71,8.5,0,1,2,2015,TEN,RILB,54,1
135786,4236,DS-3450,1,0,0,0,0,0,0,0,0,0,0,0,0,1,1,0,1,3,2015,TEN,SS,39,2
135787,4236,BO-0400,1,2,0,0,0,0,0,0,0,0,0,0,0,66,2,0,1,7,2015,TEN,ROLB,98,1
135788,4236,DJ-2250,2,1,0,0,0,0,0,0,0,0,0,0,0,46,2.5,0,1,2,2015,TEN,LDE,90,1
135789,4236,DB-0950,3,3,1,0,0,0,0,0,0,0,0,0,0,70,6.5,1,1,3,2015,TEN,ROLB,51,2
135790,4236,CS-1250,5,2,0,0,0,0,0,0,0,0,0,0,0,68,6,0,1,4,2015,TEN,RCB,24,1
135791,4236,ZB-0400,7,1,0,0,0,0,0,0,0,0,0,0,0,34,7.5,0,1,4,2015,TEN,LILB,55,2
135792,4236,AB-1925,0,1,0,0,0,0,0,0,0,0,0,0,0,13,0.5,0,1,1,2015,TEN,LDE,95,3
135793,4236,JF-3060,6,2,2,0,0,1,0,0,0,1,0,0,0,52,19,10,1,8,2015,IND,ILB,50,1
135794,4236,MA-0200,1,3,0,0,0,0,0,0,0,0,0,0,0,58,2.5,0,1,12,2015,IND,SS,29,1
135795,4236,VD-0200,3,0,0,0,0,0,0,0,0,0,0,0,0,32,3,0,1,7,2015,IND,RCB,21,1
135796,4236,JB-6500,1,0,0,0,0,0,1,0,0,0,0,0,21,28,2,0,1,5,2015,IND,LCB,25,2
135797,4236,WW-0900,2,2,0,0,0,0,0,0,0,0,0,0,15,28,3,0,1,8,2015,TEN,LILB,59,1
135798,4236,DJ-0500,3,4,0,0,0,0,0,0,0,0,0,0,0,58,5,0,1,10,2015,IND,ILB,52,1
135799,4236,TM-2050,1,0,1,0,0,0,0,0,0,0,0,0,0,25,3,1,1,1,2015,IND,DT,67,1
135800,4236,DS-1400,1,2,0,0,0,1,0,0,0,0,0,0,0,66,4,2,1,5,2015,TEN,SS,21,1
135801,4236,BW-0770,3,0,0,0,0,0,0,0,0,0,0,0,0,48,3,0,1,3,2015,TEN,RCB,38,2
135802,4236,EO-0250,2,1,0,0,0,0,0,0,0,0,0,0,0,12,2.5,0,1,3,2015,IND,LDE,95,2
135803,4236,EW-0100,0,2,0,0,0,0,0,0,0,0,0,0,15,45,1,0,1,8,2015,IND,OLB,93,1
135804,4236,DB-6100,4,3,0,0,0,0,0,0,0,0,0,0,0,25,5.5,0,1,7,2015,IND,RCB,20,2
135805,4236,JN-1350,1,1,0,0,0,0,0,0,0,0,0,0,15,17,1.5,0,1,2,2015,IND,OLB,91,2
135806,4236,DL-2300,2,1,0,0,0,0,0,0,0,0,0,0,0,57,2.5,0,1,8,2015,IND,FS,33,1
135807,4236,JC-1700,1,1,0,0,0,0,0,0,0,0,0,0,5,59,1.5,0,1,5,2015,TEN,DT,99,1
135808,4236,MG-1800,3,1,0,0,0,0,0,0,0,0,0,0,0,71,3.5,0,1,9,2015,TEN,FS,33,1
135809,4236,ZK-0300,3,2,0,0,0,0,0,0,0,0,0,0,0,34,4,0,1,2,2015,IND,NT,94,2
135810,4236,KL-0200,2,0,1,0,0,0,1,0,0,0,0,0,0,46,5,1,1,8,2015,IND,LDE,90,1
135811,4236,JS-6087,0,0,0,0,0,0,1,0,0,0,0,0,10,5,1,0,1,3,2015,TEN,LOLB,57,1
135812,4236,PC-0800,1,0,0,0,0,0,0,0,0,0,0,0,0,66,1,0,1,6,2015,TEN,LCB,29,1
135813,4236,GT-0300,3,0,0,0,0,0,1,0,0,0,0,0,0,53,4,0,1,7,2015,IND,LCB,28,1
135814,4236,KK-1000,0,1,0,0,0,0,0,0,0,0,0,0,0,25,0.5,0,1,5,2015,TEN,DT,97,2
135815,4236,SH-1000,0,0,0,0,0,0,0,0,0,0,0,0,5,14,0,0,1,7,2015,TEN,NT,94,1
135816,4236,BW-0920,0,0,0,0,0,0,0,0,0,0,0,0,15,15,0,0,1,3,2015,IND,OLB,92,2
135817,4236,RM-1400,0,1,0,0,0,0,0,0,0,0,0,0,0,40,0.5,0,1,13,2015,IND,OLB,98,3
135818,4236,MH-3650,1,0,0,0,0,0,0,0,0,0,0,0,0,17,1,0,1,2,2015,TEN,FS,28,2
135819,4236,AW-1900,1,0,0,0,0,0,0,0,0,0,0,0,0,14,1,0,1,6,2015,TEN,NT,96,2
135820,4237,TK-0800,0,1,0,0,0,0,0,0,0,0,0,0,0,22,0.5,0,1,7,2015,WAS,NT,98,1
135821,4237,RK-0500,1,1,1,0,0,0,0,0,0,0,0,0,0,19,3.5,1,1,5,2015,WAS,WLB,91,1
135822,4237,WC-0300,4,1,0,0,0,1,0,0,0,0,0,0,0,27,6.5,2,1,3,2015,WAS,LILB,51,1
135823,4237,BB-2725,3,1,0,0,0,0,1,0,0,0,0,0,0,68,4.5,0,1,2,2015,WAS,LCB,26,1
135824,4237,TC-2950,0,2,0,0,0,0,0,0,0,0,0,0,0,38,1,0,2,4,2015,DAL,RDT,98,1
135825,4237,DO-0050,5,2,0,0,0,0,0,0,0,0,0,0,0,65,6,0,2,2,2015,DAL,RCB,29,2
135826,4237,DL-0450,2,2,0,1,0,0,0,0,0,0,0,0,0,38,5,2,2,2,2015,DAL,LDE,90,1
135827,4237,TM-2850,5,0,1,0,0,0,0,0,1,0,0,0,0,40,9,1,2,2,2015,DAL,RCB,21,3
135828,4237,MF-1400,4,1,0,0,0,0,0,0,0,0,0,0,0,48,4.5,0,1,5,2015,WAS,RILB,54,1
135829,4237,KJ-0275,3,1,0,0,0,0,0,0,0,0,0,0,0,11,3.5,0,1,1,2015,WAS,FS,30,1
135830,4237,RM-2000,5,7,0,0,0,0,1,0,0,0,0,0,0,65,9.5,0,2,6,2015,DAL,MLB,55,1
135831,4237,BC-0500,3,2,0,0,0,0,0,0,0,0,0,0,0,65,4,0,2,8,2015,DAL,RCB,39,1
135832,4237,BJ-2350,4,2,0,0,0,0,0,0,0,0,0,0,19,65,5,0,2,1,2015,DAL,LCB,31,1
135833,4237,WB-0700,7,0,0,0,0,1,0,0,1,0,0,0,0,68,11,2,1,10,2015,WAS,RCB,41,1
135834,4237,CB-0200,1,0,1,0,0,0,0,1,0,0,0,0,0,39,5,3,1,7,2015,WAS,LDE,92,1
135835,4237,AH-3350,4,4,0,0,0,0,1,0,1,0,0,0,0,65,9,0,2,2,2015,DAL,SLB,59,1
135836,4237,TM-3450,1,0,0,0,0,0,0,0,0,0,0,0,0,58,1,0,1,2,2015,WAS,SLB,93,1
135837,4237,DP-1268,1,0,0,0,0,0,0,0,0,0,0,0,0,13,1,0,1,2,2015,WAS,RCB,48,3
135838,4237,JC-5560,1,3,0,0,0,0,0,0,0,0,0,0,0,34,2.5,0,2,4,2015,DAL,LDT,58,2
135839,4237,NH-0900,2,1,0,0,0,0,0,0,0,0,0,0,0,34,2.5,0,2,8,2015,DAL,LDT,96,1
135840,4237,JJ-3200,3,2,0,0,0,0,0,0,0,0,0,0,0,54,4,0,1,5,2015,WAS,FS,20,2
135841,4237,DH-0700,3,0,0,0,0,0,0,0,0,0,0,0,0,42,3,0,1,12,2015,WAS,SS,23,2
135842,4237,HB-0150,1,0,0,0,0,0,0,0,0,0,0,0,0,16,1,0,1,1,2015,WAS,SLB,96,2
135843,4237,JH-1850,1,0,0,0,0,0,0,0,0,0,0,0,0,39,1,0,1,3,2015,WAS,LCB,37,3
135844,4237,KR-0950,5,0,0,0,0,0,0,0,0,0,0,0,0,43,5,0,1,4,2015,WAS,LILB,52,2
135845,4237,RG-1825,0,1,0,0,0,0,0,0,0,0,0,0,0,29,0.5,0,2,1,2015,DAL,RDE,94,2
135846,4237,JW-3050,1,1,0,0,0,0,0,0,0,0,0,0,0,64,1.5,0,2,3,2015,DAL,FS,27,1
135847,4237,KW-0960,0,2,0,0,0,0,0,0,0,0,0,0,0,26,1,0,1,4,2015,DAL,SLB,51,2
135848,4237,FK-0100,1,0,1,0,0,0,0,0,0,0,0,0,0,31,3,1,1,5,2015,WAS,RDE,73,3
135849,4237,PS-0550,1,0,1,0,0,0,1,0,0,0,0,0,0,41,4,1,1,1,2015,WAS,WLB,94,2
135850,4237,DE-1300,1,1,0,0,0,0,0,0,0,0,0,0,0,28,1.5,0,1,1,2015,WAS,RCB,22,2
135851,4237,KG-0700,0,1,0,0,0,0,0,0,0,0,0,0,0,17,0.5,0,1,10,2015,WAS,NT,64,2
135852,4237,JM-5000,0,1,0,0,0,0,0,0,0,0,0,0,0,14,0.5,0,1,10,2015,DAL,LDE,92,2
135853,4237,GH-0300,1,0,0,0,0,0,0,0,0,0,0,0,0,41,1,0,2,6,2015,DAL,RDE,76,1
135854,4238,JC-1800,4,3,0,0,0,1,0,0,0,0,0,0,0,65,7.5,2,2,7,2015,NYG,WLB,54,1
135855,4238,TW-0130,4,3,0,0,0,0,1,0,0,0,0,0,0,44,6.5,0,2,4,2015,NYG,RCB,31,3
135856,4238,LC-0850,4,4,0,0,0,0,0,0,0,0,0,0,0,66,6,0,2,1,2015,NYG,FS,21,1
135857,4238,BA-0350,1,5,0,0,0,0,0,0,0,0,0,0,5,36,3.5,0,1,2,2015,PHI,NT,94,1
135858,4238,CT-1300,0,5,0,0,0,0,0,0,0,0,0,0,0,28,2.5,0,1,5,2015,PHI,LDE,72,1
135859,4238,CB-0800,1,1,1,0,0,0,0,0,1,0,0,0,0,53,5.5,1,1,7,2015,PHI,LOLB,98,1
135860,4238,FC-0400,4,4,0,0,0,0,0,0,0,0,0,0,0,75,6,0,1,4,2015,PHI,RDE,91,1
135861,4238,KA-0750,4,5,0,0,0,0,0,0,0,0,0,0,0,53,6.5,0,1,3,2015,PHI,LILB,50,2
135862,4238,MJ-0600,3,6,0,0,0,0,1,0,0,0,0,0,0,84,7,0,1,7,2015,PHI,S,27,1
135863,4238,CJ-0900,0,3,0,0,0,0,0,0,0,0,0,0,0,42,1.5,0,2,13,2015,NYG,LDE,99,1
135864,4238,JB-5775,1,4,0,0,0,0,0,0,0,0,0,0,0,50,3,0,2,2,2015,NYG,RDT,96,1
135865,4238,MH-2400,1,0,0,0,0,0,0,0,0,0,0,0,0,25,1,0,2,5,2015,NYG,SLB,94,1
135866,4238,GS-0800,1,1,0,0,0,0,0,1,0,0,0,0,5,31,3.5,2,2,6,2015,NYG,RDE,93,3
135867,4238,DR-3700,1,3,0,0,0,0,0,0,0,0,0,0,0,27,2.5,0,1,10,2015,PHI,LILB,59,1
135868,4238,ER-0175,4,3,0,0,0,0,0,0,0,0,0,0,0,82,5.5,0,1,2,2015,PHI,S,30,2
135869,4238,MK-0730,1,8,0,0,0,0,1,0,0,0,0,0,0,58,6,0,1,4,2015,PHI,RILB,95,1
135870,4238,MS-2550,1,1,1,0,0,0,0,0,0,0,0,0,0,35,3.5,1,1,2,2015,PHI,ROLB,90,3
135871,4238,WT-0200,0,0,0,0,0,0,2,1,0,1,0,0,0,80,10,8,1,6,2015,PHI,S,26,1
135872,4238,RA-1500,2,5,1,0,0,0,0,0,0,0,0,0,0,53,6.5,1,2,7,2015,NYG,RDE,91,1
135873,4238,JP-2900,2,4,0,0,0,0,2,0,0,0,0,0,0,59,6,0,2,6,2015,NYG,RDE,90,2
135874,4238,BM-2000,2,2,0,0,0,0,0,0,0,0,0,0,0,38,3,0,2,9,2015,NYG,FS,22,2
135875,4238,EB-1100,4,3,0,0,0,0,0,0,0,0,0,0,5,84,5.5,0,1,7,2015,PHI,RCB,38,2
135876,4238,ER-0475,2,3,0,0,0,0,0,0,0,0,0,0,0,84,3.5,0,1,1,2015,PHI,LCB,32,1
135877,4238,MH-3720,1,1,0,0,0,0,0,0,0,0,0,0,0,27,1.5,0,1,3,2015,NYG,RDT,79,2
135878,4238,TH-0825,1,1,0,0,0,0,0,0,0,0,0,0,0,15,1.5,0,1,2,2015,PHI,RDE,97,2
135879,4238,DR-2800,1,1,0,0,0,0,0,0,0,0,0,0,0,63,1.5,0,2,8,2015,NYG,LCB,41,1
135880,4238,PA-0300,2,2,0,0,0,0,0,0,0,0,0,0,0,66,3,0,2,5,2015,NYG,RCB,20,2
135881,4238,BG-1200,2,2,0,0,0,0,0,0,0,0,0,0,0,46,3,0,1,6,2015,PHI,ROLB,55,1
135882,4238,TM-1200,2,1,0,0,0,0,0,0,0,0,0,0,0,24,2.5,0,1,9,2015,NYG,LCB,38,3
135883,4238,JB-5700,5,4,0,0,0,0,0,0,1,0,0,0,0,64,9,0,2,7,2015,NYG,MLB,53,1
135884,4238,CM-0200,2,0,0,0,0,0,0,0,0,0,0,0,0,4,2,0,1,6,2015,PHI,S,42,2
135885,4238,BB-0400,0,1,0,0,0,0,0,0,0,0,0,0,0,2,0.5,0,1,5,2015,PHI,RDE,93,3
135886,4238,VC-0400,1,1,0,0,0,0,0,0,0,0,0,0,0,44,1.5,0,1,4,2015,PHI,LDE,75,2
135887,4239,HJ-0400,7,0,0,0,0,0,0,0,0,0,0,0,0,64,7,0,2,1,2015,CHI,SS,29,1
135888,4239,JT-2850,8,0,0,0,0,0,0,0,0,0,0,0,0,65,8,0,2,1,2015,CHI,RILB,53,3
135889,4239,TP-2000,6,0,0,0,0,0,1,0,0,0,0,0,0,64,7,0,2,8,2015,CHI,LCB,21,1
135890,4239,CJ-2175,4,1,1,0,0,0,0,0,0,0,0,0,0,42,6.5,1,2,2,2015,CHI,RILB,59,1
135891,4239,DT-0100,1,2,0,0,0,0,0,0,0,0,0,0,0,22,2,0,2,10,2015,DET,LDE,52,2
135892,4239,ST-1200,7,1,0,0,0,0,0,0,0,0,0,0,0,38,7.5,0,2,10,2015,DET,MLB,55,1
135893,4239,TW-1750,4,2,0,0,0,1,0,0,0,0,0,0,0,50,7,2,2,4,2015,DET,OLB,59,1
135894,4239,EA-0550,3,0,1,0,0,0,1,0,0,0,0,0,5,38,6,1,2,3,2015,DET,RDE,94,1
135895,4239,DT-0150,3,1,1,0,0,0,0,0,0,0,0,0,0,30,5.5,1,2,3,2015,DET,RDE,98,2
135896,4239,DS-2250,3,0,0,0,0,0,0,0,0,0,0,0,0,50,3,0,2,3,2015,DET,LCB,23,1
135897,4239,JB-8700,2,0,0,0,0,0,0,0,0,0,0,0,0,36,2,0,2,5,2015,DET,OLB,57,1
135898,4239,JC-5700,2,0,0,0,0,0,0,0,0,0,0,0,0,10,2,0,1,6,2015,DET,RDT,63,2
135899,4239,IA-0100,1,0,0,0,0,0,0,0,0,0,0,0,0,11,1,0,2,5,2015,DET,FS,42,2
135900,4239,NL-0250,2,0,0,0,0,0,1,0,0,0,0,0,0,52,3,0,2,2,2015,DET,RCB,24,1
135901,4239,JI-0200,5,0,0,0,0,1,0,0,0,0,0,0,0,40,7,2,1,9,2015,DET,SS,32,1
135902,4239,GS-0750,3,0,1,0,0,0,0,0,0,0,0,0,0,17,5,1,1,4,2015,CHI,DE,90,3
135903,4239,SM-2300,0,0,0,0,0,0,0,0,0,0,0,0,15,0,0,0,1,6,2015,CHI,LCB,27,3
135904,4239,CR-0650,3,0,0,0,0,0,0,0,0,0,0,0,0,37,3,0,1,2,2015,DET,LDT,97,1
135905,4239,KF-0500,5,0,0,0,0,0,0,0,0,0,0,0,0,65,5,0,2,2,2015,CHI,RCB,23,1
135906,4239,LH-1900,3,0,1,0,0,0,0,0,0,0,0,0,0,38,5,1,2,6,2015,CHI,ROLB,99,2
135907,4239,AB-0200,0,0,0,0,0,0,1,0,0,0,0,0,0,1,1,0,1,9,2015,CHI,LCB,24,2
135908,4239,KV-0075,1,0,0,0,0,0,0,0,0,0,0,0,0,2,1,0,1,2,2015,DET,OLB,53,2
135909,4239,WS-0950,2,0,0,0,0,0,0,0,0,0,0,0,0,44,2,0,2,2,2015,CHI,DE,93,1
135910,4239,BC-0150,3,0,1,0,0,0,0,0,0,0,0,0,0,51,5,1,1,1,2015,CHI,NCB,37,1
135911,4239,QD-0300,2,0,0,0,0,0,0,0,0,0,0,0,0,33,2,0,2,1,2015,DET,LCB,28,1
135912,4239,CW-3100,1,0,1,0,0,0,0,0,0,0,0,0,0,13,3,1,2,6,2015,DET,LDT,78,3
135913,4239,AA-0543,0,1,0,0,0,0,0,0,0,0,0,0,0,65,0.5,0,2,1,2015,CHI,FS,38,1
135914,4239,SA-0100,1,0,0,0,0,0,0,0,0,0,0,0,0,19,1,0,2,5,2015,CHI,ROLB,49,1
135915,4239,PM-0500,1,0,0,0,0,0,0,0,0,0,0,0,0,27,1,0,2,5,2015,CHI,LOLB,92,1
135916,4239,HN-0300,1,0,1,0,0,0,0,0,0,0,0,0,0,44,3,1,2,10,2015,DET,RDT,92,1
135917,4239,GQ-0100,0,0,0,0,0,1,0,0,0,0,0,0,0,52,2,2,2,7,2015,DET,FS,27,1
135918,4240,CL-1300,2,1,0,0,0,0,0,0,0,0,0,0,0,21,2.5,0,1,8,2015,OAK,MLB,50,1
135919,4240,CW-3700,6,1,0,0,0,0,0,0,0,0,0,0,0,65,6.5,0,1,18,2015,OAK,S,24,1
135920,4240,JE-0450,3,0,0,0,0,0,0,0,0,0,0,0,0,42,3,0,1,2,2015,OAK,NT,78,1
135921,4240,DW-3200,1,1,0,0,0,0,0,0,0,0,0,0,5,40,1.5,0,1,6,2015,OAK,LDT,90,1
135922,4240,MS-2400,3,2,0,0,0,0,0,0,0,0,0,0,0,65,4,0,1,5,2015,OAK,WLB,53,1
135923,4240,JM-1600,1,1,0,0,0,0,0,0,0,0,0,0,0,16,1.5,0,1,7,2015,KC,RILB,90,1
135924,4240,DJ-1500,8,2,0,0,0,0,1,0,0,0,0,0,11,57,10,0,1,11,2015,KC,LILB,56,1
135925,4240,SS-1700,4,2,0,0,0,0,0,0,0,0,0,0,0,57,5,0,1,7,2015,KC,RCB,21,1
135926,4240,DP-1450,1,0,0,0,0,0,0,0,0,0,0,0,0,36,1,0,1,4,2015,KC,NT,92,2
135927,4240,JH-5550,2,1,1,0,0,0,0,0,0,0,0,0,0,33,4.5,1,1,4,2015,KC,NT,96,1
135928,4240,RP-0200,5,1,1,0,0,1,0,0,1,0,0,0,29,57,11.5,3,1,5,2015,KC,SS,38,1
135929,4240,KM-0050,7,3,0,0,0,0,0,0,0,0,0,0,15,65,8.5,0,1,2,2015,OAK,LDE,52,1
135930,4240,BH-1110,4,0,0,0,0,0,0,0,0,0,0,0,0,41,4,0,1,1,2015,OAK,MLB,51,2
135931,4240,TC-0385,5,0,0,0,0,1,0,0,0,0,0,0,0,65,7,2,1,2,2015,OAK,CB,38,1
135932,4240,SH-0150,2,1,1,0,0,0,0,0,0,0,0,0,0,18,4.5,1,1,2,2015,OAK,LDE,75,3
135933,4240,DF-1350,2,1,1,0,0,0,0,0,0,0,0,0,0,51,4.5,1,1,2,2015,KC,ROLB,55,2
135934,4240,TB-2400,4,0,1,0,0,0,1,0,0,0,2,0,0,47,7,1,1,8,2015,KC,SS,27,2
135935,4240,AB-0100,2,0,0,0,0,0,0,0,0,0,0,0,0,27,2,0,1,5,2015,KC,RDE,97,1
135936,4240,DA-2050,1,0,0,0,0,0,0,0,0,0,0,0,5,42,1,0,1,2,2015,OAK,RDE,96,1
135937,4240,DA-0950,2,0,0,0,0,1,0,0,0,1,0,0,24,65,10,8,1,3,2015,OAK,RCB,29,1
135938,4240,TM-1000,2,1,0,0,0,0,0,0,0,0,0,0,0,35,2.5,0,1,6,2015,OAK,S,27,2
135939,4240,LA-0200,3,1,0,0,0,0,0,0,0,0,0,0,0,26,3.5,0,1,11,2015,OAK,SLB,56,1
135940,4240,MP-0950,1,0,0,0,0,0,1,0,0,0,0,0,0,57,2,0,1,1,2015,KC,LCB,22,1
135941,4240,FZ-0100,2,1,1,0,0,0,0,0,1,0,0,0,0,34,6.5,1,1,6,2015,KC,LOLB,51,2
135942,4240,TH-0200,1,0,0,0,0,0,0,0,0,0,0,0,0,14,1,0,1,10,2015,KC,ROLB,91,1
135943,4240,DS-3162,1,1,0,0,0,0,0,0,0,0,0,0,0,38,1.5,0,1,2,2015,KC,FS,49,3
135944,4240,BM-0750,1,0,0,0,0,0,0,0,0,0,0,0,0,36,1,0,1,3,2015,OAK,LDE,95,2
135945,4240,DA-0350,0,0,0,0,1,0,0,0,0,0,0,0,0,2,2,2,1,1,2015,KC,LILB,57,2
135946,4240,DH-2150,1,0,0,0,0,0,0,0,0,0,0,0,0,25,1,0,1,3,2015,OAK,LCB,25,1
135947,4240,MD-0300,1,0,1,0,0,0,0,0,0,0,0,0,0,17,3,1,1,9,2015,KC,LDE,70,1
135948,4240,SM-1650,1,1,0,0,0,0,0,0,0,0,0,0,0,29,1.5,0,1,3,2015,OAK,NT,92,2
135949,4241,GD-0600,2,0,0,0,0,0,0,0,0,0,0,0,0,4,2,0,1,2,2015,SD,LCB,33,2
135950,4241,SW-1750,2,0,0,0,0,0,0,0,0,0,0,0,5,38,2,0,2,3,2015,DEN,NT,92,1
135951,4241,TW-0600,3,0,0,0,0,0,1,0,0,0,0,0,0,64,4,0,2,6,2015,DEN,SS,43,1
135952,4241,DS-4300,4,0,0,0,0,0,1,0,0,0,0,0,0,18,5,0,2,6,2015,DEN,FS,26,1
135953,4241,TD-0725,5,0,0,0,0,0,0,0,0,0,0,0,0,35,5,0,1,2,2015,DEN,ILB,51,2
135954,4241,JB-8150,2,0,0,0,0,0,0,0,0,0,0,0,0,48,2,0,2,4,2015,DEN,FS,20,3
135955,4241,VW-0100,3,0,0,0,0,0,0,0,0,0,0,0,0,22,3,0,2,7,2015,DEN,LDE,96,2
135956,4241,MI-0150,3,0,1,0,0,0,2,0,0,0,0,0,5,63,7,1,1,4,2015,SD,ROLB,54,1
135957,4241,DP-1250,6,0,0,0,0,0,0,0,0,0,0,0,0,57,6,0,1,1,2015,SD,RILB,52,2
135958,4241,AP-1050,2,1,0,0,0,1,0,0,0,0,0,0,0,60,4.5,2,1,2,2015,SD,FS,31,1
135959,4241,MT-0350,7,2,0,0,0,0,0,0,1,0,0,0,0,64,10,0,1,3,2015,SD,LILB,50,1
135960,4241,SW-1720,5,1,1,0,0,1,0,1,2,0,0,0,0,60,15.5,5,1,3,2015,SD,LCB,23,1
135961,4241,DT-1950,8,2,0,0,0,0,0,0,0,0,0,0,0,66,9,0,2,4,2015,DEN,ILB,59,1
135962,4241,DW-4250,3,0,1,0,0,0,0,0,0,0,0,0,0,57,5,1,2,4,2015,DEN,LDE,95,1
135963,4241,PR-0400,2,0,0,0,0,0,1,0,0,0,0,0,0,12,3,0,1,6,2015,SD,RCB,26,2
135964,4241,JA-0280,5,2,0,0,0,0,0,1,0,0,0,0,0,66,8,2,1,3,2015,SD,SS,37,1
135965,4241,MJ-0030,2,0,0,0,0,0,0,0,0,0,0,0,0,60,2,0,2,4,2015,DEN,RDE,97,1
135966,4241,DS-3350,2,0,0,0,0,0,0,1,0,0,0,0,5,36,4,2,1,3,2015,SD,DT,71,2
135967,4241,BR-1050,2,0,0,0,0,0,2,0,0,0,0,0,0,39,4,0,2,2,2015,DEN,RCB,29,1
135968,4241,KR-0460,2,0,0,0,0,0,0,0,0,0,0,0,0,46,2,0,1,4,2015,SD,LDE,91,1
135969,4241,JA-2825,2,0,0,0,0,0,0,0,0,0,0,0,0,45,2,0,1,2,2015,SD,LOLB,97,1
135970,4241,KE-0550,1,0,0,0,0,0,0,0,0,0,0,0,0,14,1,0,1,1,2015,SD,ROLB,51,2
135971,4241,DP-1275,1,0,0,0,0,0,0,0,0,0,0,0,0,21,1,0,1,1,2015,SD,LDE,93,3
135972,4241,CN-0450,1,1,0,0,0,0,0,0,0,0,0,0,5,14,1.5,0,1,2,2015,DEN,ILB,52,2
135973,4241,DW-1100,1,1,1,0,0,0,0,0,0,0,0,0,5,27,3.5,1,2,11,2015,DEN,WLB,94,1
135974,4241,SR-0250,2,1,0,0,0,0,0,0,0,0,0,0,0,31,2.5,0,2,1,2015,DEN,WLB,56,2
135975,4241,AT-0100,4,1,0,0,0,0,0,0,0,0,0,0,0,72,4.5,0,2,8,2015,DEN,LCB,21,1
135976,4241,CV-0200,1,0,0,0,0,0,1,0,0,0,17,0,0,40,2,0,1,6,2015,SD,LCB,20,3
135977,4241,VM-0300,1,0,1,0,0,0,0,0,0,0,0,0,0,46,3,1,2,5,2015,DEN,SLB,58,1
135978,4241,DB-6300,1,0,0,0,0,0,0,0,0,0,0,0,0,8,1,0,1,6,2015,SD,RILB,56,1
135979,4241,SB-0225,2,0,0,0,0,0,0,0,1,0,0,0,0,33,4,0,2,2,2015,DEN,SLB,48,2
135980,4241,KW-0850,1,0,0,0,0,0,1,0,0,0,0,0,0,0,2,0,1,3,2015,DEN,LCB,36,2
135981,4241,CL-0325,1,0,0,0,0,0,0,0,0,0,0,0,0,5,1,0,1,4,2015,SD,LOLB,99,2
135982,4241,CH-1500,1,0,0,0,0,0,1,0,0,0,0,0,0,71,2,0,2,5,2015,DEN,RCB,25,1
135983,4241,MD-0030,0,0,0,0,0,0,0,1,0,0,0,0,0,0,2,2,1,4,2015,DEN,SS,30,2
135984,4241,SK-0200,0,0,0,0,0,1,0,0,0,0,0,0,0,21,2,2,2,5,2015,DEN,SS,33,2
135985,4241,LM-1020,0,0,0,0,0,0,0,0,0,0,0,0,5,7,0,0,1,3,2015,DEN,SLB,55,3
135986,4241,CM-0150,1,0,0,0,0,0,0,0,0,0,0,0,0,66,1,0,1,1,2015,SD,RCB,29,3
135987,4242,RS-1000,3,0,0,0,0,0,2,0,0,0,0,0,25,45,5,0,2,5,2015,SEA,LCB,25,1
135988,4242,BW-0150,2,0,0,0,0,0,0,0,0,0,0,0,0,45,2,0,2,4,2015,SEA,MLB,54,1
135989,4242,KW-2500,5,1,0,0,0,0,0,0,0,0,0,0,0,45,5.5,0,2,5,2015,SEA,ROLB,50,1
135990,4242,DB-5450,7,1,0,0,0,0,0,0,0,0,0,0,0,72,7.5,0,2,2,2015,ARI,RILB,20,1
135991,4242,TJ-0950,6,1,0,0,0,0,0,0,0,0,0,0,0,72,6.5,0,2,3,2015,ARI,FS,22,1
135992,4242,KM-1950,4,1,0,0,0,0,1,0,0,0,0,0,0,61,5.5,0,2,3,2015,ARI,LILB,51,1
135993,4242,CC-0200,2,0,0,0,0,0,0,0,0,0,0,0,5,47,2,0,2,8,2015,ARI,LDE,93,1
135994,4242,JB-3350,5,2,0,0,0,0,1,0,0,0,0,0,0,53,7,0,2,4,2015,ARI,RCB,28,2
135995,4242,RJ-0900,2,1,0,0,0,0,0,0,0,0,0,0,0,39,2.5,0,1,7,2015,ARI,SS,26,1
135996,4242,PP-0400,1,0,0,0,0,0,0,0,0,0,0,0,0,47,1,0,2,5,2015,ARI,LCB,21,1
135997,4242,FC-0150,1,0,0,0,0,0,0,0,0,0,0,0,0,22,1,0,1,1,2015,SEA,LDE,55,2
135998,4242,JL-0230,1,0,0,0,0,1,1,0,0,0,0,0,0,34,4,2,2,4,2015,SEA,RCB,20,1
135999,4242,JP-4100,3,0,0,0,0,0,1,0,0,0,0,0,0,69,4,0,2,7,2015,ARI,RCB,25,1
136000,4242,MB-1900,1,1,0.5,0,0,0,0,0,0,0,0,0,0,41,2.5,0.5,2,7,2015,SEA,LDE,72,1
136001,4242,DS-1730,1,0,0,0,0,1,0,0,0,0,0,0,0,49,3,2,2,4,2015,SEA,SS,35,2
136002,4242,AR-2000,2,0,0,0,0,0,0,0,0,0,0,0,30,13,2,0,2,8,2015,SEA,LDT,77,1
136003,4242,BM-1800,1,0,0,0,0,0,0,0,0,0,0,0,0,22,1,0,2,9,2015,SEA,RDT,92,1
136004,4242,BI-0150,1,0,0,0,0,0,1,0,0,0,0,0,0,47,2,0,2,4,2015,SEA,LOLB,51,1
136005,4242,AO-0370,3,0,0,0,0,0,0,0,0,0,0,0,0,64,3,0,2,3,2015,ARI,WLB,57,1
136006,4242,FR-0200,1,0,0,0,0,0,0,0,0,0,0,0,0,38,1,0,2,10,2015,ARI,RDT,92,1
136007,4242,RB-4300,0,1,0,0,0,0,0,0,0,0,0,0,0,27,0.5,0,2,8,2015,ARI,LDE,71,3
136008,4242,RG-2375,7,0,0,0,0,0,0,0,0,0,0,0,5,34,7,0,2,1,2015,ARI,NT,95,1
136009,4242,JH-4050,2,0,0,0,0,0,0,0,0,0,0,0,0,22,2,0,1,3,2015,SEA,RDT,97,2
136010,4242,KM-1050,2,1,0,0,0,0,0,0,0,0,0,0,0,58,2.5,0,2,4,2015,SEA,SS,33,3
136011,4242,CA-1300,1,1,1.5,0,0,0,2,0,0,0,0,0,0,41,6.5,1.5,2,8,2015,SEA,RDE,56,1
136012,4242,KM-0425,1,0,0,0,0,0,0,0,0,0,0,0,0,44,1,0,2,2,2015,ARI,WLB,96,3
136013,4242,AF-1500,0,0,0,0,0,0,0,0,0,0,0,0,15,0,0,0,1,1,2015,ARI,RILB,59,2
136014,4242,DS-5150,3,0,0,0,0,0,0,0,0,0,0,0,0,35,3,0,2,3,2015,ARI,SS,36,2
136015,4242,ET-0200,0,0,0,0,0,1,0,0,0,0,0,0,0,45,2,2,2,6,2015,SEA,FS,29,1
136016,4242,ES-1475,3,0,0,0,0,0,0,0,0,0,0,0,0,37,3,0,1,2,2015,ARI,RDT,72,3
136017,4242,DF-1900,1,0,1,0,0,0,0,0,0,0,0,0,0,21,3,1,2,14,2015,ARI,SLB,54,1
136018,4242,CC-2500,0,1,0,0,0,0,0,0,0,0,0,0,0,18,0.5,0,2,7,2015,ARI,FS,29,2
136019,4242,SW-0700,1,0,0,0,0,0,0,0,0,0,0,0,0,12,1,0,1,6,2015,ARI,LILB,55,2
136020,4242,DD-1800,1,0,0,0,0,0,0,0,0,0,0,0,0,19,1,0,1,5,2015,SEA,LDE,95,3
136021,4242,MB-5050,1,0,0,0,0,0,0,0,0,0,0,0,0,19,1,0,1,3,2015,SEA,LCB,28,2
136022,4242,BC-2750,2,1,0,0,0,0,0,0,0,0,0,0,0,13,2.5,0,1,2,2015,SEA,MLB,52,3
136023,4242,MM-5200,1,1,0,0,0,0,0,0,0,0,0,0,0,14,1.5,0,1,5,2015,SEA,LOLB,57,2
136024,4242,ST-0350,1,0,0,0,0,0,1,0,0,0,0,0,0,14,2,0,1,3,2015,SEA,FS,23,2
136025,4243,CL-1850,0,0,0,0,0,0,0,0,0,0,0,0,10,0,0,0,1,1,2015,STL,OLB,50,2
136026,4243,JW-0750,9,1,0,0,0,0,1,0,0,0,0,0,0,71,10.5,0,2,2,2015,SF,FS,25,2
136027,4243,AB-3100,1,0,0,0,0,0,0,0,0,0,0,0,15,33,1,0,2,10,2015,SF,LOLB,55,1
136028,4243,NB-0400,9,0,0,0,0,0,0,0,1,0,0,0,0,70,11,0,2,6,2015,SF,RILB,53,1
136029,4243,DJ-1750,6,1,0,0,1,0,0,0,0,0,0,0,0,71,8.5,2,2,2,2015,SF,LCB,36,2
136030,4243,DB-0975,0,0,0,0,0,0,0,0,0,0,0,0,30,0,0,0,1,3,2015,STL,MLB,53,2
136031,4243,MB-0650,0,11,0,0,0,0,0,0,0,0,0,0,0,81,5.5,0,2,4,2015,STL,OLB,26,1
136032,4243,JJ-1550,5,1,0,0,0,0,0,0,0,0,0,0,0,81,5.5,0,2,4,2015,STL,RCB,21,1
136033,4243,TB-2700,1,0,0,0,0,0,0,0,0,0,0,0,0,71,1,0,2,6,2015,SF,LCB,26,1
136034,4243,KR-0325,2,1,0,0,0,0,0,0,0,0,0,0,0,41,2.5,0,1,2,2015,SF,RCB,27,2
136035,4243,AD-1475,2,0,0,0,0,0,1,0,0,0,0,0,20,73,3,0,2,2,2015,STL,LDT,99,1
136036,4243,MA-0450,7,0,0,0,0,0,0,0,0,0,0,0,0,81,7,0,2,2,2015,STL,S,31,2
136037,4243,MB-3650,1,0,0,0,0,0,0,0,0,0,0,0,0,54,1,0,2,4,2015,STL,RDT,90,1
136038,4243,TJ-2250,9,1,0,0,0,0,1,0,0,0,0,0,5,81,10.5,0,2,4,2015,STL,LCB,22,1
136039,4243,GH-1050,9,4,0,0,0,0,0,0,0,0,0,0,0,61,11,0,2,3,2015,SF,LILB,51,1
136040,4243,AA-1900,2,1,0,0,0,0,0,0,0,0,0,0,0,36,2.5,0,2,5,2015,STL,OLB,56,1
136041,4243,RM-3050,5,1,0,0,0,0,1,0,0,0,0,0,0,81,6.5,0,2,4,2015,STL,FS,23,1
136042,4243,LJ-1800,6,1,0,0,0,0,0,0,0,0,0,0,0,50,6.5,0,2,2,2015,STL,LCB,20,2
136043,4243,EW-0550,1,1,0,0,0,0,0,0,0,0,0,0,0,29,1.5,0,1,2,2015,STL,RDT,93,2
136044,4243,MP-2550,2,1,0,0,0,0,0,0,0,0,0,0,0,52,2.5,0,2,3,2015,SF,NT,64,2
136045,4243,TJ-1050,0,2,0,0,0,0,0,0,0,0,0,0,0,29,1,0,2,4,2015,SF,LDT,63,1
136046,4243,ER-0150,1,1,0,0,0,0,2,0,0,0,0,0,0,71,3.5,0,2,3,2015,SF,FS,35,1
136047,4243,AL-1200,1,1,0,0,0,0,0,0,0,0,0,0,0,62,1.5,0,2,2,2015,SF,ROLB,59,1
136048,4243,EH-0150,2,1,0,0,0,0,0,0,0,0,0,0,0,31,2.5,0,2,1,2015,SF,ROLB,58,2
136049,4243,ES-0800,2,0,0,0,0,1,0,0,0,0,0,0,0,56,4,2,2,6,2015,STL,RDE,97,1
136050,4243,KA-0150,0,0,0,0,0,0,0,0,0,0,0,0,5,0,0,0,2,2,2015,SF,RCB,20,1
136051,4243,WH-0300,5,0,0,0,0,0,0,0,0,0,0,0,15,47,5,0,2,8,2015,STL,LDE,95,2
136052,4243,ML-2325,1,0,0,0,0,0,0,0,0,0,0,0,0,25,1,0,1,1,2015,STL,LDE,92,3
136053,4243,MC-2950,1,0,0,0,0,0,1,0,0,0,0,0,0,0,2,0,1,3,2015,SF,RCB,47,3
136054,4243,IW-0100,0,1,0,0,0,0,0,0,0,0,0,0,5,47,0.5,0,2,5,2015,SF,NT,93,1
136055,4243,TC-0370,1,2,0,0,0,0,0,0,0,0,0,0,0,16,2,0,1,3,2015,SF,RDT,95,2
136056,4243,JL-0600,0,1,0,0,0,0,0,0,0,0,0,0,0,81,0.5,0,2,7,2015,STL,MLB,55,1
136057,4243,AA-0562,1,0,0,0,0,0,0,0,0,0,0,0,0,44,1,0,2,1,2015,SF,LDT,69,2
136058,4243,CL-1400,1,0,1,0,0,0,0,0,0,0,0,0,0,34,3,1,2,8,2015,STL,LDE,91,1
136059,4244,LD-0150,4,8,1,0,0,0,0,2,1,0,0,0,0,64,16,5,2,4,2015,TB,WLB,54,1
136060,4244,AV-0300,1,2,0,0,0,0,0,0,1,0,0,0,0,32,4,0,2,6,2015,TB,RCB,21,2
136061,4244,TM-1700,1,3,1,0,0,0,0,0,0,0,0,0,0,40,4.5,1,2,10,2015,TB,RDT,77,1
136062,4244,BC-0600,5,7,1,0,0,0,0,0,0,0,0,0,0,64,10.5,1,2,5,2015,TB,MLB,50,1
136063,4244,HJ-0300,0,2,0,0,0,0,0,0,0,0,0,0,0,16,1,0,1,2,2015,TB,RDE,95,2
136064,4244,BM-1250,2,3,0,0,0,0,0,0,0,0,0,0,20,62,3.5,0,2,3,2015,TB,FS,30,1
136065,4244,MJ-0900,0,0,0,0,0,0,1,0,0,0,0,0,0,27,1,0,2,8,2015,TB,LCB,24,2
136066,4244,GJ-0800,0,1,0,0,0,0,0,0,0,0,0,0,0,44,0.5,0,2,6,2015,TB,LDE,94,2
136067,4244,SM-3000,0,1,0,0,0,0,0,0,0,0,0,0,0,15,0.5,0,2,5,2015,TB,LCB,26,1
136068,4244,KT-0150,3,8,1,0,0,0,0,0,0,0,0,0,0,63,9,1,2,4,2015,TB,SS,37,1
136069,4244,KS-0850,0,2,0,0,0,0,0,0,0,0,0,0,5,32,1,0,2,3,2015,CAR,NT,99,1
136070,4244,ST-0550,3,4,0,0,0,0,1,0,0,0,0,0,0,39,6,0,2,1,2015,CAR,SLB,54,1
136071,4244,TB-1850,2,3,0,0,0,0,0,0,0,0,0,0,0,74,3.5,0,1,2,2015,CAR,FS,33,2
136072,4244,TD-0700,3,2,0,0,0,1,0,0,0,0,0,0,0,57,6,2,2,11,2015,CAR,WLB,58,1
136073,4244,CT-1500,2,1,0,0,0,0,0,0,0,0,0,0,0,39,2.5,0,2,13,2015,CAR,LCB,31,1
136074,4244,LK-0600,4,5,0,0,0,0,1,0,0,0,0,0,0,55,7.5,0,2,4,2015,CAR,MLB,59,1
136075,4244,CF-0500,4,1,0,0,0,0,1,0,0,0,0,0,0,51,5.5,0,2,10,2015,CAR,RCB,26,3
136076,4244,RM-1900,4,3,0,0,0,1,0,0,0,0,5,0,0,35,7.5,2,1,6,2015,CAR,LCB,27,2
136077,4244,JB-1250,2,1,0,0,0,0,0,0,0,0,0,0,0,53,2.5,0,2,3,2015,TB,RCB,27,3
136078,4244,DL-0400,0,1,0,0,0,0,1,0,0,0,0,0,0,7,1.5,0,1,8,2015,TB,SLB,51,1
136079,4244,KE-0050,3,0,0,0,0,0,0,0,0,0,0,0,0,41,3,0,1,2,2015,CAR,LDE,94,2
136080,4244,WG-0550,3,0,0,0,0,0,0,0,0,0,0,0,0,45,3,0,2,3,2015,TB,LDE,92,1
136081,4244,JA-0350,2,0,0,0,0,0,0,0,0,0,0,0,0,35,2,0,1,1,2015,TB,RCB,38,1
136082,4244,GM-0500,1,1,0,0,0,0,0,0,0,0,0,0,5,50,1.5,0,2,6,2015,TB,LDT,93,1
136083,4244,JK-1025,1,3,0,0,0,0,0,0,0,0,0,0,0,23,2.5,0,1,1,2015,TB,SLB,57,2
136084,4244,JA-0900,3,2,0,0,0,0,0,0,0,0,0,0,0,46,4,0,1,12,2015,CAR,RDE,69,1
136085,4244,DB-3400,0,2,0,0,0,0,0,0,0,0,0,0,0,16,1,0,2,5,2015,TB,LDT,91,3
136086,4244,JS-4037,0,1,0,0,0,0,0,0,0,0,0,0,0,23,0.5,0,2,4,2015,TB,RDE,56,1
136087,4244,HM-0100,0,2,0,0,0,0,0,0,0,0,0,0,0,22,1,0,2,7,2015,TB,LDT,90,2
136088,4244,CJ-1300,0,1,0,0,0,0,0,0,0,0,0,0,0,51,0.5,0,2,9,2015,CAR,LDE,95,1
136089,4244,SL-0950,1,0,0,0,0,0,0,0,0,0,0,0,0,41,1,0,2,3,2015,CAR,LDT,98,1
136090,4244,JN-1750,2,0,0,0,0,0,1,0,0,0,0,0,10,72,3,0,2,4,2015,CAR,RCB,24,1
136091,4244,DE-0500,1,0,0,0,0,0,0,0,0,0,0,0,0,31,1,0,2,12,2015,CAR,NT,92,2
136092,4244,MA-0300,1,0,1,0,0,0,0,0,0,0,0,0,0,31,3,1,2,5,2015,CAR,LDE,97,3
136093,4244,TW-2250,0,0,0,0,0,0,0,0,1,0,0,0,0,0,2,0,1,6,2015,CAR,RCB,21,2
136094,4244,RH-0700,1,1,0,0,0,0,0,0,0,0,0,0,0,72,1.5,0,2,10,2015,CAR,SS,41,1
136095,4244,BJ-0500,3,1,0,0,0,0,0,0,0,0,0,0,0,17,3.5,0,1,5,2015,CAR,MLB,53,2
136096,4244,KL-1400,1,0,1,0,0,0,0,0,0,0,0,0,0,24,3,1,1,6,2015,CAR,LDT,61,2
136097,4245,MP-0875,1,1,0,0,0,0,0,0,0,0,0,0,5,22,1.5,0,2,2,2015,GB,NT,64,2
136098,4245,MB-5100,5,3,0,0,0,0,0,0,0,0,0,0,0,48,6.5,0,2,6,2015,GB,SS,42,1
136099,4245,CM-0900,2,1,1,0,0,0,0,0,0,0,0,0,9,48,4.5,1,1,7,2015,GB,LOLB,52,1
136100,4245,JT-1650,2,0,0,0,0,0,0,0,0,0,0,0,0,9,2,0,2,2,2015,GB,LILB,48,3
136101,4245,AM-3050,1,0,0,0,0,0,0,0,0,0,0,0,0,0,1,0,1,3,2015,GB,ROLB,55,3
136102,4245,HC-0050,3,1,1,0,0,0,0,0,0,0,0,0,0,48,5.5,1,2,2,2015,GB,FS,21,1
136103,4245,SF-0150,3,4,1,0,0,0,0,0,0,0,0,0,5,55,7,1,1,3,2015,MIN,DT,73,1
136104,4245,HS-0130,2,3,0.5,0,0,0,0,0,0,0,0,0,0,79,4.5,0.5,2,4,2015,MIN,FS,22,1
136105,4245,TJ-1750,1,2,0.5,0,0,0,0,0,0,0,0,0,5,72,3,0.5,2,1,2015,MIN,DT,92,2
136106,4245,AS-0600,7,6,0,0,0,0,0,0,0,0,0,0,0,78,10,0,2,6,2015,MIN,SS,34,1
136107,4245,CG-2400,6,1,0,0,0,0,0,0,0,0,0,0,0,28,6.5,0,2,10,2015,MIN,WLB,52,1
136108,4245,EG-0900,4,2,2,0,0,0,0,0,1,0,0,0,0,68,11,2,2,6,2015,MIN,RDE,97,1
136109,4245,EK-0250,5,4,0,0,0,0,0,0,0,0,0,0,0,79,7,0,2,1,2015,MIN,MLB,54,1
136110,4245,JR-3650,3,3,0,0,0,0,0,0,0,0,0,0,0,39,4.5,0,2,1,2015,GB,MLB,47,1
136111,4245,LG-0900,1,2,0,0,0,0,0,0,0,0,0,0,0,21,2,0,2,8,2015,GB,LDE,98,1
136112,4245,MD-0060,0,4,0,0,0,0,1,0,0,0,0,0,0,36,3,0,2,4,2015,GB,DT,76,1
136113,4245,MH-4000,1,0,0,0,0,1,0,1,0,0,15,0,0,17,5,4,2,3,2015,GB,FS,33,2
136114,4245,MS-1300,0,0,0,0,0,0,0,0,0,0,24,0,0,0,0,0,2,6,2015,MIN,RCB,35,1
136115,4245,DJ-2350,2,0,0,0,0,0,0,0,0,0,0,0,0,12,2,0,2,3,2015,GB,LDE,95,2
136116,4245,BR-0100,0,1,0,0,0,0,0,0,0,0,0,0,5,26,0.5,0,1,7,2015,GB,NT,90,1
136117,4245,JP-2000,1,1,1,0,0,0,0,0,0,0,0,0,0,33,3.5,1,2,14,2015,GB,ROLB,56,1
136118,4245,KE-0300,1,2,0,0,0,0,0,0,0,0,0,0,0,8,2,0,1,5,2015,MIN,NT,72,2
136119,4245,AB-0650,2,3,1,0,0,0,1,0,0,0,0,0,0,76,6.5,1,2,2,2015,MIN,SLB,55,1
136120,4245,DR-0450,2,1,0,0,0,0,0,0,0,0,0,0,0,34,2.5,0,2,1,2015,GB,LCB,23,2
136121,4245,NP-0130,2,1,0,0,0,0,0,0,0,0,0,0,0,21,2.5,0,2,4,2015,GB,ROLB,53,2
136122,4245,MN-0300,2,0,0,0,0,0,0,0,0,0,0,0,0,34,2,0,2,6,2015,GB,LOLB,96,2
136123,4245,DH-4650,1,0,0,0,0,0,0,0,0,0,0,0,0,47,1,0,2,1,2015,MIN,RDE,99,2
136124,4245,TN-0400,4,2,0,0,0,0,0,0,0,0,0,0,12,79,5,0,2,13,2015,MIN,LCB,30,1
136125,4245,CH-2250,0,1,0,0,0,0,0,0,0,0,0,0,0,48,0.5,0,2,4,2015,GB,LCB,29,1
136126,4245,ER-0350,0,0,0,0,0,0,0,0,0,0,0,0,10,0,0,0,2,1,2015,MIN,SLB,40,2
136127,4245,CM-3400,3,1,0,0,0,0,1,1,0,1,0,0,0,54,12.5,8,2,7,2015,MIN,RCB,24,2
136128,4245,XR-0100,3,0,0,0,0,1,0,0,0,0,0,0,0,79,5,2,2,3,2015,MIN,RCB,29,1
136129,4246,AB-0100,2,2,2,0,0,0,0,0,2,0,0,0,0,37,11,2,2,5,2015,KC,RDE,97,1
136130,4246,DJ-1500,2,4,0,0,0,0,0,0,0,0,0,0,0,61,4,0,2,11,2015,KC,LILB,56,1
136131,4246,JF-2050,0,0,0,0,0,0,0,0,0,0,0,0,10,3,0,0,1,4,2015,KC,RCB,30,2
136132,4246,BC-3100,8,5,0,0,0,1,0,0,0,0,0,0,0,58,12.5,2,2,7,2015,HOU,LILB,56,1
136133,4246,KJ-0100,5,2,0,0,0,0,1,0,0,0,0,0,0,58,7,0,2,6,2015,HOU,LCB,25,1
136134,4246,JJ-5000,1,1,0,0,0,0,0,0,0,0,0,0,0,53,1.5,0,2,10,2015,HOU,RCB,24,1
136135,4246,WM-0550,5,3,3,0,0,0,0,0,0,0,0,0,5,58,12.5,3,2,4,2015,HOU,SLB,59,1
136136,4246,AH-0250,1,5,0,0,0,0,0,0,0,0,0,0,0,62,3.5,0,2,2,2015,HOU,FS,29,1
136137,4246,JW-1100,0,1,0,0,0,0,0,0,0,0,0,0,0,33,0.5,0,2,5,2015,HOU,RDE,99,1
136138,4246,VW-0200,0,3,0,0,0,0,0,0,0,0,0,0,0,32,1.5,0,2,12,2015,HOU,NT,75,1
136139,4246,JM-1600,3,0,0,0,0,1,0,0,0,0,0,0,0,28,5,2,2,7,2015,KC,RILB,90,1
136140,4246,DP-1450,0,5,0,0,0,0,0,1,0,0,0,0,0,50,4.5,2,2,4,2015,KC,NT,92,2
136141,4246,EB-0800,2,1,0,0,0,1,0,0,0,0,0,0,0,61,4.5,2,1,6,2015,KC,FS,29,1
136142,4246,DF-1350,1,1,0,0,0,0,0,0,0,0,0,0,0,35,1.5,0,2,2,2015,KC,ROLB,55,2
136143,4246,MP-0950,2,2,0,0,0,1,0,0,0,0,0,0,12,59,5,2,2,1,2015,KC,LCB,22,1
136144,4246,TH-0200,0,2,0,0,0,0,0,0,0,0,0,0,0,15,1,0,2,10,2015,KC,ROLB,91,1
136145,4246,RP-0200,1,3,0,0,0,0,0,0,0,0,0,0,0,64,2.5,0,2,5,2015,KC,SS,38,1
136146,4246,TB-2400,1,3,0,0,0,0,0,0,0,0,0,0,0,47,2.5,0,2,8,2015,KC,SS,27,2
136147,4246,SS-1700,5,1,0,0,0,1,1,0,0,0,0,0,0,60,8.5,2,2,7,2015,KC,RCB,21,1
136148,4246,HA-0200,1,2,0,0,0,0,2,0,0,0,0,0,10,31,4,0,1,8,2015,KC,FS,39,2
136149,4246,JC-5630,0,5,0,0,0,0,0,0,0,0,0,0,4,58,2.5,0,2,4,2015,HOU,LDE,93,1
136150,4246,QD-0100,1,4,0,0,0,0,0,0,0,0,0,0,0,58,3,0,2,8,2015,HOU,SS,32,1
136151,4246,BM-1450,2,7,0,0,0,0,0,0,0,0,0,0,0,56,5.5,0,2,1,2015,HOU,RILB,55,1
136152,4246,JH-5550,2,2,1,0,0,0,0,0,0,0,0,0,0,40,5,1,2,4,2015,KC,NT,96,1
136153,4246,KJ-0650,2,1,0,0,0,0,0,0,0,0,0,0,0,26,2.5,0,2,1,2015,HOU,LCB,30,2
136154,4246,JS-3250,5,3,0,0,0,0,0,0,0,0,0,0,0,47,6.5,0,2,3,2015,HOU,OLB,51,2
136155,4246,MD-0300,1,1,0,0,0,0,0,0,0,0,0,0,0,19,1.5,0,2,9,2015,KC,LDE,70,1
136156,4246,JH-5500,2,1,0,0,0,0,0,0,0,0,0,0,0,44,2.5,0,1,5,2015,KC,LOLB,50,1
136157,4246,BD-1100,1,0,0,0,0,0,0,0,0,0,0,0,10,19,1,0,2,2,2015,HOU,LDE,92,2
136158,4246,CC-4550,0,2,0,0,0,0,0,0,0,0,0,0,0,26,1,0,2,1,2015,HOU,NT,95,2
136159,4246,SN-0450,0,0,0,0,0,0,1,0,0,0,0,0,0,5,1,0,1,1,2015,KC,RCB,20,3
136160,4246,AB-2250,1,0,0,0,0,0,0,0,0,0,0,0,0,24,1,0,2,3,2015,HOU,RCB,34,2
136161,4247,LH-0300,2,0,0,0,0,0,1,0,0,0,0,0,0,58,3,0,3,9,2015,CIN,RCB,29,1
136162,4247,VB-0350,5,1,1,0,0,1,0,0,1,0,0,0,15,74,11.5,3,3,4,2015,CIN,WLB,55,1
136163,4247,AJ-1200,1,1,0,0,0,0,0,0,0,0,74,0,15,74,1.5,0,3,11,2015,CIN,RCB,24,2
136164,4247,WG-0500,4,1,0,0,0,0,0,0,0,0,0,0,5,72,4.5,0,3,9,2015,PIT,LCB,22,1
136165,4247,RS-0962,9,4,0,0,0,0,2,1,2,0,0,0,0,74,19,2,3,2,2015,PIT,LILB,50,1
136166,4247,JJ-4250,2,2,1,0,0,0,0,0,1,0,0,0,0,35,7,1,2,3,2015,PIT,ROLB,95,1
136167,4247,RM-1600,7,3,0,0,0,0,0,0,0,0,0,0,5,43,8.5,0,3,7,2015,CIN,MLB,58,1
136168,4247,GI-1300,4,1,0,0,0,0,0,1,0,0,0,0,0,73,6.5,2,2,4,2015,CIN,SS,43,1
136169,4247,ST-0450,0,0,0,0,0,0,0,0,0,0,0,0,15,0,0,0,1,3,2015,PIT,SS,29,2
136170,4247,AM-2300,2,2,0,0,0,0,0,0,0,0,0,0,0,41,3,0,3,6,2015,PIT,LOLB,55,2
136171,4247,JH-2100,3,1,1,0,0,0,0,0,0,0,0,0,5,39,5.5,1,3,14,2015,PIT,ROLB,92,2
136172,4247,ST-1150,1,2,0,0,0,0,0,0,0,0,0,0,0,69,2,0,3,2,2015,PIT,RDE,91,1
136173,4247,AB-1950,1,0,0,0,0,1,0,0,0,0,0,0,0,63,3,2,2,4,2015,PIT,RCB,41,1
136174,4247,RG-1250,0,0,0,0,0,0,1,0,0,0,0,0,0,12,1,0,2,4,2015,PIT,FS,21,2
136175,4247,AH-1800,1,0,0,0,0,0,0,0,0,0,0,0,0,21,1,0,2,10,2015,CIN,SLB,50,1
136176,4247,RN-0300,3,0,1,0,0,0,0,0,0,0,0,0,0,18,5,1,3,9,2015,CIN,FS,20,1
136177,4247,MJ-1800,4,1,0,0,0,0,0,0,0,0,0,0,0,58,4.5,0,3,7,2015,CIN,RDE,90,1
136178,4247,CD-2200,1,2,0.5,0,0,0,1,0,0,0,0,0,0,70,4,0.5,3,6,2015,CIN,LDE,96,1
136179,4247,WG-0600,0,1,0,0,0,0,0,0,0,0,0,0,0,40,0.5,0,3,8,2015,CIN,RDE,95,2
136180,4247,PD-0150,0,0,0,0,0,0,0,0,0,0,0,0,6,0,0,0,1,1,2015,CIN,WLB,47,3
136181,4247,BD-1200,2,1,0,0,0,0,0,0,0,0,0,0,0,33,2.5,0,3,1,2015,PIT,LOLB,48,1
136182,4247,BB-2530,2,0,0,0,0,0,0,0,0,0,0,0,0,62,2,0,3,4,2015,PIT,LCB,25,2
136183,4247,CH-3100,1,0,1,0,0,0,0,0,1,0,0,0,0,66,5,1,3,5,2015,PIT,LDE,97,1
136184,4247,WA-0100,3,0,0,0,0,0,0,0,0,0,0,0,42,72,3,0,3,12,2015,PIT,SS,20,1
136185,4247,WC-0150,1,0,0,0,0,0,0,0,0,0,0,0,0,4,1,0,1,2,2015,CIN,RDE,93,3
136186,4247,GA-0400,3,0,1,0,0,0,0,0,0,0,0,0,0,64,5,1,3,6,2015,CIN,RDT,97,1
136187,4247,DP-0900,0,0,0,0,0,0,0,0,0,0,0,0,15,22,0,0,3,10,2015,CIN,NT,94,1
136188,4247,SW-1550,5,0,0,0,0,0,0,0,1,0,0,0,13,50,7,0,3,3,2015,CIN,SS,36,2
136189,4247,DK-0750,2,1,0,0,0,0,0,0,0,0,0,0,0,44,2.5,0,3,4,2015,CIN,LCB,27,1
136190,4247,VR-0200,1,1,0,0,0,0,1,0,0,0,0,0,0,31,2.5,0,3,6,2015,CIN,MLB,57,2
136191,4247,LT-0400,2,2,0,0,0,0,0,0,0,0,0,0,0,65,3,0,3,9,2015,PIT,RILB,94,1
136192,4247,CT-0900,1,1,0,0,0,0,0,1,0,0,0,0,0,8,3.5,2,2,6,2015,PIT,LDE,93,2
136193,4247,MM-3800,2,0,0,0,0,0,0,0,0,0,0,0,0,72,2,0,3,7,2015,PIT,FS,23,1
136194,4247,DS-2950,3,0,0,0,0,0,0,0,0,0,0,0,0,12,3,0,1,1,2015,CIN,FS,40,2
136195,4247,VW-0250,1,0,0,0,0,0,0,0,0,0,0,0,0,3,1,0,2,3,2015,PIT,RILB,98,2
136196,4247,PS-0300,0,1,0.5,0,0,0,1,0,0,0,0,0,0,32,2.5,0.5,2,8,2015,CIN,NT,92,2
136197,4247,CL-0950,2,1,0,0,0,0,1,0,0,0,0,0,0,24,3.5,0,2,4,2015,CIN,RCB,37,3
136198,4247,RC-1550,0,0,0,0,0,0,0,1,0,0,0,0,0,10,2,2,3,2,2015,PIT,RCB,31,2
136199,4248,RS-1000,6,0,0,0,0,0,1,0,0,0,0,0,6,59,7,0,3,5,2015,SEA,LCB,25,1
136200,4248,MB-1900,1,2,0,0,0,0,1,0,0,0,0,0,5,51,3,0,3,7,2015,SEA,LDE,72,1
136201,4248,CA-1300,5,0,1,0,0,0,0,0,0,0,0,0,15,48,7,1,3,8,2015,SEA,RDE,56,1
136202,4248,JL-0230,2,1,0,0,0,0,1,0,0,0,0,0,0,45,3.5,0,3,4,2015,SEA,RCB,20,2
136203,4248,BI-0150,2,3,0.5,0,0,0,0,0,0,0,0,0,0,42,4.5,0.5,3,4,2015,SEA,LOLB,51,1
136204,4248,DS-1730,2,2,0,0,0,0,0,0,0,0,0,0,0,48,3,0,3,4,2015,SEA,RCB,35,1
136205,4248,BM-1800,2,1,0,0,0,0,0,0,0,0,0,0,0,40,2.5,0,3,9,2015,SEA,RDT,92,1
136206,4248,BW-0150,6,2,1,0,0,0,0,0,0,0,0,0,0,59,9,1,3,4,2015,SEA,MLB,54,1
136207,4248,LJ-1700,0,3,0,0,0,0,0,0,0,0,0,0,0,42,1.5,0,2,6,2015,MIN,NT,98,1
136208,4248,EK-0250,3,5,0,0,0,0,2,0,0,0,0,0,0,58,7.5,0,3,1,2015,MIN,MLB,54,1
136209,4248,XR-0100,4,0,0,0,0,0,2,0,0,0,0,0,41,58,6,0,3,3,2015,MIN,RCB,29,1
136210,4248,KW-2500,2,5,0.5,0,0,0,0,0,0,0,0,0,0,59,5.5,0.5,3,5,2015,SEA,ROLB,50,1
136211,4248,AR-2000,1,5,0,0,0,0,0,1,0,0,0,0,0,41,5.5,2,3,8,2015,SEA,LDT,77,1
136212,4248,FC-0150,0,1,0,0,0,0,1,0,0,0,0,0,0,17,1.5,0,2,1,2015,SEA,LDE,55,2
136213,4248,CG-2400,3,1,0,0,0,0,0,0,0,0,0,0,0,22,3.5,0,3,10,2015,MIN,WLB,52,1
136214,4248,SF-0150,2,1,1,0,0,0,0,0,0,0,0,0,0,26,4.5,1,2,3,2015,MIN,DT,73,1
136215,4248,HS-0130,2,1,0,0,0,0,1,0,0,0,0,0,0,58,3.5,0,3,4,2015,MIN,FS,22,1
136216,4248,EG-0900,3,3,1,0,0,0,0,0,0,0,0,0,0,53,6.5,1,3,6,2015,MIN,RDE,97,1
136217,4248,AB-0650,1,3,0,0,0,0,0,0,0,0,0,0,0,58,2.5,0,3,2,2015,MIN,SLB,55,1
136218,4248,JH-4050,1,2,0,0,0,0,0,0,0,0,0,0,0,14,2,0,2,3,2015,SEA,RDT,97,2
136219,4248,ET-0200,3,1,0,0,0,0,1,0,0,0,0,0,0,59,4.5,0,3,6,2015,SEA,FS,29,1
136220,4248,AS-0600,3,0,0,0,0,0,1,0,0,0,0,0,0,58,4,0,3,6,2015,MIN,SS,34,1
136221,4248,BR-1000,2,0,0,0,0,0,0,0,0,0,0,0,0,50,2,0,2,9,2015,MIN,LDE,96,1
136222,4248,CM-3400,3,0,0,0,0,0,0,0,0,0,0,0,5,36,3,0,3,7,2015,MIN,RCB,24,2
136223,4248,KC-0900,1,1,0,0,0,0,0,0,1,0,0,0,19,59,3.5,0,1,6,2015,SEA,SS,31,1
136224,4248,TW-1187,1,0,0,0,0,1,1,0,0,0,0,0,0,19,4,2,2,1,2015,MIN,LCB,26,2
136225,4248,TN-0400,1,0,0,0,0,0,0,0,0,0,0,0,0,33,1,0,3,13,2015,MIN,LCB,30,1
136226,4248,DH-4650,1,0,0,0,0,0,0,0,0,0,0,0,0,28,1,0,3,1,2015,MIN,RDE,99,2
136227,4248,MS-1300,0,0,0,0,0,0,0,0,0,0,7,0,0,0,0,0,3,6,2015,MIN,RCB,35,1
136228,4248,TJ-1900,0,1,0,0,0,0,0,0,0,0,0,0,0,34,0.5,0,1,10,2015,MIN,DT,92,2
136229,4248,JR-2750,2,0,0,0,0,0,0,0,0,0,0,0,0,6,2,0,1,4,2015,MIN,LCB,21,2
136230,4249,MF-1400,5,3,0,0,0,0,0,0,0,0,0,0,0,75,6.5,0,2,5,2015,WAS,RILB,54,2
136231,4249,BB-2725,2,5,0,0,0,0,0,1,1,0,0,0,0,73,8.5,2,2,2,2015,WAS,LCB,26,1
136232,4249,JH-2800,2,0,0,0,0,0,0,0,0,0,0,0,0,39,2,0,1,10,2015,WAS,RDE,97,1
136233,4249,DG-1300,1,5,0,0,0,0,1,0,0,0,0,0,0,75,4.5,0,1,9,2015,WAS,FS,38,1
136234,4249,CM-0900,2,2,1.5,0,0,0,0,0,1,0,0,0,0,66,8,1.5,2,7,2015,GB,MLB,52,1
136235,4249,MD-0060,0,3,0.5,0,0,0,0,0,0,0,0,0,0,52,2.5,0.5,3,4,2015,GB,DT,76,1
136236,4249,MB-5100,4,7,0,0,0,0,0,0,0,0,0,0,0,72,7.5,0,3,6,2015,GB,SS,42,1
136237,4249,MH-4000,2,5,0,0,0,0,1,0,0,0,29,0,0,56,5.5,0,3,3,2015,GB,FS,33,2
136238,4249,DG-1600,0,0,0,0,0,0,0,0,0,0,0,0,9,2,0,0,1,2,2015,GB,LCB,39,3
136239,4249,WC-0300,4,8,0,0,0,0,0,0,0,0,0,0,0,71,8,0,2,3,2015,WAS,LILB,51,1
136240,4249,DH-0700,2,4,0,0,0,0,0,0,0,0,0,0,0,75,4,0,2,12,2015,WAS,SS,23,1
136241,4249,PS-0550,2,1,1,1,0,0,0,0,0,0,0,0,0,59,6.5,3,2,1,2015,WAS,WLB,94,2
136242,4249,BR-0100,1,1,0,0,0,0,0,0,0,0,0,0,0,21,1.5,0,2,7,2015,GB,NT,90,1
136243,4249,NP-0130,1,3,2,0,0,0,0,0,0,0,0,0,0,26,6.5,2,3,4,2015,GB,ROLB,53,2
136244,4249,DR-0450,4,4,0,0,0,0,1,0,0,0,0,0,0,64,7,0,3,1,2015,GB,LCB,23,2
136245,4249,CH-2250,5,2,0,0,0,0,1,0,0,0,0,0,0,70,7,0,3,4,2015,GB,LCB,29,1
136246,4249,HC-0050,1,3,0,0,0,0,2,0,0,0,0,0,0,72,4.5,0,3,2,2015,GB,FS,21,1
136247,4249,JR-3650,2,3,0,0,0,0,0,0,0,0,0,0,0,28,3.5,0,3,1,2015,GB,LILB,47,1
136248,4249,LG-0900,0,2,0,0,0,0,0,0,0,0,0,0,0,18,1,0,3,8,2015,GB,LDE,98,1
136249,4249,JT-1650,3,3,0,0,0,0,0,0,0,0,0,0,0,44,4.5,0,3,2,2015,GB,LILB,48,3
136250,4249,WB-0700,5,3,0,0,0,0,0,0,0,0,0,0,0,75,6.5,0,2,10,2015,WAS,RCB,41,1
136251,4249,QD-0400,5,0,0,0,0,0,2,0,0,0,0,0,20,53,7,0,1,1,2015,WAS,LCB,47,3
136252,4249,CW-2300,0,0,0,0,0,0,0,0,0,0,0,0,10,8,0,0,1,8,2015,WAS,LCB,0,2
136253,4249,QR-0100,1,0,0,0,0,0,1,0,0,0,0,0,0,22,2,0,2,1,2015,GB,RCB,24,2
136254,4249,RJ-0550,1,0,0,0,0,0,0,0,0,0,0,0,5,34,1,0,1,7,2015,WAS,RDE,99,2
136255,4249,MN-0300,3,0,2,0,0,0,0,1,1,0,0,0,0,55,11,4,3,6,2015,GB,LOLB,96,1
136256,4249,RK-0500,0,2,0,0,0,0,1,0,0,0,0,0,10,75,2,0,2,5,2015,WAS,WLB,91,1
136257,4249,TM-3450,0,1,0,0,0,0,0,0,0,0,0,0,0,15,0.5,0,2,2,2015,WAS,SLB,93,1
136258,4249,CB-0200,3,0,0,0,0,0,0,0,0,0,0,0,0,56,3,0,2,7,2015,WAS,LDE,92,1
136259,4249,TK-0800,1,0,0,0,0,0,0,0,0,0,0,0,0,30,1,0,2,7,2015,WAS,NT,98,1
136260,4249,LG-0950,1,0,0,0,0,0,1,0,0,0,0,0,0,31,2,0,1,1,2015,GB,RCB,36,3
136261,4249,AM-3050,0,1,0,0,0,0,0,0,0,0,0,0,0,4,0.5,0,2,3,2015,GB,ROLB,55,3
136262,4249,DJ-2350,0,0,0,0,0,0,0,0,0,0,0,0,10,27,0,0,3,3,2015,GB,LDE,95,2
136263,4249,JP-2000,0,1,0,0,0,0,0,0,0,0,0,0,0,48,0.5,0,3,14,2015,GB,ROLB,56,1
136264,4250,MP-0950,4,1,0,0,0,0,2,0,0,0,0,0,0,58,6.5,0,3,1,2015,KC,LCB,22,1
136265,4250,DF-1350,3,0,0,0,0,0,0,0,0,0,0,0,0,38,3,0,3,2,2015,KC,ROLB,55,2
136266,4250,DJ-1500,2,2,0,0,0,0,0,0,0,0,0,0,0,58,3,0,3,11,2015,KC,LILB,56,1
136267,4250,RP-0200,4,2,0,0,0,0,0,0,0,0,0,0,0,58,5,0,3,5,2015,KC,SS,38,1
136268,4250,SS-1700,3,1,0,0,0,0,0,0,0,0,0,0,0,54,3.5,0,3,7,2015,KC,RCB,21,1
136269,4250,EB-0800,6,1,0,0,0,0,0,0,0,0,0,0,0,58,6.5,0,2,6,2015,KC,FS,29,1
136270,4250,DS-3162,0,1,0,0,0,0,0,0,0,0,0,0,0,4,0.5,0,2,2,2015,KC,FS,49,3
136271,4250,RN-1100,4,2,0,0,0,0,0,0,0,0,0,0,0,83,5,0,2,10,2015,NE,LDE,50,1
136272,4250,DM-1300,3,2,0,0,0,0,1,0,0,0,0,0,0,89,5,0,2,6,2015,NE,FS,32,1
136273,4250,PC-0300,5,4,0,0,0,0,0,0,0,0,0,0,0,89,7,0,2,7,2015,NE,SS,23,1
136274,4250,LR-0600,8,1,0,0,0,0,0,0,0,0,0,0,2,89,8.5,0,2,3,2015,NE,RCB,26,1
136275,4250,DH-2950,2,4,0,0,0,0,1,1,0,0,0,0,0,76,7,2,1,4,2015,NE,WLB,54,1
136276,4250,JC-3550,2,4,0,0,0,0,0,0,0,0,0,0,0,43,4,0,2,3,2015,NE,SLB,91,1
136277,4250,JS-2100,2,1,0,0,0,0,0,0,0,0,0,0,0,64,2.5,0,2,5,2015,NE,RDE,93,2
136278,4250,MB-5250,4,1,0,0,0,0,1,0,0,0,0,0,0,89,5.5,0,2,2,2015,NE,LCB,21,1
136279,4250,JC-3518,3,0,0,0,0,0,1,0,0,0,0,0,5,67,4,0,1,1,2015,NE,LCB,22,2
136280,4250,MB-3875,1,4,0,0,0,0,0,0,0,0,0,0,0,55,3,0,2,1,2015,NE,DT,90,1
136281,4250,TB-2400,4,2,0,0,0,0,0,0,0,0,0,0,0,51,5,0,3,8,2015,KC,SS,27,2
136282,4250,TH-0200,1,0,0,0,0,0,0,0,0,0,0,0,0,54,1,0,3,10,2015,KC,ROLB,91,1
136283,4250,AB-2700,2,3,0,0,0,0,0,0,0,0,0,0,0,38,3.5,0,2,9,2015,NE,DT,97,1
136284,4250,FZ-0100,1,0,0,0,0,0,0,0,0,0,0,0,0,13,1,0,2,6,2015,KC,LOLB,51,2
136285,4250,JH-5550,0,1,0,0,0,0,0,0,0,0,0,0,0,40,0.5,0,3,4,2015,KC,NT,96,1
136286,4250,DM-4030,0,0,0,0,0,0,0,0,0,0,0,0,15,3,0,0,1,4,2015,KC,LOLB,54,3
136287,4250,HA-0200,0,1,0,0,0,0,0,0,0,0,0,0,0,22,0.5,0,2,8,2015,KC,FS,39,2
136288,4250,NE-0250,0,0,0,0,0,0,0,0,0,0,0,0,5,0,0,0,1,4,2015,NE,FS,43,3
136289,4250,CJ-2050,2,2,1,0,0,0,0,0,1,0,0,0,0,37,7,1,1,4,2015,NE,RDE,95,1
136290,4250,AH-3050,0,1,0,0,0,0,0,0,0,0,0,0,5,42,0.5,0,2,4,2015,NE,LDE,72,2
136291,4250,JF-3150,0,3,0,0,0,0,0,0,0,0,0,0,0,35,1.5,0,1,5,2015,NE,MLB,55,2
136292,4250,DF-0950,0,1,0,0,0,0,0,0,0,0,0,0,0,0,0.5,0,2,4,2015,NE,WLB,53,2
136293,4250,DH-1250,0,0,0,0,0,0,1,0,0,0,0,0,0,38,1,0,2,3,2015,NE,DB,30,1
136294,4250,DW-1700,0,1,0,0,0,0,0,0,0,0,0,0,0,13,0.5,0,2,6,2015,NE,SLB,52,3
136295,4251,JR-3650,5,1,0,0,0,0,0,0,0,0,0,0,0,41,5.5,0,4,1,2015,GB,LILB,47,1
136296,4251,SS-1300,3,0,0,0,0,0,2,0,0,0,0,0,0,66,5,0,1,6,2015,GB,RCB,37,1
136297,4251,MH-4000,0,1,0,0,0,0,0,0,0,0,20,0,0,6,0.5,0,4,3,2015,GB,FS,33,2
136298,4251,NP-0020,0,0,0,0,0,0,0,0,0,0,0,0,10,0,0,0,1,3,2015,GB,LILB,51,2
136299,4251,RJ-0900,3,1,0,0,0,1,0,0,0,0,0,0,0,73,5.5,2,2,7,2015,ARI,SS,26,1
136300,4251,PP-0400,0,0,0,0,0,0,0,0,0,0,12,0,0,73,0,0,3,5,2015,ARI,LCB,21,1
136301,4251,MB-5100,4,0,0,0,0,0,0,0,0,0,0,0,5,66,4,0,4,6,2015,GB,SS,42,1
136302,4251,CH-2250,4,1,0,0,0,0,1,0,0,0,0,0,0,64,5.5,0,4,4,2015,GB,LCB,29,1
136303,4251,CM-0900,5,1,0,0,0,0,0,0,0,0,0,0,0,66,5.5,0,3,7,2015,GB,MLB,52,1
136304,4251,NP-0130,3,1,1,0,0,0,0,0,1,0,0,0,0,27,7.5,1,4,4,2015,GB,ROLB,53,2
136305,4251,CC-0200,0,2,0,0,0,0,1,0,0,0,0,0,0,61,2,0,3,8,2015,ARI,LDE,93,1
136306,4251,TJ-0950,8,1,0,0,0,0,1,0,0,0,0,0,0,73,9.5,0,3,3,2015,ARI,FS,22,1
136307,4251,DB-5450,5,2,0,0,0,0,0,0,0,0,0,0,0,71,6,0,3,2,2015,ARI,RILB,20,1
136308,4251,DR-0450,3,0,0,0,0,1,0,0,0,0,0,0,0,55,5,2,4,1,2015,GB,LCB,23,2
136309,4251,KM-1950,4,0,0,0,0,0,0,0,0,0,0,0,0,57,4,0,3,3,2015,ARI,LILB,51,1
136310,4251,MG-0925,2,1,0,0,0,0,0,0,0,0,0,0,0,64,2.5,0,2,1,2015,ARI,SLB,44,1
136311,4251,ES-1475,3,0,0,0,0,0,0,0,0,0,0,0,0,31,3,0,2,2,2015,ARI,RDT,72,2
136312,4251,JP-4100,4,1,0,0,0,0,2,0,0,0,0,0,0,73,6.5,0,3,7,2015,ARI,RCB,25,1
136313,4251,JB-3350,6,0,0,0,0,0,1,0,0,0,0,0,0,54,7,0,3,4,2015,ARI,RCB,28,2
136314,4251,FR-0200,1,0,0,0,0,0,0,0,0,0,0,0,6,40,1,0,3,10,2015,ARI,RDT,92,1
136315,4251,LG-0900,1,0,0,0,0,0,0,0,0,0,0,0,0,25,1,0,4,8,2015,GB,LDE,98,1
136316,4251,JP-2000,1,0,1,0,0,0,0,0,0,0,0,0,0,42,3,1,4,14,2015,GB,ROLB,56,1
136317,4251,HC-0050,3,1,0,0,0,1,1,0,0,0,0,0,0,66,6.5,2,4,2,2015,GB,FS,21,1
136318,4251,JM-1650,1,0,0,0,0,0,0,0,0,0,0,0,0,17,1,0,1,2,2015,ARI,RDT,73,3
136319,4251,MD-0060,1,0,1,0,0,0,0,0,0,0,0,0,0,49,3,1,4,4,2015,GB,DT,76,1
136320,4251,BR-0100,1,0,0,0,0,0,0,0,0,0,0,0,15,32,1,0,3,7,2015,GB,NT,90,1
136321,4251,JT-1650,2,0,0,0,0,0,0,0,0,0,0,0,0,25,2,0,4,2,2015,GB,LILB,48,3
136322,4251,DJ-2350,2,0,0,0,0,0,0,0,0,0,0,0,5,31,2,0,4,3,2015,GB,LDE,95,2
136323,4251,RG-2375,1,0,0,0,0,0,0,0,0,0,0,0,0,31,1,0,3,1,2015,ARI,NT,95,1
136324,4251,MP-0875,2,0,0,0,0,0,0,0,0,0,0,0,0,14,2,0,3,2,2015,GB,NT,64,2
136325,4251,DF-1900,1,0,1,0,0,0,0,0,0,0,0,0,0,33,3,1,3,14,2015,ARI,SLB,54,2
136326,4252,RS-1000,2,1,0,0,0,0,1,0,0,0,0,0,0,64,3.5,0,4,5,2015,SEA,LCB,25,1
136327,4252,MB-1900,5,2,0,0,0,0,1,0,1,0,0,0,0,58,9,0,4,7,2015,SEA,LDE,72,1
136328,4252,KW-2500,6,8,0,0,0,0,0,0,0,0,0,0,0,65,10,0,4,5,2015,SEA,ROLB,50,1
136329,4252,ET-0200,2,7,0,0,0,0,0,0,0,0,0,0,0,64,5.5,0,4,6,2015,SEA,FS,29,1
136330,4252,SL-0950,0,1,0,0,0,0,0,0,0,0,0,0,0,29,0.5,0,3,3,2015,CAR,LDT,98,1
136331,4252,ST-0550,0,1,0,0,0,0,0,0,0,0,0,0,0,4,0.5,0,3,1,2015,CAR,SLB,54,1
136332,4252,LK-0600,3,8,0,0,0,1,1,0,0,1,0,0,0,67,16,8,3,4,2015,CAR,MLB,59,1
136333,4252,TD-0700,1,4,0,0,0,0,0,0,0,0,0,0,0,67,3,0,3,11,2015,CAR,WLB,58,1
136334,4252,JN-1750,3,2,1,0,0,0,0,0,0,0,0,0,0,67,6,1,3,4,2015,CAR,RCB,24,1
136335,4252,RH-0700,1,3,0,0,0,0,0,0,0,0,0,0,0,63,2.5,0,3,10,2015,CAR,SS,41,1
136336,4252,KS-0850,1,1,1,0,0,0,0,0,0,0,0,0,0,55,3.5,1,3,3,2015,CAR,NT,99,1
136337,4252,BW-0150,7,6,0,0,0,0,0,0,0,0,0,0,0,65,10,0,4,4,2015,SEA,MLB,54,1
136338,4252,DS-1730,2,2,0,0,0,0,0,0,0,0,0,0,0,44,3,0,4,4,2015,SEA,RCB,35,1
136339,4252,KC-0900,2,4,0,0,0,0,1,0,0,0,0,0,0,61,5,0,2,6,2015,SEA,SS,31,1
136340,4252,AR-2000,1,2,0,0,0,0,0,0,0,0,0,0,0,36,2,0,4,8,2015,SEA,LDT,77,1
136341,4252,CF-0500,2,3,0,0,0,1,0,0,0,0,0,0,0,63,5.5,2,3,10,2015,CAR,LCB,26,1
136342,4252,CJ-1300,2,1,1,0,0,0,0,0,0,0,0,0,0,48,4.5,1,3,9,2015,CAR,LDE,95,1
136343,4252,KC-1800,6,2,0,0,0,0,0,0,0,0,0,0,0,67,7,0,2,6,2015,CAR,FS,20,1
136344,4252,TB-1850,1,0,1,0,0,0,0,0,0,0,0,0,0,4,3,1,2,2,2015,CAR,FS,33,2
136345,4252,CA-1300,2,1,0,0,0,0,0,0,0,0,0,0,0,24,2.5,0,4,8,2015,SEA,RDE,56,1
136346,4252,DD-1800,0,3,0,0,0,0,0,0,0,0,0,0,0,21,1.5,0,2,5,2015,SEA,LDE,95,3
136347,4252,BM-1800,0,2,0,0,0,0,0,0,0,0,0,0,0,44,1,0,4,9,2015,SEA,RDT,92,1
136348,4252,RM-1900,6,2,0,0,0,0,1,0,0,0,0,0,0,67,8,0,2,6,2015,CAR,LCB,27,2
136349,4252,DE-0500,1,0,1,0,0,0,1,0,0,0,0,0,0,32,4,1,3,12,2015,CAR,NT,92,2
136350,4252,CJ-2300,0,0,0,0,0,0,0,0,0,0,0,0,15,0,0,0,1,5,2015,CAR,FS,42,3
136351,4252,FC-0150,1,1,1,0,0,0,0,0,0,0,0,0,0,18,3.5,1,3,1,2015,SEA,LDE,55,2
136352,4252,JL-0230,0,1,0,0,0,0,0,0,0,0,0,0,0,58,0.5,0,4,4,2015,SEA,RCB,20,2
136353,4252,JH-4050,0,1,0,0,0,0,0,0,0,0,0,0,0,22,0.5,0,3,3,2015,SEA,RDT,97,2
136354,4252,JW-1500,1,0,0,0,0,0,0,0,0,0,0,0,0,0,1,0,1,6,2015,CAR,QB,14,3
136355,4252,CM-0250,0,1,0,0,0,0,0,0,0,0,0,0,0,18,0.5,0,1,2,2015,SEA,RDE,91,2
136356,4252,MB-5050,1,0,0,0,0,0,0,0,0,0,0,0,0,2,1,0,2,3,2015,SEA,LCB,28,2
136357,4252,DM-0650,0,0,0,0,0,0,0,0,0,0,0,0,5,0,0,0,1,1,2015,CAR,MLB,55,3
136358,4253,DW-4250,1,3,1,0,0,0,0,0,0,0,0,0,0,48,4.5,1,3,4,2015,DEN,LDE,95,1
136359,4253,DT-1950,8,1,0,0,0,0,0,0,0,0,0,0,0,45,8.5,0,3,4,2015,DEN,ILB,59,1
136360,4253,TW-0600,4,0,0,0,0,0,0,0,0,0,0,0,22,63,4,0,3,6,2015,DEN,SS,43,1
136361,4253,OB-0150,0,0,0,0,0,0,0,0,0,0,42,0,0,0,0,0,1,4,2015,DEN,FS,31,2
136362,4253,BB-2530,4,0,0,0,0,0,1,0,0,0,0,0,0,63,5,0,4,4,2015,PIT,LCB,25,2
136363,4253,RS-0962,6,1,0,0,0,0,0,0,0,0,0,0,0,74,6.5,0,4,2,2015,PIT,LILB,50,1
136364,4253,DW-1100,2,1,1,0,0,0,0,1,0,0,0,0,0,47,6.5,3,3,11,2015,DEN,WLB,94,1
136365,4253,DS-4300,4,1,0,0,0,0,0,0,0,0,0,0,0,54,4.5,0,3,6,2015,DEN,FS,26,1
136366,4253,BM-0330,3,1,0,0,0,0,1,0,0,0,0,0,0,49,4.5,0,2,4,2015,DEN,ILB,54,1
136367,4253,AT-0100,4,0,0,0,0,0,2,0,0,0,0,0,0,63,6,0,3,8,2015,DEN,LCB,21,1
136368,4253,WA-0100,5,1,0,0,0,0,1,0,0,0,0,0,0,61,6.5,0,4,12,2015,PIT,SS,20,1
136369,4253,JH-2100,6,1,1,0,0,0,0,0,0,0,0,0,5,53,8.5,1,4,14,2015,PIT,ROLB,92,2
136370,4253,MJ-0030,1,1,0,0,0,0,0,0,0,0,0,0,0,49,1.5,0,3,4,2015,DEN,RDE,97,1
136371,4253,AV-0350,0,0,0,0,0,0,0,0,0,0,0,0,4,0,0,0,1,2,2015,PIT,LT,78,1
136372,4253,JB-8150,0,0,0,0,0,0,1,0,0,0,0,0,0,30,1,0,3,4,2015,DEN,SS,20,2
136373,4253,ST-1150,2,2,0,0,0,0,0,0,0,0,0,0,0,67,3,0,4,2,2015,PIT,RDE,91,1
136374,4253,VW-0100,1,1,0,0,0,0,0,0,0,0,0,0,0,19,1.5,0,3,7,2015,DEN,LDE,96,2
136375,4253,SB-0225,0,1,0,0,0,0,0,0,0,0,0,0,0,0,0.5,0,3,2,2015,DEN,SLB,48,2
136376,4253,BR-1050,3,0,0,0,0,0,0,0,1,0,0,0,12,51,5,0,3,2,2015,DEN,RCB,29,1
136377,4253,LT-0400,5,1,0,0,0,0,0,0,0,0,0,0,0,63,5.5,0,4,9,2015,PIT,RILB,94,1
136378,4253,MM-3800,1,3,0,0,0,0,1,0,0,0,0,0,0,74,3.5,0,4,7,2015,PIT,FS,23,1
136379,4253,VM-0300,2,0,0,0,0,0,0,0,0,0,0,0,0,46,2,0,3,5,2015,DEN,SLB,58,1
136380,4253,AS-2400,2,0,1,0,0,0,0,0,0,0,0,0,0,0,4,1,1,12,2015,DEN,RDE,90,2
136381,4253,JJ-4250,3,2,0,0,0,0,1,0,0,0,0,0,0,33,5,0,3,3,2015,PIT,ROLB,95,1
136382,4253,WG-0500,7,1,0,0,0,0,1,0,0,0,0,0,9,73,8.5,0,4,9,2015,PIT,LCB,22,1
136383,4253,BD-1200,2,1,0,0,0,0,0,0,0,0,0,0,0,62,2.5,0,4,1,2015,PIT,LOLB,48,1
136384,4253,CH-1500,3,0,0,0,0,0,1,0,0,0,0,0,0,47,4,0,3,5,2015,DEN,RCB,25,1
136385,4253,AB-1950,1,0,0,0,0,0,0,0,0,0,0,0,0,46,1,0,3,4,2015,PIT,RCB,41,1
136386,4253,RC-1550,1,0,0,0,0,0,0,1,0,0,0,0,0,0,3,2,4,2,2015,DEN,RCB,31,2
136387,4253,KW-0850,0,0,0,0,0,0,0,0,0,0,0,0,5,0,0,0,2,3,2015,DEN,LCB,36,2
136388,4253,RG-1250,0,1,0,0,0,0,0,0,0,0,0,0,0,23,0.5,0,3,4,2015,PIT,FS,21,2
136389,4253,SM-2200,3,0,0,0,0,0,0,0,0,0,0,0,0,17,3,0,3,7,2015,PIT,NT,90,1
136390,4254,DT-1950,3,2,0,0,0,0,1,0,0,0,0,0,5,45,5,0,1,4,2015,DEN,ILB,59,1
136391,4254,CH-1500,4,2,0,0,0,0,1,0,0,0,0,0,0,82,6,0,1,5,2015,DEN,RCB,25,1
136392,4254,DW-1100,0,2,0.5,0,0,0,0,0,0,0,0,0,0,58,2,0.5,1,11,2015,DEN,WLB,94,1
136393,4254,TW-0600,1,5,0,0,0,0,0,0,0,0,0,0,1,58,3.5,0,1,6,2015,DEN,SS,43,1
136394,4254,DM-1300,2,0,0,0,0,0,1,0,0,0,0,0,0,68,3,0,1,6,2015,NE,FS,32,1
136395,4254,MB-5250,5,2,0,0,0,0,2,0,0,0,0,0,0,68,8,0,1,2,2015,NE,LCB,21,1
136396,4254,JC-3550,6,2,2,0,0,0,0,0,0,0,0,0,0,53,11,2,1,3,2015,NE,SLB,91,1
136397,4254,LR-0600,5,0,0,0,0,0,1,0,0,0,0,0,14,68,6,0,1,3,2015,NE,RCB,26,1
136398,4254,JS-2100,5,1,0,0,0,0,0,0,0,0,0,0,0,47,5.5,0,1,5,2015,NE,RDE,93,2
136399,4254,JC-3518,4,0,0,0,0,0,1,0,0,0,0,0,0,43,5,0,1,1,2015,NE,LCB,22,2
136400,4254,AH-3050,1,1,0,0,0,0,0,0,0,0,0,0,0,33,1.5,0,1,4,2015,NE,LDE,72,2
136401,4254,AT-0100,4,1,0,0,0,0,2,0,0,0,0,0,0,79,6.5,0,1,8,2015,DEN,LCB,21,1
136402,4254,DW-4250,6,0,1,0,0,0,1,0,0,0,0,0,0,60,9,1,1,4,2015,DEN,LDE,95,1
136403,4254,PC-0300,3,2,0,0,0,0,0,0,0,0,0,0,0,68,4,0,1,7,2015,NE,SS,23,1
136404,4254,JB-8150,0,5,0,0,0,0,1,0,0,0,0,0,0,70,3.5,0,1,4,2015,DEN,SS,20,2
136405,4254,JF-3150,0,0,0,0,0,0,0,1,0,0,0,0,0,21,2,2,1,5,2015,NE,MLB,55,1
136406,4254,VM-0300,4,1,2.5,0,0,1,0,0,0,0,0,0,0,65,11.5,4.5,1,5,2015,DEN,SLB,58,1
136407,4254,RN-1100,1,1,0,0,0,0,0,0,0,0,0,0,0,50,1.5,0,1,10,2015,NE,LDE,50,1
136408,4254,DH-2950,5,1,0,0,0,0,1,0,0,0,0,0,0,56,6.5,0,1,4,2015,NE,WLB,54,1
136409,4254,MJ-0030,2,0,0,0,0,0,0,0,0,0,0,0,0,67,2,0,1,4,2015,DEN,RDE,97,1
136410,4254,DS-4300,1,2,0,0,0,1,0,0,0,0,0,0,0,46,4,2,1,6,2015,DEN,FS,26,1
136411,4254,MB-3875,1,0,0,0,0,0,0,0,0,0,0,0,0,36,1,0,1,1,2015,NE,DT,90,1
136412,4254,KW-0850,2,0,0,0,0,0,1,0,0,0,0,0,15,20,3,0,1,3,2015,DEN,LCB,36,2
136413,4254,AB-2700,1,0,1,0,0,0,0,0,0,0,0,0,0,35,3,1,1,9,2015,NE,DT,97,1
136414,4254,BM-0330,3,1,0,0,0,0,1,0,1,0,0,0,5,59,6.5,0,1,4,2015,DEN,ILB,54,1
136415,4254,VW-0100,0,1,0,0,0,0,0,0,0,0,0,0,0,0,0.5,0,1,7,2015,DEN,LDE,96,2
136416,4254,AS-2400,0,1,0,0,0,0,0,0,0,0,0,0,0,27,0.5,0,1,12,2015,DEN,RDE,90,2
136417,4254,CJ-2050,1,0,0,0,0,0,0,0,0,0,0,0,0,46,1,0,1,4,2015,NE,RDE,95,1
136418,4254,DF-0950,0,0,0,0,0,0,0,0,0,0,0,0,4,0,0,0,1,4,2015,NE,WLB,53,2
136419,4254,SS-1450,1,0,0,0,0,0,0,0,0,0,0,0,0,15,1,0,1,5,2015,NE,DT,96,2
136420,4254,SK-0200,3,0,0,0,0,0,0,0,0,0,3,0,15,36,3,0,1,5,2015,DEN,FS,33,2
136421,4254,SB-0225,0,1,0,0,0,0,0,0,0,0,0,0,0,18,0.5,0,1,2,2015,DEN,SLB,48,2
136422,4255,LK-0600,3,5,0,0,0,1,0,1,0,1,0,0,0,57,15.5,10,1,4,2015,CAR,MLB,59,1
136423,4255,CF-0500,1,2,0,0,0,0,0,0,0,0,0,0,5,43,2,0,1,10,2015,CAR,LCB,26,1
136424,4255,FR-0200,0,5,0,0,0,0,0,0,0,0,0,0,0,44,2.5,0,1,10,2015,ARI,RDT,92,1
136425,4255,JM-1650,0,1,0,0,0,0,0,0,0,0,0,0,0,7,0.5,0,1,2,2015,ARI,RDT,73,3
136426,4255,RJ-0900,2,2,0,0,0,0,0,0,0,0,0,0,0,72,3,0,1,7,2015,ARI,SS,26,1
136427,4255,KM-1950,2,6,0,0,0,0,0,0,0,0,0,0,1,62,5,0,1,3,2015,ARI,LILB,51,1
136428,4255,TJ-0950,4,6,0,0,0,0,1,0,0,0,0,0,0,72,8,0,1,3,2015,ARI,FS,22,1
136429,4255,PP-0400,4,1,0,0,0,1,0,0,0,0,2,0,5,67,6.5,2,1,5,2015,ARI,LCB,21,1
136430,4255,DB-5450,2,6,0,0,0,0,0,0,0,0,0,0,0,72,5,0,1,2,2015,ARI,RILB,20,1
136431,4255,RM-1900,5,1,0,0,0,0,2,0,0,0,0,0,0,64,7.5,0,1,6,2015,CAR,LCB,27,2
136432,4255,KC-1800,2,2,0,0,0,2,0,0,0,0,0,0,0,57,7,4,1,6,2015,CAR,FS,20,1
136433,4255,TD-0700,4,2,0,0,0,0,0,0,0,0,0,0,0,31,5,0,1,11,2015,CAR,WLB,58,1
136434,4255,JB-3350,4,0,0,0,0,0,1,0,0,0,0,0,0,47,5,0,1,4,2015,ARI,RCB,28,2
136435,4255,CC-0200,1,2,0,0,0,0,0,0,0,0,0,0,10,62,2,0,1,8,2015,ARI,LDE,93,1
136436,4255,MG-0925,2,5,0,0,0,0,0,0,0,0,0,0,0,61,4.5,0,1,1,2015,ARI,SLB,44,1
136437,4255,RH-0700,1,1,0,0,0,0,0,0,0,0,0,0,0,0,1.5,0,1,10,2015,CAR,SS,41,1
136438,4255,KE-0050,1,2,0,0,0,0,0,0,0,0,0,0,0,46,2,0,1,2,2015,CAR,LDE,94,2
136439,4255,SL-0950,1,1,0,0,0,0,1,0,0,0,0,0,0,31,2.5,0,1,3,2015,CAR,LDT,98,1
136440,4255,JN-1750,1,1,0,0,0,0,2,0,0,0,0,0,0,57,3.5,0,1,4,2015,CAR,RCB,24,1
136441,4255,DE-0500,1,0,0,0,0,0,0,0,0,0,0,0,0,25,1,0,1,12,2015,CAR,NT,92,2
136442,4255,KS-0850,2,0,1,0,0,0,0,0,1,0,0,0,5,39,6,1,1,3,2015,CAR,NT,99,1
136443,4255,ES-1475,1,2,1,0,0,0,0,0,0,0,0,0,0,39,4,1,1,2,2015,ARI,RDT,72,2
136444,4255,MA-0300,0,1,0,0,0,0,0,0,0,0,0,0,15,28,0.5,0,1,5,2015,CAR,LDE,97,3
136445,4255,RD-0850,0,1,0,0,0,0,0,0,0,0,0,0,0,0,0.5,0,1,1,2015,CAR,RDE,91,2
136446,4255,TW-2250,0,0,0,0,0,0,0,1,0,0,0,0,0,0,2,2,1,6,2015,CAR,RCB,21,2
136447,4255,JP-4100,2,1,0,0,0,0,0,0,0,0,0,0,0,62,2.5,0,1,7,2015,ARI,RCB,25,1
136448,4255,CJ-1300,1,0,1,0,0,0,0,0,1,0,0,0,0,43,5,1,1,9,2015,CAR,LDE,95,1
136449,4255,TB-1850,0,1,0,0,0,1,0,1,0,0,0,0,0,50,4.5,4,1,2,2015,CAR,FS,33,2
136450,4255,RG-2375,0,2,0,0,0,0,0,0,0,0,0,0,0,32,1,0,1,1,2015,ARI,NT,95,1
136451,4255,ST-0550,3,2,0,0,0,0,0,0,0,0,0,0,0,54,4,0,1,1,2015,CAR,SLB,54,1
136452,4255,CC-2500,1,0,0,0,0,0,0,0,0,0,0,0,10,2,1,0,1,7,2015,ARI,FS,29,2
136453,4255,RB-4300,1,1,0,0,0,0,0,0,0,0,0,0,0,30,1.5,0,1,8,2015,ARI,LDE,71,2
136454,4255,SW-0700,1,0,0,0,0,0,0,0,0,0,0,0,0,13,1,0,1,6,2015,ARI,LILB,55,2
136455,4255,KM-0425,0,2,0,0,0,0,0,0,0,0,0,0,0,26,1,0,1,2,2015,ARI,WLB,96,1
136456,4255,AK-0650,0,2,0,0,0,0,0,0,0,0,0,0,0,0,1,0,1,3,2015,CAR,SLB,56,2
136457,4255,KL-1400,1,0,1,0,0,0,0,0,0,0,0,0,0,0,3,1,1,6,2015,CAR,LDT,61,2
136458,4256,RH-0700,0,2,0,0,0,0,0,0,0,0,0,0,0,43,1,0,1,10,2015,CAR,SS,41,1
136459,4256,KC-1800,2,3,0,0,0,0,0,0,0,0,0,0,0,59,3.5,0,1,6,2015,CAR,FS,20,1
136460,4256,TB-1850,1,0,0,0,0,0,0,0,0,0,0,0,30,17,1,0,1,2,2015,CAR,FS,33,2
136461,4256,LK-0600,6,4,1,0,0,0,1,0,0,0,0,0,0,60,11,1,1,4,2015,CAR,MLB,59,1
136462,4256,ST-0550,3,2,0,0,0,0,0,0,0,0,0,0,0,24,4,0,1,1,2015,CAR,SLB,54,1
136463,4256,JN-1750,0,2,0,0,0,0,2,0,0,0,0,0,2,59,3,0,1,4,2015,CAR,RCB,24,1
136464,4256,RM-1900,2,2,0,0,0,0,2,0,0,0,0,0,0,58,5,0,1,6,2015,CAR,LCB,27,2
136465,4256,TD-0700,5,2,0,0,0,0,0,0,0,0,0,0,0,60,6,0,1,11,2015,CAR,WLB,58,1
136466,4256,DT-1950,3,5,0,0,0,0,0,2,0,0,0,0,0,64,9.5,4,1,4,2015,DEN,ILB,59,1
136467,4256,AT-0100,5,0,0,0,0,0,2,0,0,0,0,0,21,78,7,0,1,8,2015,DEN,LCB,21,1
136468,4256,DS-4300,3,0,1,0,0,0,2,0,1,0,0,0,0,73,9,1,1,6,2015,DEN,FS,26,1
136469,4256,DW-4250,2,3,0.5,0,0,0,0,0,0,0,0,0,0,56,4.5,0.5,1,4,2015,DEN,LDE,95,1
136470,4256,VM-0300,4,2,2.5,0,0,0,1,0,2,0,0,0,0,59,15,2.5,1,5,2015,DEN,SLB,58,1
136471,4256,MJ-0030,2,3,0,0,0,0,0,1,0,1,0,0,15,58,11.5,8,1,4,2015,DEN,RDE,97,1
136472,4256,TW-0600,4,2,0,0,0,1,0,1,0,0,0,0,0,70,9,4,1,6,2015,DEN,SS,43,1
136473,4256,SR-0250,1,0,0,0,0,0,0,0,1,0,0,0,0,20,3,0,1,1,2015,DEN,WLB,56,2
136474,4256,BR-1050,2,0,0,0,0,0,3,0,0,0,0,0,0,41,5,0,1,2,2015,DEN,RCB,29,2
136475,4256,KS-0850,1,0,0,0,0,0,0,0,0,0,0,0,0,46,1,0,1,3,2015,CAR,NT,99,1
136476,4256,TW-2250,0,0,0,0,0,0,0,0,0,0,0,0,10,0,0,0,1,6,2015,CAR,RCB,21,2
136477,4256,BM-0330,2,3,0,0,0,0,0,0,0,0,0,0,0,71,3.5,0,1,4,2015,DEN,ILB,54,1
136478,4256,KE-0050,3,1,3,0,0,1,0,1,1,0,0,0,0,23,15.5,7,1,2,2015,CAR,LDE,94,2
136479,4256,TD-0725,0,0,0,0,0,0,0,0,0,0,0,0,5,0,0,0,1,2,2015,DEN,ILB,51,2
136480,4256,CH-1500,4,1,1,0,0,0,0,0,0,0,0,0,0,79,6.5,1,1,5,2015,DEN,RCB,25,1
136481,4256,JA-0900,1,0,0,0,0,0,0,0,0,0,0,0,0,37,1,0,1,12,2015,CAR,RDE,69,1
136482,4256,CF-0500,2,2,0,0,0,0,0,0,0,0,0,0,0,38,3,0,1,10,2015,CAR,LCB,26,1
136483,4256,SL-0950,3,2,0,0,0,0,0,0,0,0,0,0,0,40,4,0,1,3,2015,CAR,LDT,98,1
136484,4256,SW-1750,1,1,0,0,0,0,1,0,0,0,0,0,0,45,2.5,0,1,3,2015,DEN,NT,92,1
136485,4256,JB-8150,0,1,0,0,0,0,0,0,0,0,0,0,0,24,0.5,0,1,4,2015,DEN,SS,20,2
136486,4256,DW-1100,2,3,2,0,0,0,0,0,0,0,0,0,0,60,7.5,2,1,11,2015,DEN,WLB,94,1
136487,4256,VW-0100,0,2,0,0,0,0,0,0,0,0,0,0,0,34,1,0,1,7,2015,DEN,LDE,96,2
136488,4256,CJ-1300,3,1,1,0,0,0,0,0,1,0,0,0,5,54,7.5,1,1,9,2015,CAR,LDE,95,1
136489,4256,CN-0450,1,0,0,0,0,0,0,0,0,0,0,0,0,0,1,0,1,2,2015,DEN,ILB,52,2
136490,4256,KL-1400,0,1,0,0,0,0,0,0,0,0,0,0,0,19,0.5,0,1,6,2015,CAR,LDT,61,2
