uid,gid,fpid,tname,drvn,obt,qtr,min,sec,yfog,plays,succ,rfd,pfd,ofd,ry,ra,py,pa,pc,peyf,peya,net,res
99005,4230,692685,NYJ,1,KOFF,1,1,36,20,3,0,0,0,0,0,1,6,2,1,0,5,1,PUNT
99006,4230,692690,BUF,1,PUNT,1,1,2,45,3,0,0,0,0,-5,1,0,2,0,0,0,0,PUNT
99007,4230,692694,NYJ,2,PUNT,1,2,52,10,5,1,1,0,0,15,4,0,1,0,0,0,15,PUNT
99008,4230,692700,BUF,2,PUNT,1,1,36,34,3,0,0,0,0,0,0,0,3,2,0,0,0,PUNT
99009,4230,692704,NYJ,3,PUNT,1,0,52,12,3,0,0,0,0,0,0,-3,3,0,0,5,-8,PUNT
99010,4230,692709,BUF,3,PUNT,1,1,19,75,3,2,1,0,0,25,3,0,0,0,0,0,25,TD
99011,4230,692714,NYJ,4,KOFF,1,1,24,20,3,0,0,0,0,2,1,-1,2,1,0,0,1,PUNT
99012,4230,692718,BUF,4,PUNT,1,6,21,30,13,9,4,1,1,30,8,29,5,4,11,0,70,TD
99013,4230,692733,NYJ,5,KOFF,2,0,53,20,5,1,1,0,0,58,1,0,3,0,0,0,58,MFG
99014,4230,692738,BUF,5,MFG,2,1,0,30,3,0,0,0,0,-1,1,0,2,0,0,0,-1,PUNT
99015,4230,692742,NYJ,6,PUNT,2,1,26,40,3,2,0,2,0,0,0,60,3,3,0,0,60,TD
99016,4230,692747,BUF,6,KOFF,2,9,16,28,15,4,0,3,1,23,9,47,5,4,5,5,70,DWNS
99017,4230,692765,NYJ,7,KOFF,2,0,23,21,1,1,0,0,0,7,1,0,0,0,0,0,7,ENDQ
99018,4230,692767,BUF,7,KOFF,3,0,50,20,2,0,1,0,0,-2,2,0,0,0,5,0,3,FUM
99019,4230,692770,NYJ,8,FUM,3,0,49,77,4,0,0,0,1,2,1,0,2,0,0,0,2,FG
99020,4230,692775,BUF,8,KOFF,3,8,19,15,14,5,0,4,0,12,7,64,6,4,0,10,66,FG
99021,4230,692791,NYJ,9,KOFF,3,3,52,23,11,7,0,5,0,5,1,72,10,6,0,0,77,TD
99022,4230,692804,BUF,9,KOFF,3,1,18,20,3,1,0,0,0,2,1,6,2,1,0,0,8,PUNT
99023,4230,692808,NYJ,10,PUNT,4,4,9,28,9,5,1,2,1,18,4,25,5,2,15,0,58,INT
99024,4230,692818,BUF,10,INT,4,6,54,20,13,5,1,2,0,20,7,36,5,3,0,0,56,FG
99025,4230,692832,NYJ,11,KOFF,4,1,58,20,7,3,1,1,0,6,2,19,5,3,0,0,25,INT
99026,4230,692839,BUF,11,INT,4,1,7,34,3,0,0,0,0,5,3,0,0,0,0,0,5,PUNT
99027,4230,692843,NYJ,12,PUNT,4,0,33,18,3,1,0,0,0,9,1,0,2,0,0,0,9,INT
99028,4230,692846,BUF,12,INT,4,0,11,60,1,0,0,0,0,-1,1,0,0,0,0,0,-1,ENDQ
99029,4231,692848,MIA,1,KOFF,1,0,59,20,4,1,0,1,0,3,1,11,3,1,0,0,14,PUNT
99030,4231,692853,NE,1,PUNT,1,2,11,16,3,0,0,0,0,2,2,6,1,1,0,0,8,PUNT
99031,4231,692857,MIA,2,PUNT,1,3,43,26,10,5,2,1,0,47,5,12,4,2,0,5,54,FG
99032,4231,692869,NE,2,KOFF,1,3,37,20,6,2,1,0,0,19,6,0,0,0,0,0,19,PUNT
99033,4231,692876,MIA,3,PUNT,1,5,23,20,12,4,0,3,0,8,6,40,5,3,4,0,52,MFG
99034,4231,692889,NE,3,MFG,2,6,1,36,11,6,2,1,0,33,8,20,2,1,5,10,48,FG
99035,4231,692903,MIA,4,KOFF,2,2,11,20,3,1,0,0,0,1,1,7,2,2,0,0,8,PUNT
99036,4231,692907,NE,4,PUNT,2,3,59,35,7,2,0,0,2,9,4,-6,2,2,34,0,37,MFG
99037,4231,692917,MIA,5,MFG,2,1,20,36,8,4,0,3,0,0,0,64,8,5,0,0,64,TD
99038,4231,692927,NE,5,KOFF,2,0,36,20,1,0,0,0,0,-1,1,0,0,0,0,0,-1,ENDQ
99039,4231,692929,NE,6,KOFF,3,2,28,20,4,3,1,1,0,4,2,72,2,2,4,0,80,TD
99040,4231,692936,MIA,6,KOFF,3,1,22,20,3,0,0,0,0,1,2,0,1,0,0,0,1,PUNT
99041,4231,692940,NE,7,PUNT,3,0,29,33,3,0,0,0,0,0,0,0,3,0,0,0,0,PUNT
99042,4231,692944,MIA,7,PUNT,3,2,57,28,6,1,0,1,0,3,3,29,3,1,0,5,32,PUNT
99043,4231,692952,NE,8,PUNT,3,2,15,20,5,1,0,0,1,0,0,8,5,2,15,10,13,PUNT
99044,4231,692960,MIA,8,PUNT,3,3,26,22,7,2,0,1,0,1,3,53,4,4,0,15,39,DWNS
99045,4231,692968,NE,9,DWNS,3,1,18,39,3,0,0,0,0,2,1,8,2,1,0,5,5,PUNT
99046,4231,692973,MIA,9,PUNT,3,2,48,16,6,3,1,1,0,7,2,27,4,2,0,0,34,PUNT
99047,4231,692981,NE,10,PUNT,4,3,7,4,6,2,0,1,0,1,2,26,4,3,0,0,27,PUNT
99048,4231,692988,MIA,10,PUNT,4,2,52,18,6,5,0,4,0,5,2,77,4,4,0,0,82,TD
99049,4231,692996,NE,11,KOFF,4,2,17,20,3,0,0,0,0,1,1,-14,2,0,0,0,-13,PUNT
99050,4231,693002,MIA,11,PUNT,4,2,45,55,9,3,1,1,0,22,7,22,1,1,0,0,44,FG
99051,4231,693012,NE,12,KOFF,4,0,37,20,4,1,0,0,0,0,0,6,4,1,0,0,6,DWNS
99052,4231,693016,MIA,12,DWNS,4,1,19,74,2,0,0,0,0,-2,2,0,0,0,0,0,-2,ENDQ
99053,4232,693019,NO,1,KOFF,1,2,26,20,5,1,0,1,0,5,2,14,3,2,0,0,19,PUNT
99054,4232,693025,ATL,1,PUNT,1,5,51,11,12,6,3,1,0,36,7,20,4,2,0,0,56,FG
99055,4232,693038,NO,2,KOFF,1,3,30,30,8,6,1,2,0,20,5,58,3,2,2,10,70,TD
99056,4232,693050,ATL,2,KOFF,1,3,49,18,8,6,1,3,0,12,3,71,5,4,0,0,82,TD
99057,4232,693060,NO,3,KOFF,2,3,37,32,9,6,0,5,0,0,0,68,9,7,0,0,68,TD
99058,4232,693071,ATL,3,KOFF,2,3,35,22,8,2,0,2,0,-1,2,52,5,3,0,0,51,BLFG
99059,4232,693079,NO,4,BLFG,2,3,43,35,7,3,0,2,0,5,1,43,6,6,0,0,48,DWNS
99060,4232,693086,ATL,4,DWNS,2,3,3,17,9,6,0,4,1,7,3,61,6,5,15,0,83,TD
99061,4232,693098,NO,5,KOFF,2,0,26,20,1,0,0,0,0,-1,1,0,0,0,0,0,-1,ENDQ
99062,4232,693100,ATL,5,KOFF,3,4,23,20,8,3,0,2,0,10,3,12,5,2,15,10,27,PUNT
99063,4232,693111,NO,6,PUNT,3,5,8,8,12,6,2,2,0,19,3,45,8,5,5,0,69,FG
99064,4232,693125,ATL,6,KOFF,3,6,15,27,12,6,2,4,0,22,6,42,6,4,5,0,69,FUM
99065,4232,693138,NO,7,FUM,4,8,10,4,16,11,3,4,1,6,5,88,11,9,0,0,94,FUM
99066,4232,693154,ATL,7,FUM,4,3,25,1,7,3,0,2,1,2,2,69,5,4,0,15,71,PUNT
99067,4232,693162,NO,8,PUNT,4,0,52,14,3,1,0,0,0,0,0,7,3,1,0,0,7,PUNT
99068,4232,693166,ATL,8,PUNT,4,0,5,24,1,0,0,0,0,0,0,0,1,0,0,0,0,INT
99069,4232,693167,NO,9,INT,4,1,42,75,6,3,1,0,0,13,5,0,0,0,0,0,13,FG
99070,4233,693174,CIN,1,KOFF,1,2,39,20,5,2,0,1,0,12,2,11,3,1,0,5,18,PUNT
99071,4233,693181,BAL,1,PUNT,1,3,30,17,6,4,0,1,0,14,3,4,3,2,0,0,18,PUNT
99072,4233,693188,CIN,2,PUNT,1,4,11,17,7,3,1,1,0,19,4,13,3,2,0,10,22,PUNT
99073,4233,693197,BAL,2,PUNT,1,2,51,22,9,3,0,2,0,7,2,30,7,2,0,5,32,PUNT
99074,4233,693208,CIN,3,PUNT,1,1,39,4,3,0,0,0,0,6,2,0,1,0,0,0,6,PUNT
99075,4233,693212,BAL,3,PUNT,1,2,14,52,7,3,1,1,0,18,4,20,2,1,0,0,38,FG
99076,4233,693220,CIN,4,KOFF,2,3,37,20,6,3,0,2,0,0,0,37,6,3,0,25,12,PUNT
99077,4233,693230,BAL,4,PUNT,2,4,24,35,10,2,0,2,0,6,3,27,6,3,0,0,33,FG
99078,4233,693241,CIN,5,KOFF,2,3,6,19,8,6,1,3,1,14,2,44,6,4,23,0,81,TD
99079,4233,693252,BAL,5,KOFF,2,1,49,14,10,4,0,3,0,1,1,54,8,6,0,0,55,FG
99080,4233,693263,BAL,6,KOFF,3,1,4,18,3,1,0,1,0,2,1,11,2,1,0,0,13,INT
99081,4233,693266,CIN,6,INT,3,2,34,67,5,4,0,3,0,7,2,26,3,3,0,0,33,TD
99082,4233,693273,BAL,7,KOFF,3,2,15,37,7,1,0,1,0,1,1,20,6,2,4,0,25,DWNS
99083,4233,693281,CIN,7,DWNS,3,2,12,38,6,3,2,0,0,53,2,9,4,1,0,0,62,TD
99084,4233,693289,BAL,8,KOFF,3,3,51,26,9,3,1,1,0,4,2,22,7,3,0,0,26,PUNT
99085,4233,693299,CIN,8,PUNT,3,2,32,6,3,1,0,0,0,5,1,0,2,2,0,5,0,PUNT
99086,4233,693304,BAL,9,PUNT,3,3,35,51,7,2,0,1,0,6,3,21,4,2,0,5,22,DWNS
99087,4233,693312,CIN,9,DWNS,4,2,20,28,3,2,0,0,0,9,3,0,0,0,0,0,9,PUNT
99088,4233,693316,BAL,10,PUNT,4,1,4,5,3,0,0,0,0,0,1,0,2,0,11,0,11,PUNT
99089,4233,693321,CIN,10,PUNT,4,4,27,46,8,5,1,1,0,19,5,7,2,1,0,5,21,FG
99090,4233,693331,BAL,11,KOFF,4,2,20,25,8,6,0,5,0,0,0,73,8,8,2,0,75,TD
99091,4233,693342,CIN,11,KOFF,4,1,5,56,3,0,0,0,0,3,3,0,0,0,0,5,3,PUNT
99092,4233,693347,BAL,12,PUNT,4,0,17,9,2,0,0,0,0,0,0,0,2,0,0,0,0,INT
99093,4233,693349,CIN,12,INT,4,0,24,85,1,0,0,0,0,-2,1,0,0,0,0,0,-2,ENDQ
99094,4234,693351,PIT,1,KOFF,1,2,8,22,5,2,0,2,0,1,1,24,4,3,0,0,25,FUM
99095,4234,693356,CLE,1,FUM,1,1,28,61,4,1,0,0,1,0,1,9,3,2,0,0,9,DWNS
99096,4234,693360,PIT,2,DWNS,1,4,18,30,8,6,0,4,0,1,1,74,7,7,0,5,70,TD
99097,4234,693371,CLE,2,KOFF,1,3,38,21,5,2,0,1,0,0,1,-3,4,2,5,0,2,PUNT
99098,4234,693378,PIT,3,PUNT,1,0,7,29,1,0,0,0,0,0,0,0,1,0,0,0,0,INT
99099,4234,693379,CLE,3,INT,1,2,10,76,6,1,1,0,0,13,2,0,3,1,0,0,13,FG
99100,4234,693386,PIT,4,KOFF,1,3,40,20,9,4,0,3,0,6,3,49,5,4,0,5,50,MFG
99101,4234,693396,CLE,4,MFG,2,3,28,38,6,2,1,0,0,7,3,6,3,2,5,0,18,PUNT
99102,4234,693404,PIT,5,PUNT,2,1,49,7,3,1,0,0,0,7,2,0,1,0,0,0,7,PUNT
99103,4234,693408,CLE,5,PUNT,2,5,18,48,11,6,1,2,0,15,4,21,6,3,0,5,31,FG
99104,4234,693421,PIT,6,KOFF,2,0,58,20,6,4,0,3,0,0,0,80,6,4,0,0,80,TD
99105,4234,693429,CLE,6,KOFF,2,0,58,20,9,3,0,3,0,0,0,65,8,3,0,0,65,FG
99106,4234,693439,CLE,7,KOFF,3,1,0,7,3,0,0,0,0,2,1,0,2,0,0,0,2,PUNT
99107,4234,693443,PIT,7,PUNT,3,0,55,38,2,0,0,0,0,2,1,0,1,0,0,0,2,INT
99108,4234,693445,CLE,8,INT,3,0,53,91,3,1,0,0,0,4,1,0,2,0,0,0,4,INT
99109,4234,693448,PIT,8,INT,3,2,33,5,7,1,0,1,0,3,2,66,4,1,5,0,74,FG
99110,4234,693457,CLE,9,KOFF,3,9,46,27,17,8,2,2,0,45,10,27,6,4,5,15,62,FG
99111,4234,693476,PIT,9,KOFF,4,3,6,19,5,3,0,2,0,4,2,27,3,2,0,0,31,PUNT
99112,4234,693482,CLE,10,PUNT,4,0,58,1,3,1,0,2,0,0,0,7,3,1,0,0,7,FUM
99113,4234,693487,PIT,10,FUM,4,0,12,92,2,2,0,1,1,0,0,8,1,1,0,0,8,TD
99114,4234,693490,PIT,11,KOFF,4,2,57,72,6,2,0,1,0,4,2,21,3,2,0,0,25,FG
99115,4234,693497,CLE,11,KOFF,4,3,13,22,7,3,0,2,0,0,0,27,7,3,10,5,32,INT
99116,4234,693507,PIT,12,INT,4,2,21,44,3,1,0,0,0,4,3,0,0,0,0,5,4,PUNT
99117,4234,693512,CLE,12,PUNT,4,1,1,20,6,2,0,1,0,0,0,18,6,3,5,0,23,DWNS
99118,4234,693519,PIT,13,DWNS,4,1,5,57,2,0,0,0,0,-2,2,0,0,0,0,0,-2,ENDQ
99119,4235,693522,JAC,1,KOFF,1,1,26,34,3,0,0,0,0,3,1,-8,2,0,0,0,-5,PUNT
99120,4235,693526,HOU,1,PUNT,1,1,24,22,3,0,0,0,0,1,1,-7,2,0,0,0,-6,PUNT
99121,4235,693530,JAC,2,PUNT,1,3,16,41,6,0,0,0,1,6,2,16,4,2,5,10,17,DWNS
99122,4235,693538,HOU,2,DWNS,1,3,30,42,8,3,0,2,0,10,2,34,5,3,8,5,47,FG
99123,4235,693548,JAC,3,KOFF,1,1,37,24,3,0,0,0,0,3,1,-6,2,0,0,0,-3,PUNT
99124,4235,693552,HOU,3,PUNT,1,4,33,21,10,7,1,3,1,13,3,61,7,5,5,0,79,TD
99125,4235,693565,JAC,4,KOFF,2,4,1,20,8,4,1,1,0,13,4,42,3,2,0,0,55,FG
99126,4235,693574,HOU,4,KOFF,2,1,32,20,3,1,0,0,0,1,1,5,2,1,0,0,6,PUNT
99127,4235,693578,JAC,5,PUNT,2,0,47,42,2,0,1,0,0,0,2,0,0,0,0,0,0,FUM
99128,4235,693580,HOU,5,FUM,2,2,17,58,6,4,2,0,1,33,3,1,3,1,0,0,42,TD
99129,4235,693588,JAC,6,KOFF,2,2,20,12,5,2,0,1,0,6,1,18,4,1,0,0,24,PUNT
99130,4235,693594,HOU,6,PUNT,2,1,47,13,4,1,1,0,0,18,3,0,1,0,0,5,13,PUNT
99131,4235,693600,JAC,7,PUNT,2,0,18,38,3,0,0,0,0,0,0,0,3,0,0,0,0,INT
99132,4235,693603,HOU,7,INT,2,1,12,25,8,3,0,3,0,0,0,47,7,4,0,5,42,FG
99133,4235,693614,HOU,8,KOFF,3,2,49,20,4,1,0,0,1,6,2,6,2,2,5,5,12,PUNT
99134,4235,693621,JAC,8,PUNT,3,2,18,39,4,1,0,1,0,-2,1,17,3,2,0,0,15,PUNT
99135,4235,693626,HOU,9,PUNT,3,6,4,11,11,5,2,2,0,33,6,22,5,3,0,0,55,DWNS
99136,4235,693637,JAC,9,DWNS,3,1,4,34,3,0,0,0,0,3,1,0,2,0,0,0,3,PUNT
99137,4235,693641,HOU,10,PUNT,3,0,11,13,1,0,0,0,0,0,0,0,1,0,0,0,0,INT
99138,4235,693642,JAC,10,INT,3,1,51,87,4,1,0,0,0,0,1,-3,2,1,0,0,-3,FG
99139,4235,693647,HOU,11,KOFF,3,4,29,20,9,4,1,2,0,16,3,47,5,3,0,15,48,MFG
99140,4235,693658,JAC,11,MFG,4,1,58,40,3,2,0,3,0,0,0,50,3,2,0,10,40,FUM
99141,4235,693662,HOU,12,FUM,4,5,52,25,11,6,2,1,1,29,7,18,3,3,0,5,42,FG
99142,4235,693675,JAC,12,KOFF,4,0,15,21,1,0,0,0,0,0,0,0,1,0,0,0,0,INT
99143,4235,693678,JAC,13,KOFF,4,3,9,20,11,7,0,4,0,0,0,57,11,7,0,5,52,ENDQ
99144,4236,693691,IND,1,KOFF,1,6,3,20,13,6,2,2,0,26,5,23,7,4,0,0,49,FG
99145,4236,693705,TEN,1,KOFF,1,1,35,20,3,0,0,0,0,7,1,13,2,1,0,15,5,PUNT
99146,4236,693709,IND,2,PUNT,1,2,4,13,3,0,0,0,0,2,1,5,2,2,0,0,7,PUNT
99147,4236,693713,TEN,2,PUNT,1,1,35,45,3,1,0,0,0,4,1,-9,2,0,0,0,-5,PUNT
99148,4236,693717,IND,3,PUNT,1,1,18,8,3,0,0,0,0,1,2,0,1,0,0,0,1,INT
99149,4236,693720,TEN,3,INT,1,0,4,95,1,1,1,0,0,5,1,0,0,0,0,0,5,TD
99150,4236,693723,IND,4,KOFF,1,2,9,31,4,2,0,2,0,3,1,66,3,3,15,0,69,TD
99151,4236,693729,TEN,4,KOFF,1,4,47,20,11,4,2,2,1,40,5,25,6,4,15,0,80,TD
99152,4236,693742,IND,5,KOFF,2,3,56,20,7,3,2,0,1,41,5,0,1,0,5,0,46,FG
99153,4236,693751,TEN,5,KOFF,2,1,30,20,3,2,0,0,0,9,2,0,1,0,0,0,9,PUNT
99154,4236,693755,IND,6,PUNT,2,2,17,17,6,3,1,1,0,17,2,14,4,1,0,0,31,PUNT
99155,4236,693762,TEN,6,PUNT,2,1,3,2,3,0,0,0,0,7,2,0,1,0,0,0,7,PUNT
99156,4236,693766,IND,7,PUNT,2,1,26,42,8,6,0,4,0,0,0,58,8,6,0,0,58,TD
99157,4236,693776,TEN,7,KOFF,2,0,13,20,1,0,0,0,0,-1,1,0,0,0,0,0,-1,ENDQ
99158,4236,693778,TEN,8,KOFF,3,0,41,35,3,0,0,0,0,5,1,0,2,0,0,10,-5,INT
99159,4236,693783,TEN,9,KOFF,3,6,49,20,11,5,1,2,0,36,6,13,4,3,0,0,49,FG
99160,4236,693795,IND,8,KOFF,3,3,35,20,8,3,1,1,0,9,3,22,5,2,5,0,36,PUNT
99161,4236,693805,TEN,10,PUNT,3,2,44,15,4,3,0,1,0,9,3,16,1,1,0,0,25,PUNT
99162,4236,693810,IND,9,PUNT,3,1,59,8,3,1,0,0,0,3,1,-1,2,1,0,0,2,PUNT
99163,4236,693814,TEN,11,PUNT,4,3,5,41,6,4,1,3,1,14,3,30,3,3,15,0,59,TD
99164,4236,693822,IND,10,KOFF,4,1,3,20,3,0,0,0,0,4,1,0,2,0,0,0,4,PUNT
99165,4236,693826,TEN,12,PUNT,4,1,37,23,3,0,0,0,0,2,1,-9,2,0,0,0,-7,PUNT
99166,4236,693830,IND,11,PUNT,4,6,2,50,13,6,2,1,0,25,8,13,4,2,0,5,33,FG
99167,4236,693844,TEN,13,KOFF,4,1,0,20,7,1,0,1,0,0,0,15,7,3,0,0,15,DWNS
99168,4236,693851,IND,12,DWNS,4,1,25,66,3,0,0,0,0,-4,3,0,0,0,0,0,-4,ENDQ
99169,4237,693855,DAL,1,KOFF,1,1,28,20,3,1,0,0,0,7,2,0,1,0,0,0,7,PUNT
99170,4237,693859,WAS,1,PUNT,1,2,45,28,4,2,0,1,0,0,1,17,3,3,0,0,17,PUNT
99171,4237,693864,DAL,2,PUNT,1,0,56,7,3,0,0,0,0,2,1,0,2,0,0,0,2,PUNT
99172,4237,693868,WAS,2,PUNT,1,0,44,51,2,2,0,2,0,0,0,49,2,2,0,0,49,TD
99173,4237,693872,DAL,3,KOFF,1,3,15,20,6,3,1,1,0,8,2,18,4,2,0,0,26,INT
99174,4237,693878,WAS,3,INT,1,1,32,57,3,2,0,1,0,4,2,39,1,1,0,0,43,TD
99175,4237,693883,DAL,4,KOFF,1,0,45,20,2,1,2,0,0,14,2,0,0,0,0,0,14,FUM
99176,4237,693885,WAS,4,FUM,1,3,16,70,8,6,2,1,1,21,4,9,4,2,0,0,30,TD
99177,4237,693895,DAL,5,KOFF,1,2,45,25,5,1,0,1,0,6,2,16,3,3,0,15,7,PUNT
99178,4237,693901,WAS,5,PUNT,2,4,18,23,8,2,0,2,0,3,2,62,5,4,0,0,68,FG
99179,4237,693910,DAL,6,KOFF,2,4,41,20,9,6,1,4,0,6,3,74,6,5,0,0,80,TD
99180,4237,693921,WAS,6,KOFF,2,2,8,20,5,1,0,1,0,6,2,-2,3,1,0,0,4,PUNT
99181,4237,693927,DAL,7,PUNT,2,1,6,14,7,7,0,5,0,0,0,86,7,7,0,0,86,TD
99182,4237,693936,WAS,7,KOFF,2,0,21,20,1,0,0,0,0,-1,1,0,0,0,0,0,-1,ENDQ
99183,4237,693938,WAS,8,KOFF,3,1,30,20,3,0,0,0,0,1,1,5,2,1,0,0,6,PUNT
99184,4237,693942,DAL,8,PUNT,3,2,12,9,4,1,1,0,0,35,2,-6,2,0,0,0,29,PUNT
99185,4237,693947,WAS,9,PUNT,3,8,21,11,14,6,4,1,0,60,10,24,3,1,0,10,74,FG
99186,4237,693963,DAL,9,KOFF,3,1,34,23,3,0,0,0,0,0,0,5,3,1,0,0,5,PUNT
99187,4237,693967,WAS,10,PUNT,3,1,32,28,3,1,0,1,0,11,2,71,1,1,0,10,72,TD
99188,4237,693973,DAL,10,KOFF,4,2,24,20,8,5,1,3,0,2,1,76,7,4,0,0,78,INT
99189,4237,693981,WAS,11,INT,4,0,7,1,1,0,0,0,0,-1,1,0,0,0,0,0,-1,SAF
99190,4237,693984,DAL,11,KOFF,4,1,25,33,6,3,0,2,0,20,1,44,5,2,0,0,64,FUM
99191,4237,693990,WAS,12,FUM,4,3,5,20,4,2,1,0,1,24,2,7,2,2,0,0,31,PUNT
99192,4237,693995,DAL,12,PUNT,4,3,34,11,12,8,0,6,0,0,0,99,12,9,0,10,89,TD
99193,4237,694010,WAS,13,KOFF,4,4,16,52,9,3,1,1,0,18,8,10,1,1,0,0,28,ENDQ
99194,4238,694020,PHI,1,KOFF,1,1,50,20,5,4,1,2,0,54,1,26,4,3,0,0,80,TD
99195,4238,694027,NYG,1,KOFF,1,3,57,20,8,5,1,1,0,21,4,15,4,2,0,0,36,PUNT
99196,4238,694037,PHI,2,PUNT,1,1,58,2,3,0,0,0,0,1,1,2,2,1,5,1,7,PUNT
99197,4238,694043,NYG,2,PUNT,1,3,8,53,9,5,1,2,0,15,3,29,5,2,0,0,44,FG
99198,4238,694053,PHI,3,KOFF,1,2,31,15,6,4,2,1,0,16,3,69,3,2,0,0,85,TD
99199,4238,694061,NYG,3,KOFF,1,2,48,20,10,6,3,0,0,73,6,-5,3,0,0,0,68,FG
99200,4238,694072,PHI,4,KOFF,2,1,34,20,4,1,0,1,0,3,2,11,2,1,0,0,14,INT
99201,4238,694076,NYG,4,INT,2,1,13,65,3,3,0,2,0,5,1,30,2,2,0,0,35,TD
99202,4238,694081,PHI,5,KOFF,2,6,23,20,16,8,1,5,0,8,5,72,11,9,0,0,80,TD
99203,4238,694099,NYG,5,KOFF,2,4,25,20,13,9,4,3,0,21,7,54,6,5,5,0,80,TD
99204,4238,694115,PHI,6,KOFF,2,0,13,33,1,0,0,0,0,-1,1,0,0,0,0,0,-1,ENDQ
99205,4238,694117,NYG,6,KOFF,3,3,9,20,6,2,1,1,0,23,3,18,3,2,0,0,41,PUNT
99206,4238,694124,PHI,7,PUNT,3,2,31,3,6,4,2,1,0,14,3,30,3,2,0,0,44,FUM
99207,4238,694130,NYG,7,FUM,3,0,9,55,1,1,0,1,1,0,0,45,1,1,0,0,45,TD
99208,4238,694133,PHI,8,KOFF,3,1,39,20,3,0,0,0,0,0,1,3,2,1,0,0,3,PUNT
99209,4238,694137,NYG,8,PUNT,3,3,58,39,7,4,0,3,0,16,4,28,3,2,5,5,44,FUM
99210,4238,694148,NYG,9,KOFF,3,3,3,20,6,3,1,1,0,23,4,19,2,1,0,0,42,PUNT
99211,4238,694155,PHI,9,PUNT,3,6,12,9,13,11,1,5,0,18,5,73,8,8,0,0,91,TD
99212,4238,694170,NYG,10,KOFF,4,4,49,20,12,5,0,3,0,11,4,39,7,4,0,0,50,FG
99213,4238,694183,PHI,10,KOFF,4,2,47,20,7,5,1,1,0,8,3,29,4,3,0,0,37,PUNT
99214,4238,694191,NYG,11,PUNT,4,1,15,20,9,3,0,2,0,0,0,22,9,3,0,0,22,DWNS
99215,4238,694200,PHI,11,DWNS,4,0,28,58,1,0,0,0,0,-1,1,0,0,0,0,0,-1,ENDQ
99216,4239,694202,DET,1,KOFF,1,4,46,23,9,8,2,3,0,23,3,54,6,5,0,0,77,TD
99217,4239,694213,CHI,1,KOFF,1,7,52,18,14,8,3,2,0,44,8,33,6,5,0,0,77,INT
99218,4239,694227,DET,2,INT,1,1,45,20,3,0,0,0,0,0,0,-6,3,0,0,0,-6,PUNT
99219,4239,694231,CHI,2,PUNT,1,2,41,15,4,3,1,0,0,12,3,6,1,1,0,0,18,PUNT
99220,4239,694236,DET,3,PUNT,2,6,0,20,11,4,0,3,0,3,3,41,7,5,0,0,44,MFG
99221,4239,694247,CHI,3,MFG,2,1,32,44,3,0,0,0,0,3,1,-5,2,0,0,0,-2,PUNT
99222,4239,694251,DET,4,PUNT,2,4,45,3,11,6,0,4,0,6,2,56,9,6,0,0,62,DWNS
99223,4239,694262,CHI,4,DWNS,2,0,28,35,3,1,0,1,0,0,0,21,3,1,0,0,21,INT
99224,4239,694265,DET,5,INT,2,0,11,62,3,0,0,0,0,0,0,-2,2,1,0,0,-2,FG
99225,4239,694269,CHI,5,KOFF,3,5,57,17,10,5,1,1,0,15,6,37,3,3,0,0,52,FG
99226,4239,694280,DET,6,KOFF,3,2,13,13,3,0,0,0,0,2,1,-2,2,1,0,5,-5,PUNT
99227,4239,694285,CHI,6,PUNT,3,1,22,59,3,2,0,1,0,7,2,34,1,1,0,0,41,TD
99228,4239,694290,DET,7,KOFF,3,4,21,28,8,5,2,2,0,25,5,47,3,2,0,0,72,TD
99229,4239,694300,CHI,7,KOFF,3,2,47,17,6,4,0,3,0,9,2,74,4,3,0,0,83,TD
99230,4239,694308,DET,8,KOFF,4,4,34,20,8,7,0,4,0,7,2,73,6,5,0,0,80,TD
99231,4239,694318,CHI,8,KOFF,4,3,7,47,7,2,0,2,0,3,1,29,5,2,5,0,37,FG
99232,4239,694327,DET,9,KOFF,4,2,4,4,4,1,0,1,0,0,0,15,4,2,0,7,8,PUNT
99233,4239,694333,CHI,9,PUNT,4,1,44,43,4,2,1,0,0,15,2,5,2,1,0,0,20,INT
99234,4239,694337,DET,10,INT,4,1,51,33,6,2,0,1,0,1,5,6,1,1,0,0,7,ENDQ
99235,4240,694344,KC,1,KOFF,1,4,8,20,8,5,1,4,0,15,3,65,5,4,0,0,80,TD
99236,4240,694354,OAK,1,KOFF,1,3,56,25,6,3,0,2,0,7,3,19,3,2,0,0,26,PUNT
99237,4240,694361,KC,2,PUNT,1,6,5,13,12,8,5,1,0,56,7,26,5,3,5,0,87,TD
99238,4240,694376,OAK,2,KOFF,1,2,11,62,5,3,0,1,0,3,2,29,2,2,0,5,27,FG
99239,4240,694383,KC,3,KOFF,2,5,27,16,8,2,1,1,0,26,6,14,2,1,0,0,40,PUNT
99240,4240,694392,OAK,3,PUNT,2,1,46,7,5,1,0,1,0,1,1,11,4,2,0,0,12,PUNT
99241,4240,694398,KC,4,PUNT,2,0,7,31,1,0,0,0,0,0,0,0,1,0,0,0,0,INT
99242,4240,694399,OAK,4,INT,2,2,46,54,5,3,1,0,0,16,3,6,2,1,0,0,22,INT
99243,4240,694404,KC,5,INT,2,0,7,20,1,0,0,0,0,0,0,0,1,0,15,0,0,INT
99244,4240,694407,KC,6,KOFF,2,1,30,55,3,0,0,0,0,6,2,0,1,0,0,0,6,PUNT
99245,4240,694411,OAK,5,PUNT,2,1,41,9,6,2,0,1,0,2,1,23,5,2,0,5,20,PUNT
99246,4240,694419,KC,7,PUNT,2,0,16,25,1,0,0,0,0,-1,1,0,0,0,0,0,-1,ENDQ
99247,4240,694421,OAK,6,KOFF,3,1,6,29,3,0,0,0,0,1,1,0,2,0,0,0,1,PUNT
99248,4240,694425,KC,8,PUNT,3,2,52,24,5,3,1,0,0,1,2,15,3,2,9,0,25,PUNT
99249,4240,694432,OAK,7,PUNT,3,2,3,10,3,0,0,0,0,6,1,-9,2,0,0,0,-3,BLPU
99250,4240,694437,KC,9,BLPU,3,1,56,47,4,3,0,2,0,11,2,32,2,2,15,5,53,TD
99251,4240,694444,OAK,8,KOFF,3,3,37,22,6,1,0,1,0,2,2,18,4,3,0,0,20,PUNT
99252,4240,694451,KC,10,PUNT,3,3,8,29,6,3,0,1,0,9,2,-3,4,1,5,0,11,PUNT
99253,4240,694459,OAK,9,PUNT,3,3,13,22,6,1,0,1,0,0,0,17,6,3,0,0,17,PUNT
99254,4240,694466,KC,11,PUNT,4,8,50,20,13,9,4,0,0,61,11,1,2,2,0,10,52,DWNS
99255,4240,694480,OAK,10,DWNS,4,1,17,28,5,3,1,1,1,10,2,33,3,2,29,0,72,TD
99256,4240,694488,KC,12,KOFF,4,0,24,53,3,1,0,0,0,5,3,0,0,0,0,0,5,PUNT
99257,4240,694492,OAK,11,PUNT,4,1,34,11,6,1,0,1,1,0,0,10,6,4,11,0,21,ENDQ
99258,4241,694500,DEN,1,KOFF,1,0,31,20,2,2,0,1,0,0,0,80,2,2,0,0,80,TD
99259,4241,694504,SD,1,KOFF,1,4,19,20,10,5,1,2,0,21,4,27,5,3,0,0,48,FG
99260,4241,694515,DEN,2,KOFF,1,1,49,20,5,2,2,1,0,28,4,46,1,1,0,0,74,FUM
99261,4241,694520,SD,2,FUM,1,1,29,5,3,1,0,0,1,4,2,0,1,0,0,0,4,PUNT
99262,4241,694524,DEN,3,PUNT,1,2,6,35,6,3,0,1,0,6,1,17,5,2,0,0,23,INT
99263,4241,694530,SD,3,INT,1,3,15,37,6,3,1,0,0,8,4,8,2,1,0,0,16,PUNT
99264,4241,694537,DEN,4,PUNT,1,2,11,20,6,3,1,2,0,20,2,31,4,2,0,0,51,FUM
99265,4241,694543,SD,4,FUM,2,1,4,29,3,0,0,0,1,4,1,0,2,0,0,0,4,PUNT
99266,4241,694547,DEN,5,PUNT,2,3,53,23,6,2,0,1,0,6,3,20,3,3,0,0,26,PUNT
99267,4241,694554,SD,5,PUNT,2,2,21,11,3,1,0,0,0,0,1,2,2,1,0,5,-3,PUNT
99268,4241,694559,DEN,6,PUNT,2,0,12,49,1,0,0,0,0,0,0,0,1,0,0,0,0,INT
99269,4241,694560,SD,6,INT,2,0,58,72,4,0,0,0,0,4,1,0,2,0,0,0,4,FG
99270,4241,694565,DEN,7,KOFF,2,1,37,20,3,0,0,0,0,-2,1,2,2,1,0,0,0,PUNT
99271,4241,694569,SD,7,PUNT,2,3,17,39,5,1,0,1,0,8,2,7,3,2,5,15,10,PUNT
99272,4241,694577,DEN,8,PUNT,2,0,58,27,5,2,0,1,0,7,1,18,4,2,0,10,15,ENDQ
99273,4241,694584,SD,8,KOFF,3,3,7,20,6,3,0,1,0,12,4,8,2,1,0,0,20,PUNT
99274,4241,694591,DEN,9,PUNT,3,0,30,5,2,1,1,1,0,6,1,10,1,1,0,0,16,FUM
99275,4241,694593,SD,9,FUM,3,3,5,68,5,2,1,1,1,22,3,5,2,1,5,0,32,TD
99276,4241,694601,DEN,10,KOFF,3,2,54,20,8,7,4,1,0,55,6,20,2,2,5,0,80,TD
99277,4241,694612,SD,10,KOFF,3,4,55,20,9,5,1,1,0,6,2,36,7,5,0,0,42,DWNS
99278,4241,694621,DEN,11,DWNS,3,2,20,38,7,3,1,1,0,21,3,16,3,1,0,5,32,FG
99279,4241,694630,SD,11,KOFF,4,0,11,20,1,1,0,1,0,0,0,80,1,1,0,5,-20,TD
99280,4241,694634,DEN,12,KOFF,4,3,13,20,7,3,1,2,0,25,3,33,3,2,5,0,63,FG
99281,4241,694643,SD,12,KOFF,4,1,58,20,3,2,0,0,0,0,0,19,3,3,0,10,9,PUNT
99282,4241,694648,DEN,13,PUNT,4,1,28,23,3,0,0,0,0,2,1,0,2,0,0,0,2,PUNT
99283,4241,694652,SD,13,PUNT,4,1,29,22,3,0,0,0,0,3,2,0,1,0,0,0,3,INT
99284,4241,694655,DEN,14,INT,4,0,6,77,1,1,1,0,0,23,1,0,0,0,0,0,23,TD
99285,4241,694658,SD,14,KOFF,4,3,4,20,8,3,1,1,1,18,3,15,5,3,10,0,40,DWNS
99286,4241,694668,DEN,15,DWNS,4,1,40,40,5,1,1,0,0,13,5,0,0,0,0,0,13,ENDQ
99287,4242,694674,ARI,1,KOFF,1,2,19,20,4,1,0,1,0,1,1,18,3,2,0,0,19,PUNT
99288,4242,694679,SEA,1,PUNT,1,7,19,12,12,7,3,2,0,59,8,39,4,4,0,10,88,TD
99289,4242,694694,ARI,2,KOFF,1,0,49,20,2,0,0,0,0,0,1,0,1,0,0,0,0,INT
99290,4242,694696,SEA,2,INT,1,1,25,59,4,1,0,0,0,5,1,2,2,1,0,0,7,FG
99291,4242,694701,ARI,3,KOFF,1,6,9,20,12,5,1,4,1,12,6,53,6,4,15,0,80,TD
99292,4242,694715,SEA,3,KOFF,2,5,57,20,11,7,2,3,0,22,7,58,4,3,0,0,80,TD
99293,4242,694728,ARI,4,KOFF,2,2,4,20,6,1,0,1,0,5,1,6,5,1,0,5,6,PUNT
99294,4242,694736,SEA,4,PUNT,2,0,7,92,1,1,0,1,0,0,0,8,1,1,0,0,8,TD
99295,4242,694739,ARI,5,KOFF,2,0,52,20,3,1,0,0,0,0,0,6,3,1,0,0,6,PUNT
99296,4242,694743,SEA,5,PUNT,2,0,51,73,3,1,0,1,0,3,1,24,2,1,0,0,27,TD
99297,4242,694748,ARI,6,KOFF,2,0,31,20,3,1,0,0,0,0,0,9,3,1,0,0,9,PUNT
99298,4242,694752,SEA,6,PUNT,2,1,10,49,8,3,0,2,0,0,0,24,7,3,5,0,29,MFG
99299,4242,694761,ARI,7,MFG,2,0,27,30,5,3,0,2,0,0,0,37,4,3,0,0,37,MFG
99300,4242,694767,SEA,7,KOFF,3,5,21,35,10,4,2,1,0,28,5,22,4,3,0,0,50,FG
99301,4242,694778,ARI,8,KOFF,3,1,22,10,4,0,1,0,1,7,2,0,2,0,15,0,22,INT
99302,4242,694782,SEA,8,INT,3,3,28,67,7,2,0,1,0,10,3,-11,3,1,0,0,-1,FG
99303,4242,694790,ARI,9,KOFF,3,1,28,20,3,2,0,0,0,3,1,5,2,1,0,0,8,PUNT
99304,4242,694794,SEA,9,PUNT,3,3,9,33,5,1,0,1,0,-4,3,15,2,2,0,0,11,PUNT
99305,4242,694800,ARI,10,PUNT,3,0,59,10,4,0,0,1,1,0,0,-8,4,0,15,5,2,PUNT
99306,4242,694806,SEA,10,PUNT,4,2,37,34,3,2,0,0,0,14,3,0,0,0,0,5,9,PUNT
99307,4242,694811,ARI,11,PUNT,4,6,23,10,13,7,0,5,0,-1,1,79,12,7,0,0,78,INT
99308,4242,694824,SEA,11,INT,4,5,13,40,10,4,0,2,0,8,6,28,4,3,5,0,41,ENDQ
99309,4243,694835,STL,1,KOFF,1,3,5,8,5,2,1,0,0,2,2,14,3,2,0,0,11,PUNT
99310,4243,694841,SF,1,PUNT,1,1,29,53,3,0,0,0,0,-3,1,7,2,1,0,0,4,PUNT
99311,4243,694845,STL,2,PUNT,1,2,15,13,6,2,1,1,0,18,2,54,3,1,0,0,72,FG
99312,4243,694852,SF,2,KOFF,1,2,47,19,4,1,1,0,0,13,2,2,2,2,0,0,15,PUNT
99313,4243,694857,STL,3,PUNT,1,2,5,11,3,1,0,0,0,1,2,7,1,1,0,0,8,PUNT
99314,4243,694861,SF,3,PUNT,1,3,27,30,7,4,1,2,0,6,3,69,4,4,0,5,70,TD
99315,4243,694871,STL,4,KOFF,2,3,33,30,7,4,0,2,0,13,3,21,4,2,0,0,34,DWNS
99316,4243,694879,SF,4,DWNS,2,2,16,37,7,2,1,0,0,55,3,0,3,0,0,0,55,FG
99317,4243,694887,STL,5,KOFF,2,6,20,20,12,6,1,3,1,21,5,30,6,4,15,0,66,FG
99318,4243,694900,SF,5,KOFF,2,0,56,43,3,2,0,1,0,4,1,7,2,1,0,0,11,INT
99319,4243,694903,STL,6,INT,2,0,16,97,2,1,1,0,0,3,2,0,0,0,0,0,3,TD
99320,4243,694907,SF,6,KOFF,2,1,2,20,5,1,0,1,0,0,0,15,5,2,0,5,15,PUNT
99321,4243,694914,STL,7,PUNT,2,0,29,34,4,1,1,0,0,40,1,0,2,0,0,0,40,FG
99322,4243,694920,SF,7,KOFF,3,5,23,20,12,4,0,3,0,7,6,63,5,4,0,0,70,FG
99323,4243,694933,STL,8,KOFF,3,8,24,20,14,6,2,2,0,15,6,41,7,6,5,15,46,MFG
99324,4243,694949,SF,8,MFG,3,3,34,42,8,3,1,0,0,10,2,14,6,3,5,10,19,DWNS
99325,4243,694959,STL,9,DWNS,4,2,18,39,4,3,0,1,0,8,2,12,2,1,0,5,20,PUNT
99326,4243,694965,SF,9,PUNT,4,5,53,20,12,6,1,2,0,12,7,50,4,3,10,0,60,FG
99327,4243,694980,STL,10,KOFF,4,1,43,20,3,0,0,0,0,-2,1,5,2,1,0,0,3,PUNT
99328,4243,694984,SF,10,PUNT,4,1,13,26,6,3,0,1,0,5,2,37,4,2,0,5,37,PUNT
99329,4243,694992,STL,11,PUNT,4,0,52,20,4,1,0,1,0,0,0,10,4,1,0,0,10,PUNT
99330,4243,694997,SF,11,PUNT,4,0,40,2,4,0,1,0,1,-2,4,0,0,0,15,0,13,ENDQ
99331,4243,695002,SF,12,KOFF,5,2,57,20,6,2,0,1,0,1,2,32,4,3,0,0,30,PUNT
99332,4243,695009,STL,12,PUNT,5,7,14,19,12,6,2,2,0,14,7,37,4,3,0,0,51,BLFG
99333,4243,695021,SF,13,BLFG,5,1,21,26,5,3,0,3,1,0,0,54,4,3,15,0,69,FG
99334,4244,695027,CAR,1,KOFF,1,6,6,24,11,6,1,2,0,17,4,17,7,4,0,0,34,PUNT
99335,4244,695039,TB,1,PUNT,1,4,22,17,8,4,1,1,0,9,5,21,3,2,0,0,30,PUNT
99336,4244,695048,CAR,2,PUNT,1,1,26,19,4,1,0,2,0,1,1,25,3,2,0,0,26,FUM
99337,4244,695052,TB,2,FUM,1,1,38,55,5,1,0,1,1,5,1,19,3,2,0,0,24,FG
99338,4244,695058,CAR,3,KOFF,1,3,53,23,9,7,2,3,0,15,5,57,4,4,5,0,77,TD
99339,4244,695070,TB,3,KOFF,2,0,52,20,3,0,0,0,0,1,1,0,2,0,0,0,1,PUNT
99340,4244,695074,CAR,4,PUNT,2,2,14,40,6,1,0,1,0,0,1,29,4,1,0,0,29,FG
99341,4244,695081,TB,4,KOFF,2,0,57,20,3,1,0,1,0,0,0,28,3,1,0,0,28,INT
99342,4244,695084,CAR,5,INT,2,4,15,54,7,5,2,1,0,26,5,20,2,2,0,0,46,TD
99343,4244,695093,TB,5,KOFF,2,1,34,20,3,0,0,0,0,-4,2,3,1,1,0,0,-1,PUNT
99344,4244,695097,CAR,6,PUNT,2,0,51,51,3,2,1,1,0,18,2,31,1,1,0,5,-51,TD
99345,4244,695103,TB,6,KOFF,2,1,52,20,13,6,0,5,0,0,0,73,13,6,5,0,78,ENDQ
99346,4244,695118,TB,7,KOFF,3,3,3,20,5,1,0,0,1,8,3,-4,2,1,5,0,9,PUNT
99347,4244,695125,CAR,7,PUNT,3,1,56,32,3,0,0,0,0,14,2,-6,1,0,0,8,0,PUNT
99348,4244,695130,CAR,8,PUNT,3,0,43,97,2,2,1,0,0,3,2,0,0,0,0,0,3,TD
99349,4244,695134,TB,8,KOFF,3,4,33,20,9,7,3,1,0,48,6,32,3,3,5,0,80,TD
99350,4244,695145,CAR,9,KOFF,3,3,16,20,6,4,2,1,0,17,4,22,2,2,20,0,59,FUM
99351,4244,695152,TB,9,FUM,3,3,3,21,7,2,0,2,1,2,2,49,5,3,0,0,51,INT
99352,4244,695159,CAR,10,INT,4,6,4,43,10,5,1,3,0,2,4,60,6,5,0,5,57,TD
99353,4244,695172,TB,10,KOFF,4,6,16,20,16,6,0,5,0,8,2,88,14,10,0,40,56,DWNS
99354,4244,695189,CAR,11,DWNS,4,1,6,24,2,0,0,0,0,-2,2,0,0,0,0,0,-2,ENDQ
99355,4245,695192,MIN,1,KOFF,1,4,15,20,10,2,2,0,0,51,4,8,5,1,0,0,59,FG
99356,4245,695203,GB,1,KOFF,1,8,43,20,15,8,3,1,0,38,10,27,4,3,5,0,70,FG
99357,4245,695220,MIN,2,KOFF,1,1,40,24,3,1,0,0,0,8,2,0,1,0,0,0,8,PUNT
99358,4245,695224,GB,2,PUNT,1,2,34,16,5,2,1,0,0,4,2,3,3,1,0,0,7,PUNT
99359,4245,695230,MIN,3,PUNT,2,4,7,16,6,1,0,1,0,4,3,20,3,2,0,0,24,PUNT
99360,4245,695237,GB,3,PUNT,2,2,9,19,3,0,0,0,0,-2,1,7,2,2,0,5,5,PUNT
99361,4245,695242,MIN,4,PUNT,2,3,37,43,8,2,1,2,1,8,3,26,4,2,9,0,43,FG
99362,4245,695251,GB,4,KOFF,2,2,9,20,6,2,0,1,1,0,0,28,6,4,12,0,40,DWNS
99363,4245,695258,MIN,5,DWNS,2,0,38,40,5,1,0,1,0,0,0,18,5,2,0,5,18,PUNT
99364,4245,695265,GB,5,PUNT,2,0,8,17,1,0,0,0,0,-1,1,0,0,0,0,0,-1,ENDQ
99365,4245,695267,GB,6,KOFF,3,1,33,20,3,1,0,0,0,0,2,4,1,1,5,0,9,PUNT
99366,4245,695272,MIN,6,PUNT,3,2,55,42,6,6,3,1,0,47,5,11,1,1,0,0,58,TD
99367,4245,695280,GB,7,KOFF,3,1,50,27,3,0,0,0,0,0,1,1,2,1,0,0,1,PUNT
99368,4245,695284,MIN,7,PUNT,3,2,14,23,4,1,0,0,1,11,3,0,1,0,5,0,16,INT
99369,4245,695289,GB,8,INT,3,2,0,57,3,2,0,1,0,8,2,0,1,0,0,10,-2,FUM
99370,4245,695295,GB,9,KOFF,3,6,1,20,14,6,1,4,0,26,6,64,8,4,0,10,80,TD
99371,4245,695311,MIN,8,KOFF,4,3,27,20,6,2,2,0,1,15,4,8,2,2,5,0,28,PUNT
99372,4245,695318,GB,10,PUNT,4,4,39,16,8,4,0,3,0,3,1,56,6,5,0,0,59,FG
99373,4245,695327,GB,11,KOFF,4,3,12,23,8,3,0,3,0,0,0,64,8,4,0,0,64,INT
99374,4245,695335,MIN,9,INT,4,1,11,20,3,1,0,0,0,7,3,0,0,0,0,0,7,PUNT
99375,4245,695339,GB,12,PUNT,4,1,9,42,8,2,0,1,0,0,0,20,8,3,0,0,20,DWNS
99376,4246,695350,HOU,1,KOFF,1,0,54,20,3,1,0,0,0,4,1,0,2,0,0,0,4,PUNT
99377,4246,695354,KC,1,PUNT,1,5,17,13,10,7,2,1,0,17,4,12,6,3,0,0,29,PUNT
99378,4246,695365,HOU,2,PUNT,1,1,20,17,3,0,0,0,0,2,2,0,1,0,0,0,2,INT
99379,4246,695368,KC,2,INT,1,0,44,67,2,1,0,0,0,5,1,0,1,0,0,0,5,INT
99380,4246,695370,HOU,3,INT,1,6,14,17,11,4,0,4,1,14,6,15,5,4,12,0,41,FUM
99381,4246,695382,KC,3,FUM,1,2,30,42,5,1,0,1,1,6,2,21,2,2,0,0,27,FG
99382,4246,695388,HOU,4,KOFF,2,2,15,20,5,1,0,1,0,0,1,11,4,2,0,0,11,PUNT
99383,4246,695394,KC,4,PUNT,2,3,29,30,6,3,0,1,0,9,3,31,2,2,0,0,40,FG
99384,4246,695401,HOU,5,KOFF,2,3,22,20,8,4,2,1,0,61,5,16,3,1,0,0,77,INT
99385,4246,695409,KC,5,INT,2,1,36,22,3,0,0,0,0,2,1,-4,2,0,0,0,-2,PUNT
99386,4246,695413,HOU,6,PUNT,2,0,27,40,2,0,0,0,0,1,1,0,1,0,10,0,1,INT
99387,4246,695415,KC,6,INT,2,1,16,10,5,4,1,0,0,31,4,6,1,1,0,0,37,PUNT
99388,4246,695421,HOU,7,PUNT,2,0,25,9,1,0,0,0,0,-1,1,0,0,0,0,0,-1,ENDQ
99389,4246,695423,HOU,8,KOFF,3,5,2,20,11,5,1,2,0,25,5,15,6,3,0,0,40,PUNT
99390,4246,695435,KC,7,PUNT,3,5,23,6,11,8,2,5,1,26,4,63,7,6,15,10,94,TD
99391,4246,695449,HOU,9,KOFF,3,0,26,20,3,0,0,0,0,0,0,0,3,0,0,0,0,PUNT
99392,4246,695453,KC,8,PUNT,3,4,13,29,8,5,3,1,1,19,7,48,1,1,4,0,71,TD
99393,4246,695463,HOU,10,KOFF,4,4,7,20,11,5,0,3,0,6,2,55,9,5,0,10,51,DWNS
99394,4246,695475,KC,9,DWNS,4,4,24,29,6,4,1,0,0,14,4,-7,2,1,0,0,7,PUNT
99395,4246,695482,HOU,11,PUNT,4,0,13,8,1,0,0,0,0,0,0,0,1,0,0,0,0,INT
99396,4246,695483,KC,10,INT,4,2,13,79,4,0,0,0,0,3,2,3,1,1,0,0,6,FG
99397,4246,695488,HOU,12,KOFF,4,0,50,20,3,0,0,0,0,2,1,0,2,0,0,0,2,PUNT
99398,4246,695492,KC,11,PUNT,4,3,9,51,5,2,1,0,0,9,5,0,0,0,0,0,9,ENDQ
99399,4247,695498,PIT,1,KOFF,1,1,31,20,3,1,0,0,0,-1,1,4,2,1,0,0,3,PUNT
99400,4247,695502,CIN,1,PUNT,1,2,22,36,3,1,0,0,0,0,1,13,2,2,0,5,8,PUNT
99401,4247,695507,PIT,2,PUNT,1,2,53,19,5,2,0,1,0,9,1,11,4,3,0,0,20,PUNT
99402,4247,695513,CIN,2,PUNT,1,4,30,29,8,3,0,2,0,-2,2,35,6,3,5,5,33,PUNT
99403,4247,695524,PIT,3,PUNT,1,5,38,6,10,6,2,1,0,46,8,17,2,1,0,15,48,PUNT
99404,4247,695535,CIN,3,PUNT,2,1,35,7,3,1,0,0,0,2,1,5,2,1,0,0,7,PUNT
99405,4247,695539,PIT,4,PUNT,2,0,59,35,3,0,0,0,0,2,1,0,2,0,0,0,2,PUNT
99406,4247,695543,CIN,4,PUNT,2,2,10,29,3,0,0,0,0,14,2,-11,1,0,0,0,2,PUNT
99407,4247,695547,PIT,5,PUNT,2,2,34,34,5,1,0,2,1,5,2,-6,3,1,20,0,19,FUM
99408,4247,695553,CIN,5,FUM,2,0,51,47,3,0,0,0,1,-3,1,0,2,0,0,0,-3,INT
99409,4247,695556,PIT,6,INT,2,2,30,59,6,3,1,0,0,12,3,23,2,1,0,15,20,FG
99410,4247,695563,CIN,6,KOFF,2,0,38,20,3,1,0,0,0,0,0,4,3,1,0,0,4,PUNT
99411,4247,695567,PIT,7,PUNT,2,1,16,25,9,4,0,3,0,0,1,55,7,4,13,5,63,FG
99412,4247,695578,CIN,7,KOFF,2,0,33,20,1,0,0,0,0,-1,1,0,0,0,0,0,-1,ENDQ
99413,4247,695580,CIN,8,KOFF,3,2,47,18,6,3,1,2,1,40,2,2,4,2,15,0,42,FUM
99414,4247,695586,PIT,8,FUM,3,2,4,36,5,2,1,0,1,47,3,0,1,0,0,0,47,FG
99415,4247,695592,CIN,9,KOFF,3,1,38,20,5,1,0,1,0,-1,2,22,3,1,0,0,21,PUNT
99416,4247,695598,PIT,9,PUNT,3,3,29,18,7,4,1,2,0,12,4,70,2,2,0,0,82,TD
99417,4247,695606,CIN,10,KOFF,3,3,25,20,9,4,2,3,1,15,3,20,6,4,20,0,55,FUM
99418,4247,695616,PIT,10,FUM,3,1,50,25,3,0,0,0,1,2,1,-12,2,0,0,10,-20,PUNT
99419,4247,695621,CIN,11,PUNT,4,0,50,54,3,2,1,0,1,4,2,0,1,0,42,0,46,TD
99420,4247,695627,PIT,11,KOFF,4,2,46,20,5,2,1,0,0,29,2,-7,3,1,0,0,22,PUNT
99421,4247,695633,CIN,12,PUNT,4,5,59,13,13,7,2,3,0,14,5,56,7,5,0,0,70,FG
99422,4247,695647,PIT,12,KOFF,4,1,44,20,3,1,0,0,0,0,1,7,2,1,0,0,7,PUNT
99423,4247,695651,CIN,13,PUNT,4,1,38,55,8,3,0,2,0,3,1,42,6,4,0,0,45,TD
99424,4247,695660,PIT,13,KOFF,4,0,14,14,1,0,0,0,0,0,0,0,1,0,0,0,0,INT
99425,4247,695661,CIN,14,INT,4,0,13,74,1,0,1,0,0,6,1,0,0,0,0,0,6,FUM
99426,4247,695662,PIT,14,FUM,4,1,9,9,9,4,0,3,2,4,1,40,7,5,30,0,74,FG
99427,4247,695673,CIN,15,KOFF,4,0,14,24,1,0,0,0,0,0,0,0,1,0,0,0,0,ENDQ
99428,4248,695675,MIN,1,KOFF,1,7,5,12,11,4,1,1,1,1,5,37,6,4,5,0,43,PUNT
99429,4248,695688,SEA,1,PUNT,1,1,2,22,4,0,0,0,0,3,2,0,2,0,0,0,3,DWNS
99430,4248,695692,MIN,2,DWNS,1,5,52,71,10,3,1,1,0,12,6,13,3,2,0,0,25,FG
99431,4248,695703,SEA,2,KOFF,1,4,15,17,7,4,1,1,0,22,5,7,2,1,0,0,29,PUNT
99432,4248,695711,MIN,3,PUNT,2,1,36,28,3,1,0,0,0,6,2,0,1,0,0,0,6,PUNT
99433,4248,695715,SEA,3,PUNT,2,4,28,39,7,2,1,1,0,14,3,29,4,4,0,5,38,DWNS
99434,4248,695723,MIN,4,DWNS,2,2,54,23,5,2,1,1,0,14,2,18,3,3,0,0,32,PUNT
99435,4248,695729,SEA,4,PUNT,2,1,45,14,5,0,0,0,1,4,2,3,3,1,41,0,48,PUNT
99436,4248,695736,MIN,5,PUNT,2,1,3,9,2,0,0,0,0,-2,2,0,0,0,0,0,-2,ENDQ
99437,4248,695739,SEA,5,KOFF,3,5,11,20,10,4,0,2,0,11,5,29,5,2,0,0,40,INT
99438,4248,695749,MIN,6,INT,3,2,45,46,5,1,0,1,0,-4,2,17,2,2,15,0,28,FG
99439,4248,695755,SEA,6,KOFF,3,2,23,20,3,0,0,0,0,13,1,-13,2,0,0,0,0,PUNT
99440,4248,695759,MIN,7,PUNT,3,4,39,52,8,2,0,1,0,15,5,-2,2,1,6,0,19,FG
99441,4248,695769,SEA,7,KOFF,3,3,25,20,7,5,0,4,0,9,3,66,4,4,5,0,80,TD
99442,4248,695779,MIN,8,KOFF,4,1,0,22,2,1,0,1,0,0,0,13,2,2,0,0,13,FUM
99443,4248,695781,SEA,8,FUM,4,2,33,60,7,1,0,1,1,4,2,8,4,1,0,0,12,FG
99444,4248,695789,MIN,9,KOFF,4,2,11,32,3,0,0,0,0,1,1,4,2,1,0,0,5,PUNT
99445,4248,695793,SEA,9,PUNT,4,1,39,31,3,2,0,0,0,9,2,0,1,0,0,0,9,PUNT
99446,4248,695797,MIN,10,PUNT,4,2,1,19,5,2,1,0,0,6,1,1,4,1,0,0,7,PUNT
99447,4248,695803,SEA,10,PUNT,4,0,31,25,3,1,0,0,0,5,2,0,1,0,0,0,5,PUNT
99448,4248,695807,MIN,11,PUNT,4,1,20,39,6,1,0,1,1,9,3,24,2,1,19,0,52,MFG
99449,4248,695814,SEA,11,MFG,4,0,22,20,1,0,0,0,0,-1,1,0,0,0,0,0,-1,ENDQ
99450,4249,695816,GB,1,KOFF,1,1,47,20,4,1,0,1,0,1,1,11,3,1,0,0,12,PUNT
99451,4249,695821,WAS,1,PUNT,1,1,26,33,3,0,0,0,0,2,1,3,2,1,0,0,5,PUNT
99452,4249,695825,GB,2,PUNT,1,1,20,8,3,0,0,0,0,1,1,-5,2,0,0,4,-8,SAF
99453,4249,695830,WAS,2,KOFF,1,5,36,45,10,5,1,3,0,9,4,44,5,4,0,5,48,FG
99454,4249,695842,GB,3,KOFF,1,0,54,20,3,0,0,0,0,2,1,0,2,0,0,0,2,PUNT
99455,4249,695846,WAS,3,PUNT,1,1,40,32,3,0,0,0,0,7,1,-12,2,0,0,0,-5,PUNT
99456,4249,695850,GB,4,PUNT,1,0,53,13,3,0,0,0,0,1,1,0,2,0,0,0,1,PUNT
99457,4249,695854,WAS,4,PUNT,1,3,22,36,7,4,0,3,0,3,2,61,5,4,0,0,64,TD
99458,4249,695863,GB,5,KOFF,2,3,58,20,9,7,2,2,1,7,3,68,6,5,5,0,80,TD
99459,4249,695875,WAS,5,KOFF,2,2,59,20,6,2,1,2,0,27,2,7,4,2,0,0,34,FUM
99460,4249,695881,GB,6,FUM,2,3,11,46,8,4,1,1,1,5,2,20,5,2,5,0,30,FG
99461,4249,695891,WAS,6,KOFF,2,0,32,20,3,1,0,0,0,3,1,5,2,1,0,0,8,PUNT
99462,4249,695895,GB,7,PUNT,2,1,54,40,9,7,0,4,0,0,0,60,9,7,0,0,60,TD
99463,4249,695906,WAS,7,KOFF,2,0,28,20,1,0,0,0,0,-1,1,0,0,0,0,0,-1,ENDQ
99464,4249,695908,WAS,8,KOFF,3,5,19,27,9,4,2,2,0,18,3,55,6,5,0,0,73,TD
99465,4249,695919,GB,8,KOFF,3,5,29,20,11,8,4,1,0,56,6,24,5,3,0,0,80,TD
99466,4249,695932,WAS,9,KOFF,3,1,10,24,3,0,0,0,0,2,1,0,2,0,0,0,2,PUNT
99467,4249,695936,GB,9,PUNT,3,5,39,24,11,9,4,2,0,49,8,22,2,2,5,0,76,TD
99468,4249,695949,WAS,10,KOFF,4,3,27,20,7,3,1,1,0,14,2,20,5,2,0,0,34,PUNT
99469,4249,695957,GB,10,PUNT,4,3,1,9,4,0,0,0,1,2,3,5,1,1,20,0,27,PUNT
99470,4249,695963,WAS,11,PUNT,4,0,57,9,6,2,0,1,0,0,0,8,6,2,0,0,8,DWNS
99471,4249,695969,GB,11,DWNS,4,0,19,83,4,0,0,0,0,6,3,0,0,0,0,0,6,FG
99472,4249,695974,WAS,12,KOFF,4,1,53,15,7,4,0,2,0,0,0,60,7,5,10,5,65,DWNS
99473,4249,695982,GB,12,DWNS,4,0,55,20,2,1,1,0,0,12,2,0,0,0,0,0,12,FUM
99474,4249,695984,WAS,13,FUM,4,1,38,68,6,1,0,1,1,0,0,19,6,3,0,0,19,DWNS
99475,4249,695990,GB,13,DWNS,4,0,13,13,1,0,0,0,0,-1,1,0,0,0,0,0,-1,ENDQ
99476,4250,695992,NE,1,KOFF,1,4,37,20,11,5,0,5,0,0,0,80,11,8,0,0,80,TD
99477,4250,696005,KC,1,KOFF,1,8,31,20,17,7,2,3,0,35,7,29,9,5,0,0,64,FG
99478,4250,696023,NE,2,KOFF,1,2,1,20,6,1,0,1,0,2,1,12,5,2,0,0,14,PUNT
99479,4250,696030,KC,2,PUNT,2,3,22,33,7,4,2,0,0,20,4,5,3,1,0,0,25,PUNT
99480,4250,696038,NE,3,PUNT,2,0,52,10,3,0,0,0,0,0,0,2,3,1,0,0,2,PUNT
99481,4250,696042,KC,3,PUNT,2,1,38,64,3,0,0,0,0,0,0,-1,3,2,0,0,-1,PUNT
99482,4250,696046,NE,4,PUNT,2,5,36,2,11,7,2,3,1,25,5,63,6,6,15,5,98,TD
99483,4250,696062,KC,4,KOFF,2,3,11,34,11,4,2,1,0,25,4,32,6,2,0,5,52,FG
99484,4250,696075,NE,5,KOFF,2,0,12,20,1,0,0,0,0,-1,1,0,0,0,0,0,-1,ENDQ
99485,4250,696077,KC,5,KOFF,3,4,29,25,8,4,1,2,0,18,4,31,4,3,5,10,44,FUM
99486,4250,696087,NE,6,FUM,3,2,7,31,5,5,1,4,1,11,1,58,4,4,0,0,69,TD
99487,4250,696094,KC,6,KOFF,3,6,12,20,12,6,1,3,1,14,5,61,7,5,5,0,80,TD
99488,4250,696109,NE,7,KOFF,3,2,26,21,8,4,0,2,0,5,1,52,6,3,0,0,57,FG
99489,4250,696118,KC,7,KOFF,4,2,20,20,3,0,0,0,0,0,1,-3,2,1,0,5,-3,PUNT
99490,4250,696123,NE,8,PUNT,4,2,6,68,5,1,0,1,0,2,1,17,3,2,0,0,19,FG
99491,4250,696129,KC,8,KOFF,4,2,52,20,8,3,0,2,0,0,1,29,7,4,0,0,29,DWNS
99492,4250,696137,NE,9,DWNS,4,0,59,52,3,1,0,0,0,0,0,6,3,1,0,0,6,PUNT
99493,4250,696141,KC,9,PUNT,4,5,17,20,16,8,2,4,0,23,6,60,10,6,2,5,80,TD
99494,4250,696161,NE,10,KOFF,4,1,12,56,5,1,0,1,0,-6,4,12,1,1,0,0,6,ENDQ
99495,4251,696167,ARI,1,KOFF,1,1,13,21,3,0,0,0,0,1,1,0,2,0,0,0,1,PUNT
99496,4251,696171,GB,1,PUNT,1,0,38,17,3,0,0,0,0,5,1,0,2,0,0,5,0,PUNT
99497,4251,696176,ARI,2,PUNT,1,6,21,58,11,5,2,2,0,7,3,35,8,6,0,0,42,TD
99498,4251,696189,GB,2,KOFF,1,1,22,25,3,0,0,0,0,1,1,5,2,1,0,0,6,PUNT
99499,4251,696193,ARI,3,PUNT,1,1,33,34,3,1,0,0,0,6,2,0,1,0,0,0,6,PUNT
99500,4251,696197,GB,3,PUNT,1,7,31,5,17,7,2,2,0,34,6,50,10,6,6,5,85,FG
99501,4251,696218,ARI,4,KOFF,2,2,30,20,5,1,0,1,0,0,1,26,4,2,0,0,26,PUNT
99502,4251,696224,GB,4,PUNT,2,7,55,13,17,7,0,5,0,5,4,66,12,9,0,0,71,FG
99503,4251,696242,ARI,5,KOFF,2,0,57,20,3,0,0,0,0,8,1,-8,2,0,0,0,0,ENDQ
99504,4251,696246,GB,5,KOFF,3,1,10,20,3,1,0,1,0,0,1,15,2,1,0,0,15,INT
99505,4251,696249,ARI,6,INT,3,0,28,53,3,0,0,0,0,-1,1,0,2,0,0,0,-1,INT
99506,4251,696252,GB,6,INT,3,3,5,19,6,3,2,1,0,75,3,6,3,2,0,0,81,TD
99507,4251,696260,ARI,7,KOFF,3,5,12,16,10,4,0,3,1,3,2,71,7,5,20,20,74,FG
99508,4251,696273,GB,7,KOFF,3,2,15,35,3,0,0,0,0,2,1,3,2,1,0,5,0,PUNT
99509,4251,696278,ARI,8,PUNT,3,3,40,31,6,3,0,3,0,4,2,50,4,3,5,0,59,INT
99510,4251,696285,GB,8,INT,4,3,17,20,7,3,1,1,0,12,4,11,3,1,0,0,23,PUNT
99511,4251,696293,ARI,9,PUNT,4,7,9,20,14,7,0,6,0,6,4,74,10,7,0,0,80,TD
99512,4251,696309,GB,9,KOFF,4,1,6,20,4,1,0,0,0,1,1,4,3,1,0,0,5,DWNS
99513,4251,696313,ARI,10,DWNS,4,0,43,76,4,0,0,0,0,6,2,0,1,0,0,0,6,FG
99514,4251,696318,GB,10,KOFF,4,1,55,14,6,2,0,2,0,0,0,91,6,2,0,5,86,TD
99515,4251,696327,ARI,11,KOFF,5,1,30,20,3,2,0,2,0,0,0,80,3,2,0,0,80,TD
99516,4252,696331,CAR,1,KOFF,1,2,30,25,4,4,3,0,0,69,4,0,0,0,0,0,75,TD
99517,4252,696337,SEA,1,KOFF,1,0,52,14,2,0,0,0,0,-3,1,0,1,0,0,0,-3,INT
99518,4252,696341,SEA,2,KOFF,1,3,36,25,5,2,0,1,0,6,2,22,3,2,0,0,28,PUNT
99519,4252,696347,CAR,2,PUNT,1,8,44,14,15,10,2,4,0,31,10,60,5,4,0,5,86,TD
99520,4252,696365,SEA,3,KOFF,2,0,6,20,1,0,0,0,0,0,0,0,1,0,0,0,0,INT
99521,4252,696366,CAR,3,INT,2,1,35,71,4,0,0,0,0,-2,1,1,2,1,0,0,-1,FG
99522,4252,696371,SEA,4,KOFF,2,1,26,20,3,0,0,0,0,0,1,-8,2,0,0,0,-8,PUNT
99523,4252,696375,CAR,4,PUNT,2,4,45,46,9,6,2,2,0,13,5,41,4,3,0,0,54,TD
99524,4252,696386,SEA,5,KOFF,2,4,11,20,12,7,2,2,0,18,3,58,9,6,0,10,66,DWNS
99525,4252,696399,CAR,5,DWNS,2,1,10,14,3,0,0,0,0,7,3,0,0,0,0,0,7,PUNT
99526,4252,696403,SEA,6,PUNT,2,1,5,33,5,3,0,2,0,9,1,21,3,2,0,0,30,MFG
99527,4252,696409,SEA,7,KOFF,3,1,33,65,4,4,0,2,0,0,0,35,4,4,0,0,35,TD
99528,4252,696415,CAR,6,KOFF,3,3,7,27,6,1,0,1,0,8,3,-3,3,1,0,0,5,PUNT
99529,4252,696422,SEA,8,PUNT,3,2,40,37,7,3,1,2,0,23,2,40,5,2,0,0,63,TD
99530,4252,696431,CAR,7,KOFF,3,3,26,18,7,3,0,2,0,10,3,22,4,2,0,0,32,PUNT
99531,4252,696439,SEA,9,PUNT,3,3,48,15,8,3,1,1,0,17,1,22,7,3,0,0,39,PUNT
99532,4252,696448,CAR,8,PUNT,3,5,54,12,9,7,0,2,0,4,5,22,4,4,0,0,26,PUNT
99533,4252,696458,SEA,10,PUNT,4,3,28,27,9,6,1,4,0,8,1,65,8,6,0,0,73,TD
99534,4252,696469,CAR,9,KOFF,4,3,15,31,5,2,0,1,0,11,4,8,1,1,0,0,19,PUNT
99535,4252,696475,SEA,11,PUNT,4,1,38,22,11,6,0,4,0,0,0,70,10,6,0,10,60,FG
99536,4252,696489,CAR,10,KOFF,4,1,11,52,3,0,0,0,0,-7,3,0,0,0,0,0,-7,ENDQ
99537,4253,696493,PIT,1,KOFF,1,1,42,20,3,0,0,0,0,2,1,-2,2,1,0,0,0,PUNT
99538,4253,696497,DEN,1,PUNT,1,1,57,70,5,1,0,1,0,5,1,15,3,2,0,0,20,FG
99539,4253,696503,PIT,2,KOFF,1,3,25,20,7,1,0,1,0,4,2,44,5,3,0,0,48,DWNS
99540,4253,696510,DEN,2,DWNS,1,1,52,32,3,2,0,0,0,4,2,4,1,1,0,0,8,PUNT
99541,4253,696514,PIT,3,PUNT,1,0,58,3,3,1,0,0,0,5,1,0,2,0,0,4,1,PUNT
99542,4253,696519,DEN,3,PUNT,1,1,26,69,4,1,0,0,0,8,2,0,1,0,0,0,8,FG
99543,4253,696524,PIT,4,KOFF,1,2,18,20,5,4,3,1,0,57,4,23,1,1,0,0,80,TD
99544,4253,696531,DEN,4,KOFF,1,2,10,20,7,3,0,3,0,-1,1,38,6,3,0,0,37,PUNT
99545,4253,696539,PIT,5,PUNT,2,3,53,15,7,3,0,1,0,9,3,51,3,1,0,0,60,FG
99546,4253,696547,DEN,5,KOFF,2,1,35,20,3,1,0,0,0,6,2,0,1,0,0,0,6,PUNT
99547,4253,696551,PIT,6,PUNT,2,1,56,38,3,0,0,0,0,1,1,-7,2,1,0,0,-6,PUNT
99548,4253,696555,DEN,6,PUNT,2,1,36,41,5,1,0,1,0,0,0,22,5,2,0,0,22,DWNS
99549,4253,696560,PIT,7,DWNS,2,1,58,37,3,1,0,0,0,0,1,8,2,2,0,0,8,PUNT
99550,4253,696564,DEN,7,PUNT,2,3,14,5,11,5,2,1,0,43,5,20,5,3,0,0,62,FG
99551,4253,696576,DEN,8,KOFF,3,3,9,20,5,0,0,0,1,4,3,2,2,2,9,0,15,PUNT
99552,4253,696583,PIT,8,PUNT,3,2,19,21,8,2,0,2,0,0,0,69,7,3,0,0,69,FG
99553,4253,696592,DEN,9,KOFF,3,1,37,20,4,1,0,1,0,-1,1,19,3,1,0,0,18,PUNT
99554,4253,696597,PIT,9,PUNT,3,2,2,6,3,0,0,0,0,4,3,0,0,0,0,0,4,PUNT
99555,4253,696601,DEN,10,PUNT,3,3,8,47,7,3,1,2,0,11,1,19,5,3,0,0,30,FG
99556,4253,696609,PIT,10,KOFF,3,4,30,20,7,4,1,1,1,4,2,45,5,4,12,20,46,PUNT
99557,4253,696620,DEN,11,PUNT,4,1,42,20,4,1,0,1,0,-4,1,38,3,2,0,0,34,PUNT
99558,4253,696625,PIT,11,PUNT,4,1,41,25,4,3,1,2,0,-1,1,41,3,3,0,0,40,FUM
99559,4253,696629,DEN,12,FUM,4,6,52,35,14,9,3,2,1,32,10,38,3,2,5,10,65,TD
99560,4253,696645,PIT,12,KOFF,4,1,11,20,5,1,0,1,0,0,0,10,5,3,0,0,10,DWNS
99561,4253,696650,DEN,13,DWNS,4,0,56,70,4,0,0,0,0,3,3,0,0,0,0,0,3,FG
99562,4253,696655,PIT,13,KOFF,4,0,40,20,4,2,0,1,0,0,0,29,3,2,22,0,51,FG
99563,4253,696661,DEN,14,KOFF,4,0,13,39,1,0,0,0,0,-1,1,0,0,0,0,0,-1,ENDQ
99564,4254,696663,NE,1,KOFF,1,1,58,20,5,2,0,1,0,2,1,13,4,2,0,0,15,PUNT
99565,4254,696669,DEN,1,PUNT,1,5,30,17,11,5,0,4,1,9,5,60,6,4,14,0,83,TD
99566,4254,696683,NE,2,KOFF,1,0,52,20,3,1,0,0,0,0,0,7,3,1,0,0,7,PUNT
99567,4254,696687,DEN,2,PUNT,1,1,35,34,3,1,0,0,0,-1,1,5,2,1,0,0,4,PUNT
99568,4254,696691,NE,3,PUNT,1,1,57,40,3,1,0,0,0,5,1,4,2,1,0,15,-6,PUNT
99569,4254,696695,DEN,3,PUNT,1,0,45,26,2,0,1,0,0,2,2,0,0,0,0,0,2,FUM
99570,4254,696697,NE,4,FUM,1,0,34,78,2,2,1,1,1,1,1,20,1,1,1,0,22,TD
99571,4254,696701,DEN,4,KOFF,1,2,3,20,6,1,0,1,0,4,2,37,4,2,0,0,41,PUNT
99572,4254,696708,NE,5,PUNT,2,0,11,13,2,0,0,0,0,0,0,0,2,0,0,0,0,INT
99573,4254,696710,DEN,5,INT,2,0,49,84,3,1,0,1,0,4,1,12,2,1,0,0,16,TD
99574,4254,696715,NE,6,KOFF,2,6,44,24,13,4,1,2,0,13,4,35,8,4,5,5,48,FG
99575,4254,696731,DEN,6,KOFF,2,1,41,20,3,0,0,0,0,5,2,0,1,0,0,0,5,PUNT
99576,4254,696735,NE,7,PUNT,2,1,13,41,3,1,0,0,0,5,2,0,1,0,0,0,5,INT
99577,4254,696738,DEN,7,INT,2,1,41,44,3,0,0,0,0,7,1,-6,2,0,0,5,-4,PUNT
99578,4254,696743,NE,8,PUNT,2,0,41,12,3,0,0,0,0,10,2,0,1,0,0,5,5,PUNT
99579,4254,696748,DEN,8,PUNT,2,1,13,44,6,3,0,1,0,9,1,14,4,2,0,0,23,FG
99580,4254,696755,NE,9,KOFF,2,0,33,20,1,0,0,0,0,-1,1,0,0,0,0,0,-1,ENDQ
99581,4254,696757,DEN,9,KOFF,3,1,45,20,3,0,0,0,0,8,2,-13,1,0,0,0,-5,PUNT
99582,4254,696761,NE,10,PUNT,3,2,49,33,8,3,0,2,0,0,1,47,6,3,0,0,47,FG
99583,4254,696770,DEN,10,KOFF,3,3,44,20,7,3,1,1,0,14,4,20,3,2,0,0,34,PUNT
99584,4254,696778,NE,11,PUNT,3,2,2,8,3,0,0,0,0,3,1,-3,2,1,0,4,0,PUNT
99585,4254,696783,DEN,11,PUNT,3,2,5,44,3,0,0,0,0,3,1,-4,2,1,0,0,-1,PUNT
99586,4254,696787,NE,12,PUNT,3,2,35,4,6,3,1,1,0,3,1,17,5,2,0,0,20,PUNT
99587,4254,696794,DEN,12,PUNT,4,4,58,39,10,4,1,1,0,35,4,13,5,3,0,0,48,FG
99588,4254,696805,NE,13,KOFF,4,4,6,20,11,4,0,3,1,3,2,45,9,5,15,0,63,DWNS
99589,4254,696816,DEN,13,DWNS,4,1,21,17,3,0,0,0,0,1,1,7,2,1,0,5,3,PUNT
99590,4254,696821,NE,14,PUNT,4,2,17,29,8,4,0,2,1,0,0,57,8,4,5,5,57,DWNS
99591,4254,696831,DEN,14,DWNS,4,0,26,14,3,0,0,0,0,0,2,0,1,0,0,0,0,PUNT
99592,4254,696835,NE,15,PUNT,4,1,41,50,9,3,0,2,0,0,0,50,8,3,0,0,50,TD
99593,4254,696845,DEN,15,KOFF,4,0,11,62,1,0,0,0,0,-1,1,0,0,0,0,0,-1,ENDQ
99594,4255,696847,ARI,1,KOFF,1,1,34,20,3,0,0,0,0,3,2,0,1,0,0,0,3,PUNT
99595,4255,696851,CAR,1,PUNT,1,3,56,34,8,3,0,2,0,4,2,35,5,4,0,0,39,FG
99596,4255,696860,ARI,2,KOFF,1,1,43,20,6,1,0,1,0,-2,1,16,5,1,0,5,9,PUNT
99597,4255,696868,CAR,2,PUNT,1,3,16,51,5,4,1,1,0,30,3,14,2,2,5,0,49,TD
99598,4255,696876,ARI,3,KOFF,1,2,43,20,6,3,1,1,0,6,2,19,4,2,0,0,25,PUNT
99599,4255,696883,CAR,3,PUNT,1,0,59,12,3,1,0,1,0,2,1,86,2,1,0,0,88,TD
99600,4255,696888,ARI,4,KOFF,1,3,6,20,7,3,2,1,0,37,3,5,4,2,0,0,42,FUM
99601,4255,696895,CAR,4,FUM,2,0,56,38,3,0,0,0,1,-1,1,0,2,0,0,0,-1,PUNT
99602,4255,696899,ARI,5,PUNT,2,6,3,21,10,7,3,3,1,14,6,45,4,4,20,0,79,TD
99603,4255,696912,CAR,5,KOFF,2,0,59,20,3,1,0,0,0,7,1,0,2,0,0,0,7,PUNT
99604,4255,696916,CAR,6,PUNT,2,2,49,54,5,3,3,0,0,41,5,0,0,0,10,0,46,TD
99605,4255,696924,ARI,6,KOFF,2,0,9,20,1,0,0,1,0,0,0,0,1,0,0,0,0,FUM
99606,4255,696925,CAR,7,FUM,2,0,51,69,2,0,0,0,1,0,1,0,1,0,0,0,0,INT
99607,4255,696927,ARI,7,INT,2,0,7,78,1,0,0,0,0,0,0,0,1,0,0,0,0,INT
99608,4255,696928,CAR,8,INT,2,0,49,20,2,0,0,0,0,-2,2,0,0,0,0,0,-2,ENDQ
99609,4255,696931,CAR,9,KOFF,3,7,10,17,11,6,0,3,1,10,4,65,6,5,5,0,80,FG
99610,4255,696944,ARI,8,KOFF,3,1,31,20,3,1,0,0,0,2,1,6,2,1,0,0,8,PUNT
99611,4255,696948,CAR,10,PUNT,3,4,11,21,8,4,2,2,0,24,4,55,4,3,0,0,79,TD
99612,4255,696958,ARI,9,KOFF,3,2,52,20,11,8,0,5,0,0,1,80,9,7,0,0,80,TD
99613,4255,696970,CAR,11,KOFF,4,1,18,20,3,0,0,0,0,-1,1,4,2,1,0,0,3,PUNT
99614,4255,696974,ARI,10,PUNT,4,1,20,36,5,2,0,1,0,0,0,15,5,2,5,15,20,INT
99615,4255,696980,CAR,12,INT,4,6,12,16,10,6,1,2,0,24,6,65,3,3,1,5,-16,TD
99616,4255,696993,ARI,11,KOFF,4,0,15,12,1,0,0,0,0,0,0,0,1,0,0,0,0,INT
99617,4255,696996,ARI,12,KOFF,4,0,41,21,2,1,0,1,0,0,0,13,2,1,0,0,13,INT
99618,4255,696998,CAR,13,INT,4,3,13,60,6,2,1,0,0,14,6,0,0,0,0,0,14,DWNS
99619,4255,697004,ARI,13,DWNS,4,1,17,26,5,3,0,1,0,0,0,28,5,3,0,0,28,ENDQ
99620,4256,697010,DEN,1,KOFF,1,4,17,20,10,5,1,2,0,17,3,47,6,4,0,0,64,FG
99621,4256,697021,CAR,1,KOFF,1,1,24,19,3,0,0,0,0,2,1,7,2,1,0,0,9,PUNT
99622,4256,697025,DEN,2,PUNT,1,1,56,25,3,2,0,0,0,2,1,7,2,2,0,0,9,PUNT
99623,4256,697029,CAR,2,PUNT,1,0,56,15,3,0,0,1,0,0,1,0,2,0,0,0,0,FUM
99624,4256,697034,CAR,3,KOFF,1,3,15,21,7,1,1,0,0,18,3,-3,4,1,15,0,30,PUNT
99625,4256,697042,DEN,3,PUNT,1,1,57,13,3,1,0,0,0,0,1,-2,2,1,0,0,-2,PUNT
99626,4256,697046,CAR,4,PUNT,1,4,50,27,9,7,2,3,0,26,5,51,4,4,6,5,73,TD
99627,4256,697058,DEN,4,KOFF,2,0,39,20,3,0,0,0,0,0,0,-7,3,0,0,0,-7,PUNT
99628,4256,697063,CAR,5,PUNT,2,1,35,49,3,0,0,0,0,2,1,-4,2,0,0,0,-2,PUNT
99629,4256,697067,DEN,5,PUNT,2,2,13,86,4,2,0,0,0,2,2,7,1,1,0,10,-1,FG
99630,4256,697073,CAR,6,KOFF,2,0,26,20,3,1,2,0,0,25,2,0,1,0,15,0,40,FUM
99631,4256,697076,DEN,6,FUM,2,2,9,40,5,1,1,0,1,36,3,0,2,0,0,0,36,INT
99632,4256,697081,CAR,7,INT,2,1,6,39,3,0,0,0,0,0,1,0,2,0,0,0,0,PUNT
99633,4256,697085,DEN,7,PUNT,2,1,22,20,3,1,0,0,0,0,1,8,2,1,0,0,8,PUNT
99634,4256,697089,CAR,8,PUNT,2,1,55,19,8,3,1,1,0,9,2,22,6,2,0,5,26,ENDQ
99635,4256,697099,CAR,9,KOFF,3,4,12,20,10,3,1,2,0,10,4,59,5,2,0,15,54,MFG
99636,4256,697109,DEN,8,MFG,3,2,30,34,7,2,0,2,0,2,2,47,4,2,5,0,54,FG
99637,4256,697118,CAR,10,KOFF,3,2,34,20,5,3,1,1,0,6,1,46,4,2,0,0,52,INT
99638,4256,697123,DEN,9,INT,3,2,32,7,4,1,1,0,0,15,3,-7,1,0,0,0,8,PUNT
99639,4256,697128,CAR,11,PUNT,3,2,53,19,5,1,0,1,0,0,1,8,4,2,0,5,3,PUNT
99640,4256,697135,DEN,10,PUNT,3,2,2,32,5,1,0,2,0,1,2,2,3,1,15,0,18,FUM
99641,4256,697140,CAR,12,FUM,4,2,56,50,6,2,1,1,1,18,3,16,2,1,0,5,29,FG
99642,4256,697148,DEN,11,KOFF,4,1,21,24,3,0,0,0,0,2,1,2,2,1,0,0,4,PUNT
99643,4256,697152,CAR,13,PUNT,4,1,53,28,3,0,0,0,0,1,1,11,2,1,0,5,7,PUNT
99644,4256,697157,DEN,12,PUNT,4,2,16,25,3,0,0,0,0,3,3,0,0,0,0,0,3,PUNT
99645,4256,697161,CAR,14,PUNT,4,0,47,24,3,0,0,1,0,1,1,-7,2,0,0,0,-6,FUM
99646,4256,697164,DEN,13,FUM,4,0,56,96,4,2,1,0,1,2,3,0,0,0,2,0,4,TD
99647,4256,697170,CAR,15,KOFF,4,1,11,20,3,0,0,0,0,0,0,-14,3,0,0,0,-14,PUNT
99648,4256,697174,DEN,14,PUNT,4,1,3,37,3,0,0,0,0,8,3,0,0,0,0,0,8,PUNT
99649,4256,697178,CAR,16,PUNT,4,0,54,27,3,2,0,1,0,0,0,12,3,2,0,15,20,ENDQ
