uid,gid,player,pa,pc,py,ints,tdp,ra,sra,ry,tdr,trg,rec,recy,tdrec,ret,rety,tdret,fuml,peny,conv,snp,fp,fp2,fp3,game,seas,year,team,posd,jnum,dcp
88026,4230,SR-0700,0,0,0,0,0,9,2,29,0,2,2,0,0,0,0,0,0,0,0,25,2.9,3.9,4.9,1,5,2015,NYJ,RB,22,3
88027,4230,RF-0500,37,16,181,3,2,2,2,12,0,0,0,0,0,0,0,0,0,0,0,57,10.44,13.44,10.44,1,11,2015,NYJ,QB,14,1
88028,4230,ED-0200,0,0,0,0,0,0,0,0,0,9,5,50,1,0,0,0,0,5,0,56,11,13.5,16,1,6,2015,NYJ,RWR,87,1
88029,4230,BM-0300,0,0,0,0,0,0,0,0,0,16,8,126,1,0,0,0,0,0,0,56,18.6,22.6,29.6,1,10,2015,NYJ,LWR,15,1
88030,4230,WP-0650,0,0,0,0,0,0,0,0,0,0,0,0,0,3,68,0,0,0,0,4,0,0,0,2,2,2015,BUF,LWR,16,3
88031,4230,TT-0500,28,18,182,0,0,10,3,46,1,0,0,0,0,0,0,0,0,0,0,75,17.88,17.88,17.88,2,5,2015,BUF,QB,5,1
88032,4230,SW-0450,0,0,0,0,0,0,0,0,0,15,11,136,0,0,0,0,0,0,0,69,13.6,19.1,27.6,2,2,2015,BUF,LWR,14,1
88033,4230,CH-3350,0,0,0,0,0,1,0,4,0,3,1,2,0,0,0,0,0,15,0,62,0.6,1.1,1.6,2,5,2015,BUF,LWR,15,2
88034,4230,JK-1000,0,0,0,0,0,0,0,0,0,0,0,0,0,4,19,0,0,0,0,5,0,0,0,1,5,2015,NYJ,LWR,11,3
88035,4230,KT-0450,0,0,0,0,0,0,0,0,0,4,0,0,0,0,0,0,0,0,0,49,0,0,0,1,3,2015,NYJ,RWR,10,2
88036,4230,NO-0150,0,0,0,0,0,0,0,0,0,1,0,0,0,0,0,0,0,0,0,7,0,0,0,2,1,2015,BUF,TE,84,2
88037,4230,KW-1150,0,0,0,0,0,6,5,24,1,3,3,3,0,0,0,0,0,0,0,15,8.7,10.2,11.7,2,1,2015,BUF,RB,29,2
88038,4230,QE-0100,0,0,0,0,0,0,0,0,0,4,1,5,0,0,0,0,0,0,0,44,0.5,1,1.5,1,2,2015,NYJ,LWR,81,2
88039,4230,KD-0400,0,0,0,0,0,0,0,0,0,1,0,0,0,0,0,0,0,0,0,12,0,0,0,1,8,2015,NYJ,TE,47,2
88040,4230,CI-0300,0,0,0,0,0,6,5,81,0,0,0,0,0,0,0,0,0,5,0,29,8.1,8.1,8.1,1,6,2015,NYJ,RB,33,1
88041,4230,MG-0650,0,0,0,0,0,24,5,28,0,1,0,0,0,0,0,0,1,0,0,47,0.8,0.8,1.8,2,3,2015,BUF,RB,35,4
88042,4230,GS-0100,0,0,0,0,0,0,0,0,0,5,3,41,0,0,0,0,0,0,0,33,4.1,5.6,7.1,1,5,2015,BUF,RWR,17,2
88043,4230,AD-1300,0,0,0,0,0,2,0,6,0,0,0,0,0,0,0,0,0,0,0,9,0.6,0.6,0.6,2,6,2015,BUF,RB,26,3
88044,4231,RT-0150,38,25,350,0,2,3,1,17,0,0,0,0,0,0,0,0,0,5,0,75,23.7,23.7,26.7,1,4,2015,MIA,QB,17,1
88045,4231,JL-0215,0,0,0,0,0,2,1,6,0,11,6,72,0,5,43,0,0,5,0,62,7.8,10.8,13.8,1,2,2015,MIA,SWR,14,1
88046,4231,LM-1150,0,0,0,0,0,19,4,60,0,2,1,3,0,0,0,0,0,0,0,39,6.3,6.8,7.3,1,4,2015,MIA,RB,26,1
88047,4231,KS-2350,0,0,0,0,0,0,0,0,0,4,1,11,0,0,0,0,0,0,0,20,1.1,1.6,2.1,1,3,2015,MIA,LWR,10,1
88048,4231,KM-0450,0,0,0,0,0,0,0,0,0,2,1,4,0,3,27,0,0,10,0,58,0.4,0.9,1.4,1,4,2015,NE,RWR,82,2
88049,4231,SJ-0200,0,0,0,0,0,14,6,35,1,1,1,20,0,0,0,0,0,0,0,24,11.5,12,12.5,1,12,2015,NE,RB,39,2
88050,4231,TB-2300,21,12,134,0,0,1,0,-1,0,0,0,0,0,0,0,0,0,0,0,56,5.26,5.26,5.26,1,16,2015,NE,QB,12,1
88051,4231,BB-2250,0,0,0,0,0,9,3,31,0,2,2,5,0,0,0,0,0,5,0,18,3.6,4.6,5.6,1,4,2015,NE,RB,38,1
88052,4231,DW-3125,0,0,0,0,0,3,2,11,0,3,3,38,0,0,0,0,0,10,0,20,4.9,6.4,7.9,1,2,2015,MIA,RB,34,3
88053,4231,GJ-0400,0,0,0,0,0,0,0,0,0,5,4,74,0,0,0,0,0,0,0,31,7.4,9.4,11.4,1,10,2015,MIA,SWR,85,2
88054,4231,DP-0350,0,0,0,0,0,0,0,0,0,6,5,106,1,0,0,0,0,0,0,68,16.6,19.1,24.6,1,1,2015,MIA,LWR,11,2
88055,4231,JA-0450,0,0,0,0,0,7,1,2,0,0,0,0,0,0,0,0,0,0,0,16,0.2,0.2,0.2,1,1,2015,MIA,RB,33,2
88056,4231,DA-0900,0,0,0,0,0,0,0,0,0,4,2,17,0,1,0,0,0,5,0,23,1.7,2.7,3.7,1,8,2015,NE,LWR,80,1
88057,4231,JC-0400,0,0,0,0,0,0,0,0,0,4,2,6,1,0,0,0,0,0,0,46,6.6,7.6,8.6,1,5,2015,MIA,TE,84,1
88058,4231,BL-0100,0,0,0,0,0,0,0,0,0,4,2,7,0,0,0,0,0,0,0,58,0.7,1.7,2.7,1,6,2015,NE,RWR,19,1
88059,4231,JW-2550,0,0,0,0,0,3,1,5,0,3,2,63,0,0,0,0,0,0,0,23,6.8,7.8,8.8,1,2,2015,NE,RB,28,1
88060,4231,RG-2200,0,0,0,0,0,0,0,0,0,7,2,18,0,0,0,0,0,0,0,55,1.8,2.8,3.8,1,6,2015,NE,TE,87,3
88061,4231,DS-2170,0,0,0,0,0,0,0,0,0,3,3,40,0,0,0,0,0,0,0,48,4,5.5,7,1,3,2015,MIA,TE,80,2
88062,4231,JG-0650,4,1,6,0,0,0,0,0,0,0,0,0,0,0,0,0,0,0,0,4,0.24,0.24,0.24,1,2,2015,NE,QB,10,2
88063,4231,CH-1290,0,0,0,0,0,0,0,0,0,1,1,6,0,0,0,0,0,0,0,3,0.6,1.1,1.6,1,1,2015,NE,LWR,14,3
88064,4231,SC-0400,0,0,0,0,0,0,0,0,0,1,0,0,0,0,0,0,0,0,0,14,0,0,0,1,9,2015,NE,TE,88,1
88065,4232,TH-1600,0,0,0,0,0,16,13,66,1,5,5,41,0,0,0,0,0,0,0,33,16.7,19.2,21.7,2,8,2015,NO,RB,34,1
88066,4232,DB-3800,42,32,323,0,1,3,0,-5,0,0,0,0,0,0,0,0,0,0,0,68,16.42,16.42,19.42,2,15,2015,NO,QB,9,1
88067,4232,TC-0050,1,0,0,0,0,3,1,6,0,6,6,77,0,3,75,0,1,0,0,30,6.3,9.3,13.3,2,4,2015,NO,RB,38,2
88068,4232,BC-1850,0,0,0,0,0,0,0,0,0,8,5,81,0,0,0,0,0,0,0,38,8.1,10.6,13.1,2,2,2015,NO,RWR,16,2
88069,4232,BC-2325,0,0,0,0,0,0,0,0,0,6,5,22,0,0,0,0,0,0,0,57,2.2,4.7,7.2,2,2,2015,NO,RWR,10,1
88070,4232,DH-2700,0,0,0,0,0,0,0,0,0,0,0,0,0,5,73,0,0,0,0,0,0,0,0,2,10,2015,ATL,LWR,17,3
88071,4232,MR-2500,36,24,334,1,2,1,0,0,0,0,0,0,0,0,0,0,0,0,0,67,19.36,20.36,22.36,2,8,2015,ATL,QB,2,1
88072,4232,LT-0550,0,0,0,0,0,0,0,0,0,2,1,8,0,0,0,0,0,10,0,26,0.8,1.3,1.8,1,3,2015,ATL,TE,80,2
88073,4232,DF-1875,0,0,0,0,0,24,9,81,0,4,2,18,1,0,0,0,1,0,0,59,13.9,14.9,16.9,2,2,2015,ATL,RB,24,1
88074,4232,TW-0650,0,0,0,0,0,1,1,11,0,0,0,0,0,0,0,0,0,0,0,3,1.1,1.1,1.1,2,1,2015,ATL,RB,33,3
88075,4232,JJ-4700,0,0,0,0,0,0,0,0,0,11,9,149,0,0,0,0,0,0,0,58,14.9,19.4,26.9,2,5,2015,ATL,LWR,11,1
88076,4232,JT-0300,0,0,0,0,0,0,0,0,0,5,4,61,0,0,0,0,0,0,0,53,6.1,8.1,10.1,2,8,2015,ATL,TE,83,1
88077,4232,BW-0700,0,0,0,0,0,0,0,0,0,10,6,59,1,0,0,0,0,0,0,62,11.9,14.9,17.9,2,12,2015,NO,TE,82,1
88078,4232,JH-4070,0,0,0,0,0,0,0,0,0,3,1,4,0,0,0,0,0,0,0,34,0.4,0.9,1.4,2,3,2015,NO,TE,89,1
88079,4232,TM-3000,0,0,0,0,0,0,0,0,0,3,2,47,1,0,0,0,0,0,0,11,10.7,11.7,12.7,2,6,2015,ATL,TE,81,3
88080,4232,JH-1350,0,0,0,0,0,0,0,0,0,6,4,34,0,0,0,0,0,0,0,45,3.4,5.4,7.4,2,1,2015,ATL,LWR,16,2
88081,4232,WS-0925,0,0,0,0,0,0,0,0,0,4,3,35,0,0,0,0,0,0,0,52,3.5,5,6.5,2,2,2015,NO,LWR,83,2
88082,4232,RW-2200,0,0,0,0,0,0,0,0,0,4,1,10,0,0,0,0,0,0,0,55,1,1.5,2,2,11,2015,ATL,RWR,84,1
88083,4232,MH-3300,0,0,0,0,0,0,0,0,0,1,1,4,0,0,0,0,0,0,0,20,0.4,0.9,1.4,2,6,2015,NO,TE,84,2
88084,4232,PD-0700,0,0,0,0,0,0,0,0,0,1,1,7,0,0,0,0,0,0,0,19,0.7,1.2,1.7,1,5,2015,ATL,FB,42,1
88085,4233,AM-1150,27,17,160,0,2,3,0,2,0,0,0,0,0,0,0,0,0,5,0,61,14.6,14.6,14.6,2,2,2015,CIN,QB,5,1
88086,4233,TE-0300,0,0,0,0,0,0,0,0,0,4,4,51,1,0,0,0,0,0,0,37,11.1,13.1,15.1,1,3,2015,CIN,TE,85,1
88087,4233,JH-4025,0,0,0,0,0,16,11,96,1,3,2,19,0,0,0,0,0,0,0,37,17.5,18.5,19.5,2,2,2015,CIN,RB,32,1
88088,4233,AG-1500,0,0,0,0,0,0,0,0,0,5,4,34,1,0,0,0,0,5,0,52,9.4,11.4,13.4,2,5,2015,CIN,LWR,18,1
88089,4233,KC-1250,0,0,0,0,0,0,0,0,0,0,0,0,0,12,136,0,0,0,0,0,0,0,0,2,1,2015,BAL,LWR,81,2
88090,4233,JA-1025,0,0,0,0,0,15,6,38,0,10,6,32,0,0,0,0,0,0,0,49,7,10,13,2,1,2015,BAL,RB,37,1
88091,4233,RM-0300,56,30,292,2,1,1,1,4,0,0,0,0,0,0,0,0,0,0,0,80,12.08,14.08,12.08,2,5,2015,BAL,QB,7,3
88092,4233,MW-2450,0,0,0,0,0,0,0,0,0,10,6,53,0,0,0,0,0,0,0,75,5.3,8.3,11.3,2,1,2015,BAL,TE,87,1
88093,4233,MS-0150,0,0,0,0,0,2,1,11,0,2,1,6,0,0,0,0,0,0,0,30,1.7,2.2,2.7,2,4,2015,CIN,RWR,12,1
88094,4233,GB-0350,0,0,0,0,0,6,2,36,0,3,1,12,0,0,0,0,0,0,0,21,4.8,5.3,5.8,2,3,2015,CIN,RB,25,2
88095,4233,KA-0400,0,0,0,0,0,0,0,0,0,13,5,76,0,0,0,0,0,0,0,74,7.6,10.1,12.6,2,5,2015,BAL,LWR,11,1
88096,4233,TW-1350,0,0,0,0,0,5,1,17,0,2,1,5,0,0,0,0,0,0,0,13,2.2,2.7,3.2,2,2,2015,BAL,RB,42,2
88097,4233,JB-8550,0,0,0,0,0,0,0,0,0,8,6,57,0,0,0,0,0,0,0,65,5.7,8.7,11.7,2,2,2015,BAL,RWR,17,2
88098,4233,CG-1060,0,0,0,0,0,0,0,0,0,4,0,0,0,0,0,0,0,0,0,37,0,0,0,2,4,2015,BAL,RWR,13,1
88099,4233,RB-4670,0,0,0,0,0,0,0,0,0,2,0,0,0,0,0,0,0,0,0,5,0,0,0,2,3,2015,CIN,RB,33,4
88100,4233,MJ-2250,0,0,0,0,0,0,0,0,0,5,5,38,0,0,0,0,0,0,0,54,3.8,6.3,8.8,2,4,2015,CIN,RWR,82,2
88101,4233,CP-0800,0,0,0,0,0,0,0,0,0,0,0,0,0,1,12,0,0,0,0,0,0,0,0,1,7,2015,CIN,RB,30,3
88102,4233,CM-0850,0,0,0,0,0,0,0,0,0,5,4,51,0,0,0,0,0,0,0,39,5.1,7.1,9.1,2,5,2015,BAL,LWR,13,4
88103,4233,KJ-1400,0,0,0,0,0,0,0,0,0,2,2,18,1,0,0,0,0,5,0,38,7.8,8.8,9.8,2,3,2015,BAL,FB,44,1
88104,4234,MW-1250,0,0,0,0,0,0,0,0,0,5,3,57,1,2,39,0,0,0,0,41,11.7,13.2,14.7,2,3,2015,PIT,RWR,11,1
88105,4234,BR-1100,36,24,349,2,3,2,0,-2,0,0,0,0,0,0,0,0,0,0,1,54,23.76,25.76,26.76,2,12,2015,PIT,QB,7,1
88106,4234,DH-2800,0,0,0,0,0,0,0,0,0,5,2,74,0,0,0,0,0,0,0,30,7.4,8.4,9.4,2,7,2015,PIT,RWR,88,2
88107,4234,AB-3500,0,0,0,0,0,0,0,0,0,17,13,187,1,2,5,0,1,0,0,54,22.7,29.2,39.7,2,6,2015,PIT,LWR,84,1
88108,4234,DW-3600,0,0,0,0,0,5,1,8,0,2,2,13,0,0,0,0,0,0,0,21,2.1,3.1,4.1,2,10,2015,PIT,RB,34,1
88109,4234,AD-0680,46,24,240,2,0,3,2,22,0,0,0,0,0,0,0,0,1,0,0,83,5.8,7.8,6.8,1,4,2015,CLE,QB,7,1
88110,4234,TB-1060,0,0,0,0,0,1,0,0,0,11,5,53,0,1,12,0,0,0,0,80,5.3,7.8,10.3,1,4,2015,CLE,RWR,11,1
88111,4234,IC-0300,0,0,0,0,0,15,7,53,0,0,0,0,0,0,0,0,0,0,0,45,5.3,5.3,5.3,1,2,2015,CLE,RB,34,1
88112,4234,GB-0200,0,0,0,0,0,0,0,0,0,13,8,66,0,0,0,0,0,0,0,79,6.6,10.6,14.6,1,8,2015,CLE,TE,82,1
88113,4234,MB-4550,0,0,0,0,0,0,0,0,0,3,1,0,0,0,0,0,0,0,0,12,0,0.5,1,2,2,2015,PIT,LWR,10,2
88114,4234,HM-0200,0,0,0,0,0,0,0,0,0,4,3,18,1,0,0,0,0,0,0,54,7.8,9.3,10.8,2,11,2015,PIT,TE,83,1
88115,4234,RM-5050,0,0,0,0,0,0,0,0,0,0,0,0,0,5,141,0,1,0,0,0,-2,-2,-1,1,1,2015,CLE,RB,41,4
88116,4234,DJ-1850,0,0,0,0,0,4,2,11,0,6,4,34,0,0,0,0,0,0,0,39,4.5,6.5,8.5,1,1,2015,CLE,RB,29,2
88117,4234,DJ-0850,0,0,0,0,0,0,0,0,0,10,6,45,0,0,0,0,0,0,0,77,4.5,7.5,10.5,1,1,2015,CLE,RWR,10,3
88118,4234,FT-0300,0,0,0,0,0,12,4,24,0,0,0,0,0,0,0,0,0,0,1,33,4.4,4.4,4.4,2,2,2015,PIT,RB,33,3
88119,4234,JD-2600,0,0,0,0,0,0,0,0,0,0,0,0,0,0,0,0,0,5,0,22,0,0,0,1,6,2015,CLE,TE,81,1
88120,4234,TP-2400,0,0,0,0,0,0,0,0,0,6,1,42,0,0,0,0,0,20,0,60,4.2,4.7,5.2,1,5,2015,CLE,LWR,17,3
88121,4235,DR-2250,0,0,0,0,0,5,0,9,0,1,0,0,0,0,0,0,1,0,0,15,-1.1,-1.1,-0.1,2,3,2015,JAC,RB,16,2
88122,4235,BB-2425,32,17,239,2,0,0,0,0,0,0,0,0,0,0,0,0,1,0,0,57,3.56,5.56,4.56,2,2,2015,JAC,QB,5,1
88123,4235,JT-2000,0,0,0,0,0,0,0,0,0,6,2,12,0,0,0,0,0,0,0,35,1.2,2.2,3.2,2,5,2015,JAC,TE,80,1
88124,4235,BD-0150,0,0,0,0,0,0,0,0,0,0,0,0,0,5,18,0,0,0,0,3,0,0,0,1,3,2015,HOU,QB,2,3
88125,4235,BH-1900,40,25,249,1,1,0,0,0,0,0,0,0,0,0,0,0,0,0,0,76,11.96,12.96,11.96,1,7,2015,HOU,QB,7,1
88126,4235,AH-3875,0,0,0,0,0,3,2,28,0,3,1,27,0,0,0,0,0,5,0,7,5.5,6,6.5,1,1,2015,HOU,RB,33,4
88127,4235,AB-1975,0,0,0,0,0,21,11,102,0,1,1,2,0,0,0,0,0,0,0,39,10.4,10.9,14.4,1,2,2015,HOU,RB,28,1
88128,4235,RG-1812,0,0,0,0,0,0,0,0,0,2,1,5,0,4,50,0,0,0,0,13,0.5,1,1.5,2,1,2015,JAC,LWR,13,3
88129,4235,AR-1250,0,0,0,0,0,0,0,0,0,9,5,108,0,0,0,0,0,10,0,57,10.8,13.3,18.8,2,2,2015,JAC,LWR,15,1
88130,4235,DH-3950,0,0,0,0,0,0,0,0,0,12,7,89,0,0,0,0,0,0,0,76,8.9,12.4,15.9,1,3,2015,HOU,LWR,10,1
88131,4235,JS-7075,0,0,0,0,0,0,0,0,0,7,6,56,0,0,0,0,0,0,0,60,5.6,8.6,11.6,1,1,2015,HOU,RWR,11,3
88132,4235,NW-0100,0,0,0,0,0,0,0,0,0,3,1,6,0,0,0,0,0,0,0,28,0.6,1.1,1.6,1,11,2015,HOU,RWR,85,1
88133,4235,JG-3050,0,0,0,0,0,9,3,23,0,1,1,4,0,0,0,0,0,0,0,41,2.7,3.2,3.7,2,4,2015,JAC,RB,34,4
88134,4235,AH-3900,0,0,0,0,0,0,0,0,0,5,3,17,0,0,0,0,0,0,0,51,1.7,3.2,4.7,2,2,2015,JAC,RWR,88,1
88135,4235,JG-3850,1,0,0,0,0,4,3,26,1,5,4,28,1,0,0,0,0,0,0,22,17.4,19.4,21.4,1,4,2015,HOU,RB,41,2
88136,4235,CP-1950,0,0,0,0,0,3,0,4,0,1,0,0,0,0,0,0,0,0,0,8,0.4,0.4,0.4,1,4,2015,HOU,RB,22,3
88137,4235,CF-0375,0,0,0,0,0,0,0,0,0,3,2,14,0,0,0,0,0,0,0,36,1.4,2.4,3.4,1,2,2015,HOU,TE,87,1
88138,4235,ML-0650,0,0,0,0,0,0,0,0,0,6,3,30,0,0,0,0,0,0,0,28,3,4.5,6,2,2,2015,JAC,RWR,11,2
88139,4235,RG-1870,0,0,0,0,0,0,0,0,0,3,3,27,0,0,0,0,0,0,0,42,2.7,4.2,5.7,1,3,2015,HOU,TE,84,2
88140,4235,KM-3250,0,0,0,0,0,0,0,0,0,3,0,0,0,0,0,0,0,5,0,30,0,0,0,1,1,2015,HOU,RWR,12,2
88141,4235,JB-1350,0,0,0,0,0,0,0,0,0,0,0,0,0,2,21,0,0,0,0,0,0,0,0,1,4,2015,JAC,RB,23,3
88142,4235,ML-1500,0,0,0,0,0,0,0,0,0,1,1,45,0,0,0,0,0,0,0,33,4.5,5,5.5,2,10,2015,JAC,TE,89,1
88143,4235,CH-1200,0,0,0,0,0,0,0,0,0,1,1,18,0,0,0,0,0,0,0,12,1.8,2.3,2.8,2,6,2015,JAC,TE,86,2
88144,4236,JF-3100,28,15,149,1,1,8,4,24,0,0,0,0,0,0,0,0,0,0,0,60,10.36,11.36,10.36,1,7,2015,IND,QB,5,1
88145,4236,TH-1850,0,0,0,0,0,0,0,0,0,7,4,44,0,0,0,0,0,0,0,59,4.4,6.4,8.4,1,4,2015,IND,RWR,13,1
88146,4236,PD-0800,0,0,0,0,0,1,1,11,0,9,4,28,0,0,0,0,0,0,0,52,3.9,5.9,7.9,1,1,2015,IND,RWR,15,2
88147,4236,CF-0650,0,0,0,0,0,0,0,0,0,7,7,88,1,0,0,0,0,0,0,48,14.8,18.3,21.8,1,4,2015,IND,TE,80,1
88148,4236,FG-0200,0,0,0,0,0,19,7,76,0,4,0,0,0,0,0,0,0,5,0,48,7.6,7.6,7.6,1,11,2015,IND,RB,23,1
88149,4236,DH-2550,0,0,0,0,0,2,0,4,0,1,0,0,0,0,0,0,0,0,0,13,0.4,0.4,0.4,1,4,2015,IND,RB,36,2
88150,4236,ZM-0150,13,5,38,1,0,2,1,4,1,0,0,0,0,0,0,0,0,15,0,28,5.92,6.92,5.92,1,2,2015,TEN,QB,7,1
88151,4236,DC-2550,0,0,0,0,0,19,8,73,1,0,0,0,0,0,0,0,0,0,0,33,13.3,13.3,13.3,1,1,2015,TEN,RB,44,3
88152,4236,DW-0500,0,0,0,0,0,1,1,36,0,14,9,94,0,0,0,0,0,0,0,41,13,17.5,22,1,10,2015,TEN,TE,82,1
88153,4236,QB-0250,0,0,0,0,0,0,0,0,0,0,0,0,0,7,56,0,0,0,0,1,0,0,0,1,1,2015,IND,LWR,5,3
88154,4236,JD-2550,0,0,0,0,0,0,0,0,0,1,1,3,0,0,0,0,0,0,0,48,0.3,0.8,1.3,1,3,2015,IND,TE,84,1
88155,4236,DG-2650,0,0,0,0,0,0,0,0,0,5,2,21,1,0,0,0,0,0,0,47,8.1,9.1,10.1,1,1,2015,TEN,LWR,17,2
88156,4236,DM-2775,0,0,0,0,0,0,0,0,0,2,1,-2,0,0,0,0,0,0,0,24,-0.2,0.3,0.8,1,2,2015,IND,WR,10,1
88157,4236,JF-2950,0,0,0,0,0,0,0,0,0,1,0,0,0,0,0,0,0,0,0,9,0,0,0,1,1,2015,TEN,FB,45,1
88158,4236,BS-0650,0,0,0,0,0,4,2,16,0,0,0,0,0,0,0,0,0,0,0,9,1.6,1.6,1.6,1,2,2015,TEN,RB,20,2
88159,4236,AJ-0900,0,0,0,0,0,0,0,0,0,6,4,46,1,0,0,0,0,0,0,44,10.6,12.6,14.6,1,13,2015,IND,LWR,81,1
88160,4236,TW-2862,0,0,0,0,0,2,1,12,0,0,0,0,0,0,0,0,0,0,0,2,1.2,1.2,1.2,1,1,2015,IND,RB,40,3
88161,4236,RL-0950,10,6,58,0,1,0,0,0,0,0,0,0,0,0,0,0,0,0,0,12,6.32,6.32,6.32,1,4,2015,IND,QB,3,2
88162,4236,AT-0160,14,10,99,0,1,0,0,0,0,0,0,0,0,0,0,0,0,0,0,30,7.96,7.96,7.96,1,4,2015,TEN,QB,11,2
88163,4236,AA-1350,0,0,0,0,0,0,0,0,0,2,2,3,0,0,0,0,0,0,0,16,0.3,1.3,2.3,1,2,2015,TEN,RB,26,1
88164,4236,HD-0300,0,0,0,0,0,0,0,0,0,2,2,19,0,2,9,0,0,0,0,47,1.9,2.9,3.9,1,8,2015,TEN,LWR,83,1
88165,4236,TM-1150,0,0,0,0,0,1,1,8,0,1,0,0,0,0,0,0,0,0,0,16,0.8,0.8,0.8,1,1,2015,TEN,RWR,16,2
88166,4237,DM-1600,0,0,0,0,0,12,7,92,0,8,5,53,0,0,0,0,1,0,0,61,12.5,15,18.5,2,8,2015,DAL,RB,20,1
88167,4237,KM-2560,48,33,435,2,3,1,0,0,0,0,0,0,0,0,0,0,1,0,0,68,23.4,25.4,27.4,2,4,2015,DAL,QB,17,2
88168,4237,CB-1130,0,0,0,0,0,0,0,0,0,7,5,53,2,0,0,0,0,0,0,42,17.3,19.8,22.3,2,4,2015,DAL,LWR,11,2
88169,4237,KC-2350,15,12,176,0,3,0,0,0,0,0,0,0,0,0,0,0,0,0,0,24,19.04,19.04,19.04,1,4,2015,WAS,QB,8,1
88170,4237,JR-1150,0,0,0,0,0,0,0,0,0,4,4,45,0,0,0,0,0,0,0,13,4.5,6.5,8.5,1,3,2015,WAS,TE,86,1
88171,4237,PG-0100,0,0,0,0,0,0,0,0,0,4,3,49,1,0,0,0,0,0,0,21,10.9,12.4,13.9,1,8,2015,WAS,LWR,88,1
88172,4237,CT-1220,0,0,0,0,0,7,1,19,0,0,0,0,0,0,0,0,0,0,0,18,1.9,1.9,1.9,1,3,2015,WAS,RB,25,3
88173,4237,RG-1650,0,0,0,0,0,0,0,0,0,4,3,18,1,0,0,0,0,0,0,50,7.8,9.3,10.8,1,2,2015,WAS,RWR,14,2
88174,4237,LW-1150,0,0,0,0,0,0,0,0,0,0,0,0,0,7,76,0,0,0,0,10,0,0,0,2,1,2015,DAL,RWR,13,2
88175,4237,JC-5680,0,0,0,0,0,0,0,0,0,7,5,109,1,3,6,0,0,0,0,40,16.9,19.4,24.9,1,1,2015,WAS,WR,80,1
88176,4237,BB-4100,0,0,0,0,0,0,0,0,0,10,4,60,0,0,0,0,0,0,0,59,6,8,10,2,3,2015,DAL,RWR,19,3
88177,4237,TW-2270,0,0,0,0,0,0,0,0,0,9,8,173,0,0,0,0,0,0,0,54,17.3,21.3,28.3,2,3,2015,DAL,RWR,83,1
88178,4237,JW-6000,0,0,0,0,0,0,0,0,0,8,6,58,1,0,0,0,0,0,0,67,11.8,14.8,17.8,2,13,2015,DAL,TE,82,1
88179,4237,AM-2850,0,0,0,0,0,19,10,100,0,0,0,0,0,0,0,0,0,0,0,30,10,10,13,1,4,2015,WAS,RB,46,1
88180,4237,RT-1950,0,0,0,0,0,2,0,6,0,1,1,-1,0,0,0,0,0,0,0,6,0.5,1,1.5,2,4,2015,DAL,RB,23,3
88181,4237,GS-1400,0,0,0,0,0,0,0,0,0,0,0,0,0,0,0,0,0,15,0,5,0,0,0,1,1,2015,DAL,TE,87,2
88182,4237,JH-0860,0,0,0,0,0,0,0,0,0,3,3,28,0,0,0,0,0,0,0,17,2.8,4.3,5.8,2,4,2015,DAL,TE,84,1
88183,4237,PT-0400,0,0,0,0,0,7,2,30,0,2,1,5,0,0,0,0,0,0,0,17,3.5,4,4.5,1,9,2015,WAS,RB,39,4
88184,4237,JH-3210,0,0,0,0,0,1,1,2,0,0,0,0,0,0,0,0,0,0,0,0,0.2,0.2,0.2,1,3,2015,DAL,FS,38,1
88185,4237,CM-1500,11,7,128,0,1,3,0,-3,0,0,0,0,0,0,0,0,0,0,0,41,8.82,8.82,8.82,1,6,2015,WAS,QB,16,2
88186,4237,RR-1150,0,0,0,0,0,0,0,0,0,3,2,71,1,0,0,0,0,0,0,43,13.1,14.1,15.1,1,3,2015,WAS,LWR,19,2
88187,4237,DY-0200,0,0,0,0,0,0,0,0,0,1,1,7,0,0,0,0,0,10,0,11,0.7,1.2,1.7,1,7,2015,WAS,FB,36,1
88188,4237,AS-1700,0,0,0,0,0,0,0,0,0,1,0,0,0,0,0,0,0,0,0,39,0,0,0,1,11,2015,WAS,TE,83,2
88189,4237,DS-4750,0,0,0,0,0,0,0,0,0,2,1,11,0,0,0,0,0,0,0,15,1.1,1.6,2.1,2,2,2015,DAL,LWR,15,1
88190,4238,SB-1100,38,30,320,1,2,2,0,-2,0,0,0,0,0,0,0,0,0,0,0,66,18.6,19.6,21.6,1,6,2015,PHI,QB,7,1
88191,4238,RM-1200,0,0,0,0,0,4,1,11,0,2,1,7,0,0,0,0,0,0,0,8,1.8,2.3,2.8,1,6,2015,PHI,RB,24,2
88192,4238,DS-3300,0,0,0,0,0,3,3,24,1,3,3,20,0,0,0,0,0,0,0,11,10.4,11.9,13.4,1,11,2015,PHI,RB,43,3
88193,4238,BC-0700,0,0,0,0,0,0,0,0,0,2,2,38,0,0,0,0,0,0,0,31,3.8,4.8,5.8,1,9,2015,PHI,TE,87,1
88194,4238,DM-4300,0,0,0,0,0,12,5,69,1,1,0,0,0,0,0,0,1,0,0,26,10.9,10.9,11.9,1,5,2015,PHI,RB,29,1
88195,4238,RJ-0800,0,0,0,0,0,27,19,170,1,5,2,6,0,0,0,0,0,0,0,45,23.6,24.6,28.6,2,7,2015,NYG,RB,23,1
88196,4238,EM-0200,43,24,302,0,2,0,0,0,0,0,0,0,0,0,0,0,1,0,0,84,18.08,18.08,22.08,2,12,2015,NYG,QB,10,1
88197,4238,OB-0075,0,0,0,0,0,0,0,0,0,7,5,54,0,1,5,0,0,5,0,79,5.4,7.9,10.4,1,2,2015,NYG,LWR,13,1
88198,4238,RR-0130,0,0,0,0,0,0,0,0,0,7,4,79,1,0,0,0,0,0,0,84,13.9,15.9,17.9,2,4,2015,NYG,LWR,82,2
88199,4238,KB-0350,0,0,0,0,0,5,3,18,0,5,5,21,0,0,0,0,0,0,0,18,3.9,6.4,8.9,1,3,2015,PHI,RB,34,4
88200,4238,JM-1550,0,0,0,0,0,0,0,0,0,9,7,54,2,0,0,0,0,0,0,49,17.4,20.9,24.4,1,2,2015,PHI,SWR,81,1
88201,4238,WT-0600,0,0,0,0,0,0,0,0,0,8,5,67,1,0,0,0,0,0,0,67,12.7,15.2,17.7,2,1,2015,NYG,TE,48,1
88202,4238,AW-1350,0,0,0,0,0,5,4,26,0,0,0,0,0,0,0,0,0,0,0,9,2.6,2.6,2.6,2,2,2015,NYG,RB,44,2
88203,4238,MW-1475,0,0,0,0,0,0,0,0,0,3,0,0,0,0,0,0,0,0,0,38,0,0,0,2,3,2015,NYG,RWR,19,2
88204,4238,SV-0200,0,0,0,0,0,4,2,12,0,8,6,72,0,0,0,0,0,0,0,30,8.4,11.4,14.4,2,5,2015,NYG,RB,34,3
88205,4238,JH-5750,0,0,0,0,0,0,0,0,0,2,0,0,0,1,15,0,0,0,0,38,0,0,0,1,2,2015,PHI,RWR,13,2
88206,4238,ZE-0100,0,0,0,0,0,0,0,0,0,9,9,152,0,0,0,0,0,0,0,49,15.2,19.7,27.2,1,3,2015,PHI,TE,86,2
88207,4238,NA-0050,0,0,0,0,0,0,0,0,0,3,2,23,0,0,0,0,0,0,0,46,2.3,3.3,4.3,1,1,2015,PHI,RWR,17,1
88208,4238,HN-0500,0,0,0,0,0,0,0,0,0,4,2,24,0,0,0,0,0,0,0,44,2.4,3.4,4.4,2,7,2015,NYG,RWR,88,3
88209,4238,TB-3950,0,0,0,0,0,0,0,0,0,1,1,5,0,0,0,0,0,0,0,10,0.5,1,1.5,1,2,2015,PHI,TE,47,3
88210,4238,RC-2300,0,0,0,0,0,0,0,0,0,1,0,0,0,0,0,0,0,0,0,41,0,0,0,1,6,2015,PHI,LWR,14,1
88211,4239,AA-0025,0,0,0,0,0,10,7,44,0,1,1,7,0,4,67,0,0,0,0,26,5.1,5.6,6.1,2,1,2015,DET,RB,21,1
88212,4239,MS-4100,39,28,298,0,3,6,1,10,0,0,0,0,0,0,0,0,0,0,0,65,24.92,24.92,24.92,2,7,2015,DET,QB,9,1
88213,4239,EE-0050,0,0,0,0,0,0,0,0,0,7,5,25,1,0,0,0,0,4,0,53,8.5,11,13.5,2,2,2015,DET,TE,85,1
88214,4239,CJ-1100,0,0,0,0,0,0,0,0,0,15,10,137,1,0,0,0,0,0,0,59,19.7,24.7,32.7,2,9,2015,DET,RWR,81,1
88215,4239,GT-0100,0,0,0,0,0,0,0,0,0,6,4,34,0,1,0,0,0,0,0,55,3.4,5.4,7.4,2,6,2015,DET,LWR,15,1
88216,4239,TW-3900,0,0,0,0,0,0,0,0,0,1,1,9,1,0,0,0,0,0,0,6,6.9,7.4,7.9,1,3,2015,DET,TE,89,1
88217,4239,DT-1250,0,0,0,0,0,0,0,0,0,2,1,45,0,3,57,0,0,0,0,9,4.5,5,5.5,2,4,2015,CHI,LWR,14,3
88218,4239,MF-1300,0,0,0,0,0,17,10,76,0,3,3,34,1,0,0,0,0,0,0,43,17,18.5,20,2,8,2015,CHI,RB,22,1
88219,4239,JC-6200,23,17,245,3,2,1,1,11,0,0,0,0,0,0,0,0,0,0,0,52,12.9,15.9,12.9,2,10,2015,CHI,QB,6,1
88220,4239,RH-3000,0,0,0,0,0,0,0,0,0,2,2,18,0,0,0,0,0,0,0,23,1.8,2.8,3.8,1,5,2015,CHI,TE,88,1
88221,4239,MM-0900,0,0,0,0,0,1,0,-3,0,8,6,80,0,4,73,0,0,0,0,48,7.7,10.7,13.7,2,6,2015,CHI,RWR,80,1
88222,4239,CM-2245,0,0,0,0,0,0,0,0,0,4,2,19,0,0,0,0,0,0,0,32,1.9,2.9,3.9,1,1,2015,CHI,LWR,81,2
88223,4239,KC-0250,0,0,0,0,0,1,1,10,0,0,0,0,0,0,0,0,0,0,0,4,1,1,1,2,2,2015,CHI,RB,25,3
88224,4239,JB-2700,0,0,0,0,0,3,2,9,0,2,2,49,0,0,0,0,0,0,0,12,5.8,6.8,7.8,2,6,2015,DET,RB,35,2
88225,4239,TR-0370,0,0,0,0,0,2,0,4,0,5,4,29,0,0,0,0,0,0,0,31,3.3,5.3,7.3,2,3,2015,DET,RB,25,3
88226,4239,JL-0280,0,0,0,0,0,5,1,14,0,0,0,0,0,0,0,0,0,0,0,14,1.4,1.4,1.4,2,1,2015,CHI,RB,33,2
88227,4239,JB-2950,0,0,0,0,0,0,0,0,0,4,3,49,1,0,0,0,0,0,0,42,10.9,12.4,13.9,2,4,2015,CHI,LWR,11,1
88228,4239,MB-5175,0,0,0,0,0,0,0,0,0,1,1,8,0,0,0,0,0,0,0,11,0.8,1.3,1.8,1,1,2015,DET,FB,46,1
88229,4239,BP-0200,0,0,0,0,0,0,0,0,0,0,0,0,0,0,0,0,0,7,0,16,0,0,0,1,7,2015,DET,TE,80,2
88230,4239,TJ-2350,0,0,0,0,0,0,0,0,0,1,0,0,0,0,0,0,0,0,0,17,0,0,0,2,2,2015,DET,LWR,13,3
88231,4240,AS-1600,24,14,156,2,2,9,4,61,0,0,0,0,0,0,0,0,0,0,0,65,16.34,18.34,16.34,1,11,2015,KC,QB,11,1
88232,4240,AS-0900,0,0,0,0,0,0,0,0,0,2,2,21,0,0,0,0,0,0,0,15,2.1,3.1,4.1,1,5,2015,KC,FB,42,1
88233,4240,DH-1450,0,0,0,0,0,0,0,0,0,3,1,15,1,0,0,0,0,0,0,30,7.5,8,8.5,1,3,2015,KC,TE,84,2
88234,4240,CW-1450,0,0,0,0,0,13,5,34,0,1,1,-2,0,0,0,0,0,0,0,36,3.2,3.7,4.2,1,2,2015,KC,RB,35,3
88235,4240,TK-0150,0,0,0,0,0,0,0,0,0,2,1,10,0,0,0,0,0,10,0,62,1,1.5,2,1,3,2015,KC,TE,87,1
88236,4240,JM-0200,0,0,0,0,0,1,1,18,0,4,3,54,1,0,0,0,0,0,0,49,13.2,14.7,16.2,1,7,2015,KC,RWR,19,1
88237,4240,TJ-2400,0,0,0,0,0,0,0,0,0,0,0,0,0,3,124,0,0,0,0,0,0,0,0,1,5,2015,OAK,RB,22,2
88238,4240,DC-0725,33,21,194,1,1,2,2,12,0,0,0,0,0,0,0,0,0,0,0,57,10.96,11.96,10.96,1,2,2015,OAK,QB,4,1
88239,4240,JO-0550,0,0,0,0,0,0,0,0,0,1,1,14,0,0,0,0,0,0,0,6,1.4,1.9,2.4,1,4,2015,OAK,FB,49,1
88240,4240,LM-1850,0,0,0,0,0,11,3,31,0,6,4,25,0,0,0,0,0,0,0,39,5.6,7.6,9.6,1,3,2015,OAK,RB,28,1
88241,4240,AC-2350,0,0,0,0,0,0,0,0,0,5,2,20,0,0,0,0,0,0,0,55,2,3,4,1,1,2015,OAK,RWR,89,1
88242,4240,SW-0350,0,0,0,0,0,16,12,76,1,0,0,0,0,1,14,0,0,0,0,29,13.6,13.6,13.6,1,3,2015,KC,RB,32,1
88243,4240,AW-1650,0,0,0,0,0,0,0,0,0,6,3,24,0,0,0,0,0,0,0,49,2.4,3.9,5.4,1,2,2015,KC,LWR,12,1
88244,4240,CC-3950,0,0,0,0,0,0,0,0,0,3,2,22,0,1,14,0,0,0,0,27,2.2,3.2,4.2,1,1,2015,KC,RWR,17,3
88245,4240,CW-0225,0,0,0,0,0,0,0,0,0,4,4,46,0,0,0,0,0,0,0,23,4.6,6.6,8.6,1,1,2015,OAK,TE,88,3
88246,4240,LS-1550,0,0,0,0,0,0,0,0,0,0,0,0,0,0,0,0,0,5,0,18,0,0,0,1,5,2015,OAK,TE,86,1
88247,4240,MC-2900,0,0,0,0,0,0,0,0,0,7,3,34,1,0,0,0,0,0,0,52,9.4,10.9,12.4,1,7,2015,OAK,LWR,15,1
88248,4240,RH-1600,0,0,0,0,0,3,1,5,0,4,2,23,0,0,0,0,0,0,0,15,2.8,3.8,4.8,1,5,2015,OAK,RB,26,3
88249,4240,FH-0100,0,0,0,0,0,0,0,0,0,0,0,0,0,3,22,0,0,0,0,1,0,0,0,1,3,2015,KC,LWR,85,2
88250,4240,JR-3270,0,0,0,0,0,0,0,0,0,0,0,0,0,5,23,0,0,0,0,0,0,0,0,1,5,2015,OAK,LWR,13,3
88251,4240,JA-2900,0,0,0,0,0,0,0,0,0,2,2,15,0,0,0,0,0,0,0,22,1.5,2.5,3.5,1,10,2015,KC,RWR,81,2
88252,4240,SR-0750,0,0,0,0,0,0,0,0,0,3,3,20,0,0,0,0,0,0,0,44,2,3.5,5,1,2,2015,OAK,WR,10,1
88253,4240,MR-0970,0,0,0,0,0,0,0,0,0,2,2,12,0,0,0,0,0,0,0,21,1.2,2.2,3.2,1,3,2015,OAK,TE,81,2
88254,4240,CS-0250,1,1,3,0,0,0,0,0,0,0,0,0,0,0,0,0,0,0,0,0,0.12,0.12,0.12,1,2,2015,KC,P,5,2
88255,4241,BO-0650,22,14,232,2,1,0,0,0,0,0,0,0,0,0,0,0,1,0,0,37,7.28,9.28,8.28,2,4,2015,DEN,QB,17,1
88256,4241,RH-2350,0,0,0,0,0,15,8,117,1,3,2,10,0,0,0,0,0,0,0,36,18.7,19.7,23.7,2,4,2015,DEN,RB,23,2
88257,4241,DT-0900,0,0,0,0,0,0,0,0,0,9,5,117,1,0,0,0,0,0,0,52,17.7,20.2,25.7,2,6,2015,DEN,LWR,88,1
88258,4241,DB-4800,0,0,0,0,0,21,9,81,0,3,2,10,0,0,0,0,0,0,0,43,9.1,10.1,11.1,1,7,2015,SD,RB,34,2
88259,4241,PR-0300,35,21,228,1,2,2,0,5,0,0,0,0,0,0,0,0,0,5,0,72,15.62,16.62,15.62,1,12,2015,SD,QB,17,1
88260,4241,DW-4300,0,0,0,0,0,5,1,11,0,10,8,51,0,0,0,0,0,0,0,43,6.2,10.2,14.2,1,8,2015,SD,RB,39,1
88261,4241,JH-3450,0,0,0,0,0,1,1,13,0,4,3,18,0,3,0,0,0,0,0,43,3.1,4.6,6.1,1,2,2015,SD,LWR,8,2
88262,4241,DI-0075,0,0,0,0,0,0,0,0,0,6,3,25,0,0,0,0,0,0,0,70,2.5,4,5.5,1,5,2015,SD,RWR,15,1
88263,4241,AG-0500,0,0,0,0,0,0,0,0,0,5,3,34,1,0,0,0,0,0,0,62,9.4,10.9,12.4,1,13,2015,SD,TE,85,1
88264,4241,CA-0750,0,0,0,0,0,15,7,95,1,3,1,-5,0,0,0,0,1,0,0,28,13,13.5,15,2,3,2015,DEN,RB,22,1
88265,4241,ES-0200,0,0,0,0,0,0,0,0,0,8,5,99,0,0,0,0,1,5,0,56,7.9,10.4,13.9,2,6,2015,DEN,RWR,10,1
88266,4241,CL-0275,0,0,0,0,0,0,0,0,0,1,0,0,0,0,0,0,0,0,0,12,0,0,0,1,2,2015,DEN,RWR,14,2
88267,4241,BF-0950,0,0,0,0,0,0,0,0,0,1,1,3,0,0,0,0,0,0,0,22,0.3,0.8,1.3,2,2,2015,DEN,LWR,16,3
88268,4241,JN-1900,0,0,0,0,0,0,0,0,0,4,3,48,0,4,33,0,0,0,0,39,4.8,6.3,7.8,2,7,2015,DEN,WR,11,1
88269,4241,MF-0800,0,0,0,0,0,0,0,0,0,2,0,0,0,0,0,0,0,0,0,15,0,0,0,1,12,2015,SD,LWR,80,1
88270,4241,OD-0100,0,0,0,0,0,0,0,0,0,1,1,15,0,0,0,0,0,0,0,45,1.5,2,2.5,2,10,2015,DEN,TE,81,1
88271,4241,PM-0200,9,5,69,0,0,2,0,-2,0,0,0,0,0,0,0,0,0,0,0,29,2.56,2.56,2.56,1,18,2015,DEN,QB,18,3
88272,4241,VG-0300,0,0,0,0,0,0,0,0,0,1,1,14,0,0,0,0,0,0,0,27,1.4,1.9,2.4,2,5,2015,DEN,FB,85,1
88273,4241,TW-2875,0,0,0,0,0,0,0,0,0,5,2,90,1,0,0,0,0,0,0,24,15,16,17,1,1,2015,SD,RWR,16,2
88274,4242,CP-0500,25,12,129,1,1,0,0,0,0,0,0,0,0,0,0,0,0,0,0,34,7.16,8.16,7.16,2,13,2015,ARI,QB,3,1
88275,4242,LF-0200,0,0,0,0,0,0,0,0,0,7,6,55,1,0,0,0,0,0,0,41,11.5,14.5,17.5,2,12,2015,ARI,LWR,11,1
88276,4242,DJ-1325,0,0,0,0,0,11,1,25,0,8,3,34,0,0,0,0,0,0,0,36,5.9,7.4,8.9,2,1,2015,ARI,RB,31,1
88277,4242,MF-0950,0,0,0,0,0,0,0,0,0,4,1,16,0,0,0,0,0,0,0,43,1.6,2.1,2.6,2,4,2015,ARI,RWR,15,1
88278,4242,TL-1025,0,0,0,0,0,2,1,7,0,4,2,36,0,5,161,0,0,10,0,40,4.3,5.3,6.3,2,1,2015,SEA,LWR,16,2
88279,4242,RW-3850,28,19,197,0,3,5,3,13,0,0,0,0,0,0,0,0,0,0,0,60,21.18,21.18,21.18,2,4,2015,SEA,QB,3,1
88280,4242,JK-0250,0,0,0,0,0,0,0,0,0,3,3,34,1,0,0,0,0,0,0,43,9.4,10.9,12.4,2,4,2015,SEA,RWR,15,1
88281,4242,CH-2350,0,0,0,0,0,0,0,0,0,6,4,42,0,0,0,0,0,0,0,52,4.2,6.2,8.2,2,4,2015,SEA,TE,84,2
88282,4242,CM-2280,0,0,0,0,0,17,7,102,0,1,0,0,0,0,0,0,0,0,0,29,10.2,10.2,13.2,2,3,2015,SEA,RB,32,3
88283,4242,DB-0500,0,0,0,0,0,0,0,0,0,7,5,46,0,0,0,0,0,0,0,46,4.6,7.1,9.6,2,5,2015,SEA,LWR,89,1
88284,4242,BB-3350,0,0,0,0,0,10,4,20,1,0,0,0,0,0,0,0,0,0,0,22,8,8,8,2,4,2015,SEA,RB,36,2
88285,4242,JN-0625,0,0,0,0,0,0,0,0,0,3,0,0,0,2,-2,0,0,0,0,9,0,0,0,2,1,2015,ARI,RWR,14,3
88286,4242,JB-6950,0,0,0,0,0,0,0,0,0,11,4,45,0,0,0,0,0,0,0,55,4.5,6.5,8.5,2,2,2015,ARI,WR,12,1
88287,4242,WT-0400,0,0,0,0,0,0,0,0,0,1,1,7,1,0,0,0,0,0,0,14,6.7,7.2,7.7,2,6,2015,SEA,FB,46,1
88288,4242,BG-0750,0,0,0,0,0,0,0,0,0,1,1,5,0,0,0,0,0,8,0,2,0.5,1,1.5,1,4,2015,ARI,LWR,10,3
88289,4242,CC-3200,0,0,0,0,0,0,0,0,0,5,4,29,1,0,0,0,0,0,0,35,8.9,10.9,12.9,1,7,2015,SEA,TE,86,3
88290,4242,FJ-0100,0,0,0,0,0,0,0,0,0,1,1,6,0,0,0,0,0,0,0,17,0.6,1.1,1.6,2,10,2015,SEA,RB,22,1
88291,4242,KS-1750,0,0,0,0,0,0,0,0,0,3,1,17,0,0,0,0,0,0,0,35,1.7,2.2,2.7,2,2,2015,SEA,RWR,17,2
88292,4242,KW-1250,0,0,0,0,0,0,0,0,0,0,0,0,0,1,17,0,0,0,0,0,0,0,0,2,3,2015,ARI,RB,33,4
88293,4242,DS-3800,18,8,84,2,0,0,0,0,0,0,0,0,0,0,0,0,0,0,0,24,-0.64,1.36,-0.64,2,9,2015,ARI,QB,5,2
88294,4242,AE-0750,0,0,0,0,0,2,1,2,0,2,1,7,0,0,0,0,0,0,0,19,0.9,1.4,1.9,2,3,2015,ARI,RB,38,3
88295,4242,DF-0550,0,0,0,0,0,0,0,0,0,2,1,7,0,0,0,0,0,0,0,40,0.7,1.2,1.7,1,3,2015,ARI,TE,85,1
88296,4242,TN-0550,0,0,0,0,0,0,0,0,0,1,1,8,0,0,0,0,0,0,0,1,0.8,1.3,1.8,1,2,2015,ARI,TE,87,2
88297,4242,JG-3700,0,0,0,0,0,0,0,0,0,3,2,36,0,0,0,0,0,0,0,21,3.6,4.6,5.6,2,6,2015,ARI,TE,84,1
88298,4242,JB-6750,0,0,0,0,0,0,0,0,0,1,0,0,0,0,0,0,0,0,0,55,0,0,0,1,3,2015,ARI,LWR,13,2
88299,4242,KW-1175,0,0,0,0,0,1,1,5,0,1,1,8,0,0,0,0,0,0,0,18,1.3,1.8,2.3,1,1,2015,SEA,LWR,18,3
88300,4242,TJ-0300,4,3,28,0,0,2,0,-2,0,0,0,0,0,0,0,0,0,0,0,13,0.92,0.92,0.92,1,10,2015,SEA,QB,7,2
88301,4243,BC-3070,0,0,0,0,0,4,2,38,0,3,3,34,0,2,49,0,0,0,0,22,7.2,8.7,10.2,2,3,2015,STL,RB,36,3
88302,4243,CK-0250,37,22,231,0,0,1,1,2,0,0,0,0,0,0,0,0,0,0,0,71,9.44,9.44,9.44,2,4,2015,STL,QB,17,3
88303,4243,LK-0200,0,0,0,0,0,0,0,0,0,5,5,37,0,0,0,0,0,0,0,48,3.7,6.2,8.7,2,5,2015,STL,TE,88,1
88304,4243,TM-0650,0,0,0,0,0,18,6,44,1,0,0,0,0,0,0,0,0,0,0,36,10.4,10.4,10.4,2,2,2015,STL,RB,27,2
88305,4243,BQ-0050,0,0,0,0,0,0,0,0,0,5,2,23,0,0,0,0,0,10,0,30,2.3,3.3,4.3,2,4,2015,STL,SWR,83,2
88306,4243,BE-0350,0,0,0,0,0,0,0,0,0,1,1,44,0,5,63,0,0,0,0,20,4.4,4.9,5.4,2,2,2015,SF,LWR,10,3
88307,4243,BG-0100,44,28,354,1,1,7,1,7,0,0,0,0,0,0,0,0,0,0,0,81,16.86,17.86,19.86,2,5,2015,SF,QB,2,1
88308,4243,BB-1550,0,0,0,0,0,0,0,0,0,2,1,5,0,0,0,0,0,0,0,55,0.5,1,1.5,2,1,2015,SF,TE,84,2
88309,4243,DH-1700,0,0,0,0,0,16,6,67,0,12,8,86,0,0,0,0,0,0,0,46,15.3,19.3,23.3,2,5,2015,SF,RB,32,2
88310,4243,TS-2300,0,0,0,0,0,0,0,0,0,8,5,61,0,0,0,0,0,0,0,61,6.1,8.6,11.1,2,5,2015,SF,RWR,82,1
88311,4243,KB-1900,0,0,0,0,0,0,0,0,0,5,3,81,0,0,0,0,0,0,0,56,8.1,9.6,11.1,2,7,2015,STL,LWR,18,1
88312,4243,TA-1050,0,0,0,0,0,6,5,32,0,8,5,30,0,3,6,0,0,0,0,60,6.2,8.7,11.2,2,3,2015,STL,SWR,11,1
88313,4243,JC-4300,0,0,0,0,0,0,0,0,0,4,0,0,0,0,0,0,0,0,0,36,0,0,0,2,7,2015,STL,TE,89,1
88314,4243,WW-0200,0,0,0,0,0,0,0,0,0,3,2,16,0,0,0,0,0,0,0,13,1.6,2.6,3.6,2,12,2015,STL,LWR,19,3
88315,4243,BM-2600,0,0,0,0,0,0,0,0,0,3,2,2,0,0,0,0,0,15,0,17,0.2,1.2,2.2,2,5,2015,SF,FB,49,1
88316,4243,MD-0150,0,0,0,0,0,10,5,34,0,3,2,15,0,0,0,0,0,0,0,27,4.9,5.9,6.9,1,1,2015,SF,RB,20,4
88317,4243,VM-0250,0,0,0,0,0,0,0,0,0,5,3,37,0,0,0,0,0,0,0,69,3.7,5.2,6.7,2,3,2015,SF,TE,89,1
88318,4243,AB-2000,0,0,0,0,0,0,0,0,0,8,5,71,1,0,0,0,0,0,0,62,13.1,15.6,18.1,2,13,2015,SF,LWR,81,1
88319,4243,CR-0750,0,0,0,0,0,0,0,0,0,0,0,0,0,1,9,0,0,0,0,0,0,0,0,1,5,2015,STL,RB,34,4
88320,4243,JH-3230,1,0,0,0,0,0,0,0,0,0,0,0,0,0,0,0,0,0,0,0,0,0,0,1,4,2015,STL,P,6,1
88321,4243,BM-0250,0,0,0,0,0,0,0,0,0,3,0,0,0,0,0,0,0,0,0,29,0,0,0,2,1,2015,STL,LWR,15,2
88322,4243,QP-0050,0,0,0,0,0,0,0,0,0,2,1,33,0,0,0,0,0,0,0,31,3.3,3.8,4.3,2,3,2015,SF,LWR,11,2
88323,4243,MB-3862,0,0,0,0,0,4,2,17,0,1,1,-2,0,0,0,0,0,0,0,9,1.5,2,2.5,1,1,2015,STL,RB,39,5
88324,4243,CH-1230,0,0,0,0,0,0,0,0,0,1,1,12,0,0,0,0,0,0,0,13,1.2,1.7,2.2,1,4,2015,STL,TE,46,2
88325,4244,MT-1300,0,0,0,0,0,10,6,59,0,1,1,5,0,0,0,0,0,0,0,37,6.4,6.9,7.4,2,8,2015,CAR,FB,35,1
88326,4244,CN-0500,26,21,293,0,2,6,4,10,2,0,0,0,0,0,0,0,0,8,0,62,32.72,32.72,32.72,2,5,2015,CAR,QB,1,1
88327,4244,JC-5400,0,0,0,0,0,0,0,0,0,2,2,52,1,0,0,0,0,0,0,33,11.2,12.2,13.2,2,12,2015,CAR,LWR,82,2
88328,4244,CB-3850,0,0,0,0,0,0,0,0,0,6,3,58,0,0,0,0,0,5,0,51,5.8,7.3,8.8,2,2,2015,CAR,LWR,16,1
88329,4244,GO-0100,0,0,0,0,0,0,0,0,0,2,2,16,0,0,0,0,0,0,0,62,1.6,2.6,3.6,2,9,2015,CAR,TE,88,1
88330,4244,ED-0400,0,0,0,0,0,0,0,0,0,3,2,0,0,0,0,0,0,0,0,33,0,1,2,2,6,2015,CAR,TE,84,1
88331,4244,BR-0050,0,0,0,0,0,0,0,0,0,0,0,0,0,2,5,0,1,0,0,1,-2,-2,-1,2,4,2015,TB,RB,43,3
88332,4244,DM-0450,0,0,0,0,0,15,4,48,0,7,7,60,0,0,0,0,0,0,0,41,10.8,14.3,17.8,2,4,2015,TB,RB,22,1
88333,4244,JW-5650,47,29,325,2,0,3,2,14,1,0,0,0,0,0,0,0,0,0,0,74,16.4,18.4,19.4,2,1,2015,TB,QB,3,1
88334,4244,DD-3050,0,0,0,0,0,0,0,0,0,7,4,31,0,0,0,0,0,0,0,50,3.1,5.1,7.1,2,1,2015,TB,LWR,17,1
88335,4244,AS-0550,0,0,0,0,0,0,0,0,0,7,3,48,0,0,0,0,0,0,0,29,4.8,6.3,7.8,2,2,2015,TB,TE,87,1
88336,4244,CA-1175,0,0,0,0,0,14,6,44,1,2,2,17,0,0,0,0,0,0,0,39,12.1,13.1,14.1,2,1,2015,CAR,RB,34,3
88337,4244,DF-2200,0,0,0,0,0,0,0,0,0,8,7,120,1,0,0,0,1,0,0,54,16,19.5,27,2,1,2015,CAR,RWR,17,2
88338,4244,RS-0975,0,0,0,0,0,0,0,0,0,1,0,0,0,0,0,0,0,0,0,24,0,0,0,2,3,2015,TB,RWR,89,3
88339,4244,ME-0600,0,0,0,0,0,0,0,0,0,9,4,99,0,0,0,0,0,30,0,68,9.9,11.9,13.9,2,2,2015,TB,RWR,13,1
88340,4244,AH-3862,0,0,0,0,0,0,0,0,0,2,0,0,0,0,0,0,0,0,0,56,0,0,0,2,1,2015,TB,RWR,11,2
88341,4244,BB-2050,0,0,0,0,0,0,0,0,0,2,2,25,0,0,0,0,1,0,0,8,0.5,1.5,3.5,1,4,2015,CAR,LWR,11,3
88342,4244,LS-1900,0,0,0,0,0,0,0,0,0,1,1,3,0,0,0,0,0,0,0,36,0.3,0.8,1.3,2,5,2015,TB,TE,88,2
88343,4244,CS-1950,0,0,0,0,0,4,1,15,0,11,9,74,0,0,0,0,0,0,0,33,8.9,13.4,17.9,2,2,2015,TB,RB,34,2
88344,4244,CB-2775,0,0,0,0,0,0,0,0,0,2,1,10,0,0,0,0,0,0,0,28,1,1.5,2,2,2,2015,TB,TE,81,4
88345,4244,DA-1300,0,0,0,0,0,2,0,-2,0,0,0,0,0,0,0,0,0,0,0,2,-0.2,-0.2,-0.2,1,11,2015,CAR,QB,3,2
88346,4245,AP-0700,0,0,0,0,0,19,8,67,1,1,1,1,0,0,0,0,0,0,0,31,12.8,13.3,13.8,2,9,2015,MIN,RB,28,1
88347,4245,TB-2650,19,10,99,1,0,2,0,2,0,0,0,0,0,0,0,0,0,5,0,48,2.16,3.16,2.16,2,2,2015,MIN,QB,5,1
88348,4245,JM-3450,0,0,0,0,0,4,2,15,0,4,3,33,0,1,24,0,0,0,0,12,4.8,6.3,7.8,2,2,2015,MIN,RB,31,2
88349,4245,AT-0350,0,0,0,0,0,2,2,67,0,1,1,16,0,0,0,0,0,0,0,7,8.3,8.8,9.3,2,3,2015,MIN,LWR,19,3
88350,4245,MP-2350,0,0,0,0,0,0,0,0,0,1,0,0,0,0,0,0,0,0,0,4,0,0,0,1,1,2015,MIN,TE,83,2
88351,4245,JW-6560,0,0,0,0,0,0,0,0,0,3,2,21,0,0,0,0,0,0,0,28,2.1,3.1,4.1,2,4,2015,MIN,RWR,17,2
88352,4245,EL-0010,0,0,0,0,0,13,8,34,0,2,2,7,0,0,0,0,0,0,0,25,4.1,5.1,6.1,2,3,2015,GB,RB,27,1
88353,4245,JK-2200,0,0,0,0,0,1,0,3,0,2,2,14,0,0,0,0,0,0,0,53,1.7,2.7,3.7,2,11,2015,GB,FB,30,1
88354,4245,AR-1300,44,28,291,1,1,3,1,12,0,0,0,0,0,0,0,0,1,0,0,79,12.84,13.84,13.84,2,11,2015,GB,QB,12,1
88355,4245,RR-1050,0,0,0,0,0,0,0,0,0,8,7,59,1,0,0,0,0,0,0,61,11.9,15.4,18.9,2,2,2015,GB,TE,82,1
88356,4245,JS-6200,0,0,0,0,0,8,3,24,0,3,3,18,0,0,0,0,0,0,0,28,4.2,5.7,7.2,2,6,2015,GB,RB,44,2
88357,4245,JJ-4200,0,0,0,0,0,0,0,0,0,13,4,102,0,0,0,0,0,0,0,78,10.2,12.2,17.2,2,9,2015,GB,WR,89,1
88358,4245,MW-0500,0,0,0,0,0,0,0,0,0,3,1,22,0,0,0,0,0,0,0,34,2.2,2.7,3.2,2,7,2015,MIN,RWR,11,1
88359,4245,JJ-0775,0,0,0,0,0,0,0,0,0,0,0,0,0,1,26,0,0,10,0,0,0,0,0,2,2,2015,GB,LWR,83,3
88360,4245,AQ-0100,0,0,0,0,0,0,0,0,0,1,0,0,0,0,0,0,0,0,0,31,0,0,0,2,6,2015,GB,TE,81,2
88361,4245,DA-0212,0,0,0,0,0,0,0,0,0,6,4,54,0,0,0,0,0,0,0,54,5.4,7.4,9.4,2,2,2015,GB,LWR,17,1
88362,4245,RC-1500,0,0,0,0,0,1,0,3,0,8,6,37,0,0,0,0,0,0,0,64,4,7,10,2,5,2015,GB,RWR,18,1
88363,4245,SD-0537,0,0,0,0,0,0,0,0,0,2,1,8,0,0,0,0,0,0,0,38,0.8,1.3,1.8,2,1,2015,MIN,LWR,14,1
88364,4245,KR-1200,0,0,0,0,0,0,0,0,0,1,0,0,0,0,0,0,0,0,0,42,0,0,0,2,5,2015,MIN,TE,82,1
88365,4245,RE-0400,0,0,0,0,0,0,0,0,0,1,1,-2,0,0,0,0,0,0,0,21,-0.2,0.3,0.8,2,4,2015,MIN,TE,85,3
88366,4245,JA-0050,0,0,0,0,0,0,0,0,0,0,0,0,0,1,0,0,0,0,0,0,0,0,0,2,2,2015,GB,RWR,84,2
88367,4245,CP-0750,0,0,0,0,0,0,0,0,0,0,0,0,0,1,70,0,1,0,0,0,-2,-2,-1,2,3,2015,MIN,RWR,84,3
88368,4246,KD-0450,0,0,0,0,0,4,2,12,0,0,0,0,0,1,106,1,0,10,0,7,7.2,7.2,7.2,1,3,2015,KC,RB,34,3
88369,4246,AB-1975,0,0,0,0,0,17,7,99,0,1,0,0,0,0,0,0,0,0,0,29,9.9,9.9,9.9,2,2,2015,HOU,RB,28,1
88370,4246,BH-1900,34,15,136,4,0,1,0,-1,0,0,0,0,0,0,0,0,1,0,0,64,-4.66,-0.66,-3.66,2,7,2015,HOU,QB,7,1
88371,4246,NW-0100,0,0,0,0,0,0,0,0,0,6,1,3,0,0,0,0,0,0,0,38,0.3,0.8,1.3,2,11,2015,HOU,RWR,85,1
88372,4246,CS-1500,0,0,0,0,0,0,0,0,0,3,1,5,0,0,0,0,0,0,0,46,0.5,1,1.5,1,5,2015,HOU,LWR,18,2
88373,4246,FH-0100,0,0,0,0,0,0,0,0,0,1,1,3,0,5,78,0,0,0,0,6,0.3,0.8,1.3,2,3,2015,KC,LWR,85,2
88374,4246,AS-1600,22,17,190,1,1,5,5,27,0,0,0,0,0,0,0,0,0,0,0,58,12.3,13.3,12.3,2,11,2015,KC,QB,11,1
88375,4246,TK-0150,0,0,0,0,0,0,0,0,0,10,8,128,0,0,0,0,0,0,0,55,12.8,16.8,23.8,2,3,2015,KC,TE,87,1
88376,4246,AW-1650,0,0,0,0,0,2,1,11,0,4,2,9,0,0,0,0,0,10,0,47,2,3,4,2,2,2015,KC,LWR,12,1
88377,4246,SW-0350,0,0,0,0,0,16,9,67,1,0,0,0,0,0,0,0,0,0,0,38,12.7,12.7,12.7,2,3,2015,KC,FB,32,2
88378,4246,CW-1450,0,0,0,0,0,8,4,26,0,1,1,9,0,0,0,0,0,0,0,18,3.5,4,4.5,2,2,2015,KC,RB,35,1
88379,4246,KM-3250,0,0,0,0,0,0,0,0,0,0,0,0,0,3,0,0,0,0,0,0,0,0,0,2,1,2015,HOU,RWR,12,2
88380,4246,JM-0200,0,0,0,0,0,0,0,0,0,4,3,29,0,0,0,0,0,0,0,32,2.9,4.4,5.9,2,7,2015,KC,RWR,19,1
88381,4246,CF-0375,0,0,0,0,0,0,0,0,0,1,1,1,0,0,0,0,0,0,0,23,0.1,0.6,1.1,2,2,2015,HOU,TE,87,1
88382,4246,DH-3950,0,0,0,0,0,0,0,0,0,11,6,69,0,0,0,0,0,10,0,62,6.9,9.9,12.9,2,3,2015,HOU,LWR,10,1
88383,4246,RG-1870,0,0,0,0,0,0,0,0,0,8,3,29,0,0,0,0,0,0,0,44,2.9,4.4,5.9,2,3,2015,HOU,TE,84,2
88384,4246,AH-3875,0,0,0,0,0,1,0,0,0,0,0,0,0,0,0,0,0,0,0,4,0,0,0,2,1,2015,HOU,RB,33,4
88385,4246,JP-4187,0,0,0,0,0,1,0,2,0,0,0,0,0,0,0,0,0,0,0,10,0.2,0.2,0.2,1,2,2015,HOU,FB,45,1
88386,4246,JG-3850,0,0,0,0,0,4,1,15,0,2,2,12,0,0,0,0,0,0,0,30,2.7,3.7,4.7,2,4,2015,HOU,RB,41,2
88387,4246,JW-1100,0,0,0,0,0,1,0,-1,0,0,0,0,0,0,0,0,0,0,0,1,-0.1,-0.1,-0.1,1,5,2015,HOU,RDE,99,1
88388,4246,CC-3950,0,0,0,0,0,0,0,0,0,1,1,9,1,0,0,0,0,0,0,44,6.9,7.4,7.9,2,1,2015,KC,RWR,17,3
88389,4246,JS-7075,0,0,0,0,0,0,0,0,0,2,1,17,0,0,0,0,0,0,0,28,1.7,2.2,2.7,2,1,2015,HOU,RWR,11,3
88390,4246,AS-0900,0,0,0,0,0,0,0,0,0,1,1,3,0,0,0,0,0,0,0,8,0.3,0.8,1.3,2,5,2015,KC,FB,42,1
88391,4246,CD-0300,0,0,0,0,0,2,0,-2,0,0,0,0,0,0,0,0,0,0,0,5,-0.2,-0.2,-0.2,1,7,2015,KC,QB,10,2
88392,4247,BR-1100,31,18,229,0,1,0,0,0,0,0,0,0,0,0,0,0,0,0,1,65,15.16,15.16,15.16,3,12,2015,PIT,QB,7,1
88393,4247,MB-4550,0,0,0,0,0,1,1,44,0,6,5,29,1,0,0,0,0,0,0,59,13.3,15.8,18.3,3,2,2015,PIT,LWR,10,2
88394,4247,FT-0300,0,0,0,0,0,17,9,58,0,8,4,60,0,0,0,0,0,0,0,49,11.8,13.8,15.8,3,2,2015,PIT,RB,33,3
88395,4247,DH-2800,0,0,0,0,0,0,0,0,0,2,0,0,0,0,0,0,0,0,0,23,0,0,0,3,7,2015,PIT,RWR,88,2
88396,4247,AM-1150,41,23,212,1,1,5,1,9,0,0,0,0,0,0,0,0,1,0,0,74,9.38,10.38,10.38,3,2,2015,CIN,QB,5,1
88397,4247,AG-1500,0,0,0,0,0,0,0,0,0,8,5,71,1,0,0,0,0,0,0,70,13.1,15.6,18.1,3,5,2015,CIN,LWR,18,1
88398,4247,JH-4025,0,0,0,0,0,12,4,50,1,4,3,27,0,0,0,0,1,0,1,39,13.7,15.2,17.7,3,2,2015,CIN,RB,32,1
88399,4247,TE-0300,0,0,0,0,0,0,0,0,0,9,5,58,0,0,0,0,0,0,0,72,5.8,8.3,10.8,2,3,2015,CIN,TE,85,1
88400,4247,AB-3500,0,0,0,0,0,0,0,0,0,12,7,119,0,4,8,0,0,0,0,74,11.9,15.4,21.9,3,6,2015,PIT,LWR,84,1
88401,4247,HM-0200,0,0,0,0,0,0,0,0,0,3,2,9,0,0,0,0,0,0,0,74,0.9,1.9,2.9,3,11,2015,PIT,TE,83,1
88402,4247,MJ-2250,0,0,0,0,0,0,0,0,0,7,4,32,0,0,0,0,0,0,0,69,3.2,5.2,7.2,3,4,2015,CIN,RWR,82,2
88403,4247,JT-3000,0,0,0,0,0,11,5,65,0,0,0,0,0,0,0,0,0,0,0,14,6.5,6.5,6.5,1,5,2015,PIT,RB,30,2
88404,4247,BT-0300,0,0,0,0,0,0,0,0,0,0,0,0,0,3,10,0,0,0,0,0,0,0,0,2,7,2015,CIN,LWR,19,2
88405,4247,MS-0150,0,0,0,0,0,0,0,0,0,5,3,17,0,0,0,0,0,0,0,60,1.7,3.2,4.7,3,4,2015,CIN,RWR,12,1
88406,4247,MW-1250,0,0,0,0,0,0,0,0,0,5,2,23,0,1,16,0,1,0,1,49,2.3,3.3,5.3,3,3,2015,PIT,RWR,11,1
88407,4247,GB-0350,0,0,0,0,0,6,1,28,0,4,2,2,0,0,0,0,1,0,0,31,1,2,4,3,3,2015,CIN,RB,25,2
88408,4247,TK-0850,0,0,0,0,0,0,0,0,0,1,0,0,0,0,0,0,0,0,0,10,0,0,0,2,1,2015,CIN,TE,81,2
88409,4247,LJ-1250,5,2,11,1,0,0,0,0,0,0,0,0,0,0,0,0,0,0,0,9,-1.56,-0.56,-1.56,1,3,2015,PIT,QB,3,2
88410,4247,RB-4670,0,0,0,0,0,1,1,4,0,1,1,5,0,0,0,0,0,0,0,6,0.9,1.4,1.9,3,3,2015,CIN,RB,33,4
88411,4248,CP-0750,0,0,0,0,0,0,0,0,0,0,0,0,0,3,65,0,0,0,0,0,0,0,0,3,3,2015,MIN,RWR,84,3
88412,4248,AP-0700,0,0,0,0,0,23,4,45,0,2,2,13,0,0,0,0,1,0,0,38,3.8,4.8,6.8,3,9,2015,MIN,RB,28,1
88413,4248,TB-2650,24,17,146,0,0,3,1,0,0,0,0,0,0,0,0,0,0,0,0,59,5.84,5.84,5.84,3,2,2015,MIN,QB,5,1
88414,4248,MW-0500,0,0,0,0,0,0,0,0,0,1,1,10,0,0,0,0,0,0,0,41,1,1.5,2,3,7,2015,MIN,RWR,11,1
88415,4248,SD-0537,0,0,0,0,0,1,1,6,0,6,4,26,0,0,0,0,0,0,0,57,3.2,5.2,7.2,3,1,2015,MIN,LWR,14,1
88416,4248,AT-0350,0,0,0,0,0,0,0,0,0,1,0,0,0,0,0,0,0,0,0,2,0,0,0,3,3,2015,MIN,LWR,19,3
88417,4248,JW-6560,0,0,0,0,0,0,0,0,0,3,1,9,0,0,0,0,0,0,0,34,0.9,1.4,1.9,3,4,2015,MIN,RWR,17,2
88418,4248,JM-3450,0,0,0,0,0,2,1,7,0,5,3,22,0,0,0,0,0,0,0,16,2.9,4.4,5.9,3,2,2015,MIN,RB,31,2
88419,4248,CM-2280,0,0,0,0,0,21,7,70,0,1,1,14,0,0,0,0,0,0,0,39,8.4,8.9,9.4,3,3,2015,SEA,RB,32,1
88420,4248,RW-3850,26,13,142,1,1,5,3,21,0,0,0,0,0,0,0,0,0,5,0,58,9.78,10.78,9.78,3,4,2015,SEA,QB,3,1
88421,4248,FJ-0100,0,0,0,0,0,1,0,2,0,5,2,19,0,0,0,0,0,0,0,17,2.1,3.1,4.1,3,10,2015,SEA,RB,22,3
88422,4248,JK-0250,0,0,0,0,0,0,0,0,0,4,3,18,0,0,0,0,0,0,0,45,1.8,3.3,4.8,3,4,2015,SEA,RWR,15,1
88423,4248,JR-3700,0,0,0,0,0,1,0,0,0,0,0,0,0,0,0,0,0,0,0,0,0,0,0,1,10,2015,SEA,P,9,1
88424,4248,TL-1025,0,0,0,0,0,0,0,0,0,5,1,35,0,5,22,0,0,0,0,38,3.5,4,4.5,3,1,2015,SEA,LWR,16,2
88425,4248,DB-0500,0,0,0,0,0,0,0,0,0,7,5,42,1,0,0,0,0,0,0,45,10.2,12.7,15.2,3,5,2015,SEA,LWR,89,1
88426,4248,MP-2350,0,0,0,0,0,0,0,0,0,2,2,22,0,0,0,0,0,0,0,37,2.2,3.2,4.2,2,1,2015,MIN,TE,83,2
88427,4248,ZL-0200,0,0,0,0,0,0,0,0,0,2,2,7,0,0,0,0,0,0,0,12,0.7,1.7,2.7,2,3,2015,MIN,FB,48,1
88428,4248,CC-3200,0,0,0,0,0,0,0,0,0,3,0,0,0,0,0,0,0,0,0,34,0,0,0,2,7,2015,SEA,TE,86,3
88429,4248,DC-2850,0,0,0,0,0,0,0,0,0,0,0,0,0,0,0,0,0,15,0,9,0,0,0,1,4,2015,SEA,FB,40,2
88430,4248,KS-1750,0,0,0,0,0,0,0,0,0,1,1,14,0,0,0,0,0,0,0,18,1.4,1.9,2.4,3,2,2015,SEA,RWR,17,2
88431,4248,MA-1150,0,0,0,0,0,0,0,0,0,1,1,13,0,0,0,0,0,0,0,5,1.3,1.8,2.3,2,5,2015,MIN,RB,44,3
88432,4248,KR-1200,0,0,0,0,0,0,0,0,0,1,1,24,0,0,0,0,0,0,0,48,2.4,2.9,3.4,3,5,2015,MIN,TE,82,1
88433,4249,AR-1300,36,21,210,0,2,1,0,-1,0,0,0,0,0,0,0,0,0,0,1,73,18.3,18.3,18.3,3,11,2015,GB,QB,12,1
88434,4249,JJ-4200,0,0,0,0,0,0,0,0,0,11,7,81,0,0,0,0,0,0,0,69,8.1,11.6,15.1,3,9,2015,GB,WR,89,1
88435,4249,EL-0010,0,0,0,0,0,12,5,63,1,0,0,0,0,0,0,0,1,0,0,27,10.3,10.3,11.3,3,3,2015,GB,RB,27,1
88436,4249,JA-0050,0,0,0,0,0,0,0,0,0,4,2,14,0,0,0,0,0,0,1,28,3.4,4.4,5.4,3,2,2015,GB,RWR,84,2
88437,4249,KC-2350,46,29,329,0,1,2,1,2,1,0,0,0,0,0,0,0,1,5,0,72,21.36,21.36,25.36,2,4,2015,WAS,QB,8,1
88438,4249,JR-1150,0,0,0,0,0,0,0,0,0,17,9,120,1,0,0,0,0,5,0,61,18,22.5,30,2,3,2015,WAS,TE,86,1
88439,4249,AM-2850,0,0,0,0,0,11,5,50,0,0,0,0,0,0,0,0,0,0,0,23,5,5,5,2,4,2015,WAS,RB,46,1
88440,4249,RR-1150,0,0,0,0,0,0,0,0,0,1,1,2,0,5,96,0,0,0,0,10,0.2,0.7,1.2,2,3,2015,WAS,LWR,19,2
88441,4249,AS-1700,0,0,0,0,0,0,0,0,0,1,1,16,0,0,0,0,0,0,0,12,1.6,2.1,2.6,2,11,2015,WAS,TE,83,2
88442,4249,DJ-0200,0,0,0,0,0,0,0,0,0,5,2,17,0,0,0,0,0,0,0,52,1.7,2.7,3.7,1,8,2015,WAS,RWR,11,1
88443,4249,PG-0100,0,0,0,0,0,0,0,0,0,8,5,70,0,0,0,0,0,0,0,54,7,9.5,12,2,8,2015,WAS,LWR,88,1
88444,4249,JJ-0775,0,0,0,0,0,0,0,0,0,0,0,0,0,1,22,0,0,0,0,4,0,0,0,3,2,2015,GB,LWR,83,3
88445,4249,RR-1050,0,0,0,0,0,0,0,0,0,4,2,11,0,0,0,0,0,0,0,66,1.1,2.1,3.1,3,2,2015,GB,TE,82,1
88446,4249,RC-1500,0,0,0,0,0,5,3,24,0,8,3,38,1,0,0,0,0,0,0,66,12.2,13.7,15.2,3,5,2015,GB,RWR,18,1
88447,4249,PT-0400,0,0,0,0,0,4,0,7,0,0,0,0,0,0,0,0,0,0,0,13,0.7,0.7,0.7,2,9,2015,WAS,RB,39,4
88448,4249,JC-5680,0,0,0,0,0,0,0,0,0,4,3,15,0,2,10,0,0,0,0,52,1.5,3,4.5,2,1,2015,WAS,WR,80,1
88449,4249,RG-1650,0,0,0,0,0,0,0,0,0,2,0,0,0,0,0,0,0,0,0,20,0,0,0,2,2,2015,WAS,RWR,14,2
88450,4249,CT-1220,0,0,0,0,0,1,1,25,0,8,8,89,0,0,0,0,0,0,0,35,11.4,15.4,19.4,2,3,2015,WAS,RB,25,3
88451,4249,JS-6200,0,0,0,0,0,12,7,53,1,2,2,12,0,0,0,0,0,0,0,33,12.5,13.5,14.5,3,6,2015,GB,RB,44,2
88452,4249,DA-0212,0,0,0,0,0,0,0,0,0,4,4,48,1,0,0,0,0,0,0,38,10.8,12.8,14.8,3,2,2015,GB,LWR,17,1
88453,4249,JK-2200,0,0,0,0,0,2,1,2,0,1,1,6,0,0,0,0,0,0,0,30,0.8,1.3,1.8,3,11,2015,GB,FB,30,1
88454,4250,TB-2300,42,28,302,0,2,6,2,6,1,0,0,0,0,0,0,0,0,0,0,58,26.68,26.68,29.68,2,16,2015,NE,QB,12,1
88455,4250,BL-0100,0,0,0,0,0,0,0,0,0,5,3,6,0,0,0,0,0,5,0,53,0.6,2.1,3.6,2,6,2015,NE,LWR,19,2
88456,4250,JE-0100,0,0,0,0,0,1,1,11,0,16,10,100,0,0,0,0,0,0,0,53,11.1,16.1,24.1,1,7,2015,NE,RWR,11,1
88457,4250,DA-0900,0,0,0,0,0,0,0,0,0,3,2,18,0,2,22,0,0,2,0,44,1.8,2.8,3.8,2,8,2015,NE,LWR,80,1
88458,4250,RG-2200,0,0,0,0,0,0,0,0,0,8,7,83,2,0,0,0,0,0,0,53,20.3,23.8,27.3,2,6,2015,NE,TE,87,1
88459,4250,KD-0450,0,0,0,0,0,6,3,30,0,3,2,13,0,3,90,0,1,0,0,27,2.3,3.3,5.3,2,3,2015,KC,RB,34,3
88460,4250,AS-1600,50,29,246,0,1,9,6,44,0,0,0,0,0,0,0,0,0,5,0,89,18.24,18.24,18.24,3,11,2015,KC,QB,11,1
88461,4250,DH-1450,0,0,0,0,0,0,0,0,0,1,1,10,0,0,0,0,0,0,0,24,1,1.5,2,2,3,2015,KC,TE,84,2
88462,4250,AS-0900,0,0,0,0,0,0,0,0,0,1,1,1,0,0,0,0,0,0,0,8,0.1,0.6,1.1,3,5,2015,KC,FB,42,1
88463,4250,FH-0100,0,0,0,0,0,0,0,0,0,1,1,2,0,2,27,0,0,0,0,11,0.2,0.7,1.2,3,3,2015,KC,LWR,85,2
88464,4250,JM-0200,0,0,0,0,0,0,0,0,0,3,2,23,0,0,0,0,0,0,0,34,2.3,3.3,4.3,3,7,2015,KC,RWR,19,1
88465,4250,CW-1450,0,0,0,0,0,17,7,61,1,4,2,15,0,0,0,0,0,0,0,63,13.6,14.6,15.6,3,2,2015,KC,RB,35,1
88466,4250,TK-0150,0,0,0,0,0,0,0,0,0,9,6,23,0,0,0,0,0,0,0,80,2.3,5.3,8.3,3,3,2015,KC,TE,87,1
88467,4250,JA-2900,0,0,0,0,0,0,0,0,0,5,4,69,0,0,0,0,0,0,0,59,6.9,8.9,10.9,2,10,2015,KC,RWR,81,2
88468,4250,SJ-0200,0,0,0,0,0,6,2,16,0,1,1,2,0,0,0,0,0,0,0,16,1.8,2.3,2.8,2,12,2015,NE,RB,39,2
88469,4250,CC-3950,0,0,0,0,0,0,0,0,0,9,5,33,0,0,0,0,0,0,0,53,3.3,5.8,8.3,3,1,2015,KC,RWR,17,3
88470,4250,JW-2550,0,0,0,0,0,1,1,5,0,3,2,39,0,0,0,0,0,0,0,42,4.4,5.4,6.4,2,2,2015,NE,RB,28,1
88471,4250,KM-0450,0,0,0,0,0,0,0,0,0,4,2,57,0,1,26,0,0,0,0,10,5.7,6.7,7.7,2,4,2015,NE,RWR,82,2
88472,4250,BB-2250,0,0,0,0,0,0,0,0,0,1,1,-3,0,0,0,0,0,0,0,4,-0.3,0.2,0.7,2,4,2015,NE,RB,38,1
88473,4250,AW-1650,0,0,0,0,0,0,0,0,0,11,5,57,1,0,0,0,0,0,0,86,11.7,14.2,16.7,3,2,2015,KC,LWR,12,1
88474,4251,BG-0750,0,0,0,0,0,0,0,0,0,0,0,0,0,1,26,0,0,0,0,0,0,0,0,2,4,2015,ARI,LWR,10,3
88475,4251,DJ-1325,0,0,0,0,0,15,3,35,0,9,6,43,0,0,0,0,0,0,0,58,7.8,10.8,13.8,3,1,2015,ARI,RB,31,1
88476,4251,CP-0500,41,25,349,2,3,0,0,0,0,0,0,0,0,0,0,0,0,5,0,66,21.96,23.96,24.96,3,13,2015,ARI,QB,3,1
88477,4251,LF-0200,0,0,0,0,0,0,0,0,0,12,8,176,1,0,0,0,0,15,0,64,23.6,27.6,34.6,3,12,2015,ARI,LWR,11,1
88478,4251,MF-0950,0,0,0,0,0,0,0,0,0,7,3,26,2,0,0,0,0,0,0,57,14.6,16.1,17.6,3,4,2015,ARI,RWR,15,1
88479,4251,EL-0010,0,0,0,0,0,12,3,89,0,2,2,2,0,0,0,0,0,0,0,34,9.1,10.1,11.1,4,3,2015,GB,RB,27,1
88480,4251,AR-1300,44,24,261,1,2,2,1,21,0,0,0,0,0,0,0,0,0,0,0,73,18.54,19.54,18.54,4,11,2015,GB,QB,12,1
88481,4251,JA-0050,0,0,0,0,0,0,0,0,0,12,4,55,0,1,0,0,0,0,0,72,5.5,7.5,9.5,4,2,2015,GB,RWR,84,2
88482,4251,JB-6950,0,0,0,0,0,1,0,2,0,9,5,82,0,0,0,0,0,0,0,60,8.4,10.9,13.4,3,2,2015,ARI,WR,12,1
88483,4251,JN-0625,0,0,0,0,0,0,0,0,0,1,1,8,0,1,11,0,0,0,0,6,0.8,1.3,1.8,3,1,2015,ARI,RWR,14,3
88484,4251,JJ-0775,0,0,0,0,0,0,0,0,0,11,7,145,2,3,77,0,0,0,0,40,26.5,30,36.5,4,2,2015,GB,LWR,83,3
88485,4251,RR-1050,0,0,0,0,0,0,0,0,0,8,5,45,0,0,0,0,0,5,0,58,4.5,7,9.5,4,2,2015,GB,TE,82,1
88486,4251,AE-0750,0,0,0,0,0,3,1,3,0,1,0,0,0,0,0,0,0,0,0,7,0.3,0.3,0.3,3,3,2015,ARI,RB,38,2
88487,4251,JS-6200,0,0,0,0,0,7,3,23,0,4,4,4,0,0,0,0,0,0,0,39,2.7,4.7,6.7,4,6,2015,GB,RB,44,2
88488,4251,RC-1500,0,0,0,0,0,0,0,0,0,1,0,0,0,0,0,0,0,0,0,14,0,0,0,4,5,2015,GB,RWR,18,1
88489,4251,JK-2200,0,0,0,0,0,1,1,2,0,2,2,10,0,0,0,0,0,5,0,28,1.2,2.2,3.2,4,11,2015,GB,FB,30,1
88490,4251,DF-0550,0,0,0,0,0,0,0,0,0,2,2,14,0,0,0,0,0,0,0,58,1.4,2.4,3.4,2,3,2015,ARI,TE,85,1
88491,4251,JJ-4200,0,0,0,0,0,0,0,0,0,2,0,0,0,0,0,0,0,0,0,73,0,0,0,4,9,2015,GB,WR,89,1
88492,4252,JS-6700,0,0,0,0,0,19,12,106,2,1,1,5,0,0,0,0,0,0,0,35,23.1,23.6,27.1,1,8,2015,CAR,RB,28,1
88493,4252,CA-1175,0,0,0,0,0,3,1,7,0,1,1,1,0,0,0,0,0,0,0,9,0.8,1.3,1.8,3,1,2015,CAR,RB,34,3
88494,4252,CN-0500,22,16,161,0,1,11,3,3,0,0,0,0,0,0,0,0,0,0,0,65,10.74,10.74,10.74,3,5,2015,CAR,QB,1,1
88495,4252,TL-1025,0,0,0,0,0,0,0,0,0,4,3,75,1,7,100,0,0,5,0,61,13.5,15,16.5,4,1,2015,SEA,LWR,16,2
88496,4252,ML-2500,0,0,0,0,0,6,3,20,0,3,2,15,0,0,0,0,0,0,0,47,3.5,4.5,5.5,1,9,2015,SEA,RB,24,4
88497,4252,RW-3850,48,31,366,2,3,3,2,32,0,0,0,0,0,0,0,0,0,5,0,65,25.84,27.84,28.84,4,4,2015,SEA,QB,3,1
88498,4252,LW-1450,0,0,0,0,0,0,0,0,0,7,4,54,0,0,0,0,0,0,0,57,5.4,7.4,9.4,2,3,2015,SEA,TE,82,1
88499,4252,FJ-0100,0,0,0,0,0,2,2,9,0,3,2,23,0,0,0,0,0,0,0,16,3.2,4.2,5.2,4,10,2015,SEA,RB,22,3
88500,4252,TG-0900,0,0,0,0,0,1,1,11,0,1,0,0,0,2,0,0,0,0,0,42,1.1,1.1,1.1,2,9,2015,CAR,RWR,19,1
88501,4252,GO-0100,0,0,0,0,0,0,0,0,0,6,6,77,1,0,0,0,0,0,0,60,13.7,16.7,19.7,3,9,2015,CAR,TE,88,1
88502,4252,MT-1300,0,0,0,0,0,7,1,17,0,1,0,0,0,0,0,0,0,0,0,37,1.7,1.7,1.7,3,8,2015,CAR,FB,35,1
88503,4252,JC-5400,0,0,0,0,0,0,0,0,0,4,3,22,0,0,0,0,0,0,0,35,2.2,3.7,5.2,3,12,2015,CAR,LWR,82,2
88504,4252,ED-0400,0,0,0,0,0,0,0,0,0,2,2,22,0,0,0,0,0,0,0,32,2.2,3.2,4.2,3,6,2015,CAR,TE,84,1
88505,4252,CB-3850,0,0,0,0,0,0,0,0,0,5,2,22,0,0,0,0,0,0,0,50,2.2,3.2,4.2,3,2,2015,CAR,LWR,16,1
88506,4252,JK-0250,0,0,0,0,0,0,0,0,0,15,11,110,2,0,0,0,0,0,0,60,23,28.5,37,4,4,2015,SEA,RWR,15,1
88507,4252,DB-0500,0,0,0,0,0,0,0,0,0,12,8,82,0,0,0,0,0,0,0,65,8.2,12.2,16.2,4,5,2015,SEA,LWR,89,1
88508,4252,KS-1750,0,0,0,0,0,0,0,0,0,1,1,7,0,0,0,0,0,0,0,5,0.7,1.2,1.7,4,2,2015,SEA,RWR,17,2
88509,4252,CM-2280,0,0,0,0,0,0,0,0,0,1,0,0,0,0,0,0,0,0,0,4,0,0,0,4,3,2015,SEA,RB,32,1
88510,4252,DF-2200,0,0,0,0,0,0,0,0,0,1,1,12,0,0,0,0,0,0,0,19,1.2,1.7,2.2,3,1,2015,CAR,RWR,17,2
88511,4252,DS-1730,0,0,0,0,0,1,1,17,0,0,0,0,0,0,0,0,0,0,0,0,1.7,1.7,1.7,1,4,2015,SEA,RCB,35,1
88512,4253,BR-1100,37,24,339,0,0,0,0,0,0,0,0,0,0,0,0,0,0,0,0,63,13.56,13.56,16.56,4,12,2015,PIT,QB,7,1
88513,4253,MW-1250,0,0,0,0,0,0,0,0,0,8,5,30,0,4,20,0,0,0,0,48,3,5.5,8,4,3,2015,PIT,RWR,11,1
88514,4253,JT-3000,0,0,0,0,0,5,0,6,0,0,0,0,0,0,0,0,0,0,0,7,0.6,0.6,0.6,2,5,2015,PIT,RB,30,2
88515,4253,PM-0200,37,21,222,0,0,2,0,-1,0,0,0,0,0,0,0,0,0,0,1,74,10.78,10.78,10.78,2,18,2015,DEN,QB,18,1
88516,4253,DT-0900,0,0,0,0,0,0,0,0,0,8,4,40,0,0,0,0,0,0,1,62,6,8,10,3,6,2015,DEN,LWR,88,1
88517,4253,RH-2350,0,0,0,0,0,16,6,38,0,1,0,0,0,0,0,0,0,0,0,32,3.8,3.8,3.8,3,4,2015,DEN,RB,23,1
88518,4253,CA-0750,0,0,0,0,0,15,6,72,1,3,2,11,0,0,0,0,0,0,0,37,14.3,15.3,16.3,3,3,2015,DEN,RB,22,2
88519,4253,FT-0300,0,0,0,0,0,12,6,39,1,3,3,2,0,0,0,0,1,0,0,54,8.1,9.6,12.1,4,2,2015,PIT,RB,33,3
88520,4253,SC-0775,0,0,0,0,0,0,0,0,0,3,2,61,0,0,0,0,0,0,0,25,6.1,7.1,8.1,1,1,2015,PIT,LWR,14,3
88521,4253,MB-4550,0,0,0,0,0,2,1,40,0,15,9,154,0,0,0,0,0,0,0,48,19.4,23.9,31.4,4,2,2015,PIT,LWR,10,2
88522,4253,OD-0100,0,0,0,0,0,0,0,0,0,3,2,10,0,0,0,0,0,0,0,52,1,2,3,3,10,2015,DEN,TE,81,1
88523,4253,JN-1900,0,0,0,0,0,0,0,0,0,4,1,10,0,1,0,0,0,0,0,30,1,1.5,2,3,7,2015,DEN,WR,11,1
88524,4253,AC-0100,0,0,0,0,0,0,0,0,0,2,1,-1,0,0,0,0,0,0,0,27,-0.1,0.4,0.9,2,8,2015,DEN,LWR,12,2
88525,4253,VG-0300,0,0,0,0,0,0,0,0,0,2,2,14,0,0,0,0,0,0,0,31,1.4,2.4,3.4,3,5,2015,DEN,FB,85,1
88526,4253,CL-0275,0,0,0,0,0,0,0,0,0,2,2,18,0,0,0,0,0,0,0,6,1.8,2.8,3.8,2,2,2015,DEN,RWR,14,2
88527,4253,ES-0200,0,0,0,0,0,0,0,0,0,8,5,85,0,0,0,0,0,0,0,66,8.5,11,13.5,3,6,2015,DEN,RWR,10,1
88528,4253,DH-2800,0,0,0,0,0,0,0,0,0,2,2,64,0,0,0,0,0,0,0,32,6.4,7.4,8.4,4,7,2015,PIT,RWR,88,2
88529,4253,HM-0200,0,0,0,0,0,0,0,0,0,3,1,5,0,0,0,0,0,0,0,63,0.5,1,1.5,4,11,2015,PIT,TE,83,1
88530,4253,MS-3400,0,0,0,0,0,0,0,0,0,1,1,1,0,0,0,0,0,0,0,22,0.1,0.6,1.1,2,9,2015,PIT,TE,89,1
88531,4253,BF-0950,0,0,0,0,0,0,0,0,0,4,2,35,0,0,0,0,0,0,0,21,3.5,4.5,5.5,3,2,2015,DEN,LWR,16,3
88532,4253,JJ-0725,0,0,0,0,0,0,0,0,0,1,1,22,0,0,0,0,0,0,0,12,2.2,2.7,3.2,2,1,2015,PIT,TE,81,2
88533,4254,TB-2300,56,27,310,2,1,3,2,13,0,0,0,0,0,0,0,0,0,0,1,83,15.7,17.7,18.7,1,16,2015,NE,QB,12,1
88534,4254,RG-2200,0,0,0,0,0,0,0,0,0,15,8,144,1,0,0,0,0,5,0,77,20.4,24.4,31.4,1,6,2015,NE,TE,87,1
88535,4254,JE-0100,0,0,0,0,0,0,0,0,0,13,7,53,0,1,16,0,0,0,1,80,7.3,10.8,14.3,1,7,2015,NE,RWR,11,1
88536,4254,JW-2550,0,0,0,0,0,5,0,11,0,16,5,45,0,0,0,0,0,0,0,57,5.6,8.1,10.6,1,2,2015,NE,RB,28,1
88537,4254,JN-1900,0,0,0,0,0,0,0,0,0,3,2,16,0,4,21,0,0,0,0,33,1.6,2.6,3.6,1,7,2015,DEN,RWR,11,3
88538,4254,PM-0200,32,17,176,0,2,3,1,11,0,0,0,0,0,0,0,0,1,0,0,68,14.14,14.14,15.14,1,18,2015,DEN,QB,18,1
88539,4254,RH-2350,0,0,0,0,0,11,1,16,0,2,1,7,0,0,0,0,0,0,0,28,2.3,2.8,3.3,1,4,2015,DEN,RB,23,1
88540,4254,VD-0100,0,0,0,0,0,0,0,0,0,1,0,0,0,0,0,0,0,0,0,10,0,0,0,1,10,2015,DEN,TE,85,2
88541,4254,ES-0200,0,0,0,0,0,0,0,0,0,8,5,62,0,0,0,0,0,0,0,56,6.2,8.7,11.2,1,6,2015,DEN,RWR,10,1
88542,4254,CA-0750,0,0,0,0,0,16,3,72,0,3,3,18,0,0,0,0,0,0,0,34,9,10.5,12,1,3,2015,DEN,RB,22,2
88543,4254,AC-0100,0,0,0,0,0,0,0,0,0,1,1,15,0,0,0,0,0,0,0,11,1.5,2,2.5,1,8,2015,DEN,LWR,12,2
88544,4254,OD-0100,0,0,0,0,0,0,0,0,0,3,2,33,2,0,0,0,0,0,0,51,15.3,16.3,17.3,1,10,2015,DEN,TE,81,1
88545,4254,DT-0900,0,0,0,0,0,0,0,0,0,7,2,12,0,0,0,0,0,5,0,56,1.2,2.2,3.2,1,6,2015,DEN,LWR,88,1
88546,4254,BF-0950,0,0,0,0,0,0,0,0,0,1,0,0,0,0,0,0,0,0,0,15,0,0,0,1,2,2015,DEN,LWR,16,3
88547,4254,DA-0900,0,0,0,0,0,0,0,0,0,8,5,39,0,6,32,0,0,0,0,57,3.9,6.4,8.9,1,8,2015,NE,LWR,80,1
88548,4254,SJ-0200,0,0,0,0,0,4,2,8,1,0,0,0,0,0,0,0,0,0,0,11,6.8,6.8,6.8,1,12,2015,NE,RB,39,2
88549,4254,SC-0400,0,0,0,0,0,0,0,0,0,0,0,0,0,0,0,0,0,5,0,9,0,0,0,1,9,2015,NE,TE,88,2
88550,4254,BB-2250,0,0,0,0,0,5,2,12,0,3,2,29,0,0,0,0,0,0,0,18,4.1,5.1,6.1,1,4,2015,NE,RB,38,1
88551,4254,VG-0300,0,0,0,0,0,0,0,0,0,1,0,0,0,0,0,0,0,0,0,32,0,0,0,1,5,2015,DEN,TE,85,3
88552,4254,KM-0450,0,0,0,0,0,0,0,0,0,1,0,0,0,1,19,0,0,0,0,59,0,0,0,1,4,2015,NE,RWR,82,2
88553,4254,CL-0275,0,0,0,0,0,0,0,0,0,1,1,13,0,0,0,0,0,0,0,6,1.3,1.8,2.3,1,2,2015,DEN,RWR,14,2
88554,4255,DJ-1325,0,0,0,0,0,15,7,60,1,9,9,68,0,0,0,0,0,0,0,62,18.8,23.3,27.8,1,1,2015,ARI,RB,31,1
88555,4255,CP-0500,40,23,235,4,1,0,0,0,0,0,0,0,0,0,0,0,2,0,0,64,1.4,5.4,3.4,1,13,2015,ARI,QB,3,1
88556,4255,MF-0950,0,0,0,0,0,0,0,0,0,8,3,37,0,0,0,0,0,0,0,55,3.7,5.2,6.7,1,4,2015,ARI,RWR,15,1
88557,4255,TG-0900,0,0,0,0,0,1,1,22,1,2,2,52,0,4,38,0,0,0,0,45,13.4,14.4,15.4,1,9,2015,CAR,RWR,19,1
88558,4255,JS-6700,0,0,0,0,0,19,8,83,0,2,2,5,0,0,0,0,0,0,0,47,8.8,9.8,10.8,1,8,2015,CAR,RB,28,1
88559,4255,CN-0500,28,19,335,1,2,10,6,47,2,0,0,0,0,0,0,0,0,0,1,66,38.1,39.1,41.1,1,5,2015,CAR,QB,1,1
88560,4255,CB-3850,0,0,0,0,0,0,0,0,0,7,4,113,1,0,0,0,0,0,0,45,17.3,19.3,24.3,1,2,2015,CAR,LWR,16,1
88561,4255,JC-5400,0,0,0,0,0,0,0,0,0,2,2,17,0,0,0,0,0,0,0,35,1.7,2.7,3.7,1,12,2015,CAR,LWR,82,2
88562,4255,GO-0100,0,0,0,0,0,0,0,0,0,8,6,113,0,0,0,0,0,0,0,70,11.3,14.3,20.3,1,9,2015,CAR,TE,88,1
88563,4255,JB-6750,0,0,0,0,0,0,0,0,0,9,3,39,0,0,0,0,0,15,0,58,3.9,5.4,6.9,1,3,2015,ARI,LWR,13,2
88564,4255,DF-0550,0,0,0,0,0,0,0,0,0,4,2,36,1,0,0,0,0,0,0,40,9.6,10.6,11.6,1,3,2015,ARI,TE,85,1
88565,4255,JN-0625,0,0,0,0,0,0,0,0,0,3,2,25,0,2,50,0,0,0,1,17,4.5,5.5,6.5,1,1,2015,ARI,RWR,14,3
88566,4255,LF-0200,1,0,0,0,0,0,0,0,0,7,4,30,0,0,0,0,0,0,0,64,3,5,7,1,12,2015,ARI,LWR,11,1
88567,4255,AE-0750,0,0,0,0,0,1,0,0,0,1,0,0,0,0,0,0,0,0,0,2,0,0,0,1,3,2015,ARI,RB,38,2
88568,4255,DF-2200,0,0,0,0,0,0,0,0,0,3,2,21,1,0,0,0,0,0,0,26,8.1,9.1,10.1,1,1,2015,CAR,RWR,17,2
88569,4255,FW-0750,0,0,0,0,0,2,0,-2,0,1,0,0,0,1,19,0,0,0,0,6,-0.2,-0.2,-0.2,1,4,2015,CAR,RB,43,2
88570,4255,MT-1300,0,0,0,0,0,3,0,4,0,1,1,14,0,0,0,0,0,0,1,27,3.8,4.3,4.8,1,8,2015,CAR,FB,35,1
88571,4255,ED-0400,0,0,0,0,0,0,0,0,0,2,0,0,0,0,0,0,0,0,0,37,0,0,0,1,6,2015,CAR,TE,84,1
88572,4255,DA-1300,0,0,0,0,0,2,0,-2,0,0,0,0,0,0,0,0,0,0,0,5,-0.2,-0.2,-0.2,1,11,2015,CAR,QB,3,2
88573,4256,AC-0100,0,0,0,0,0,0,0,0,0,1,1,22,0,2,42,0,0,0,0,8,2.2,2.7,3.2,1,8,2015,DEN,LWR,12,2
88574,4256,PM-0200,23,13,141,1,0,0,0,0,0,0,0,0,0,0,0,0,1,0,1,60,3.64,4.64,4.64,1,18,2015,DEN,QB,18,1
88575,4256,OD-0100,0,0,0,0,0,0,0,0,0,2,1,18,0,0,0,0,0,0,0,49,1.8,2.3,2.8,1,10,2015,DEN,TE,81,1
88576,4256,ES-0200,0,0,0,0,0,0,0,0,0,8,6,83,0,1,0,0,0,0,0,58,8.3,11.3,14.3,1,6,2015,DEN,RWR,10,1
88577,4256,CA-0750,0,0,0,0,0,23,7,90,1,4,4,10,0,0,0,0,0,0,0,50,16,18,20,1,3,2015,DEN,RB,22,2
88578,4256,RH-2350,0,0,0,0,0,5,0,0,0,1,0,0,0,0,0,0,0,0,0,8,0,0,0,1,4,2015,DEN,RB,23,1
88579,4256,FW-0750,0,0,0,0,0,4,2,26,0,1,1,6,0,1,18,0,0,0,0,20,3.2,3.7,4.2,1,4,2015,CAR,RB,43,2
88580,4256,JS-6700,0,0,0,0,0,12,4,29,1,2,1,-1,0,0,0,0,0,0,0,34,8.8,9.3,9.8,1,8,2015,CAR,RB,28,1
88581,4256,CN-0500,41,18,257,1,0,6,4,45,0,0,0,0,0,0,0,0,2,5,0,80,8.78,9.78,10.78,1,5,2015,CAR,QB,1,1
88582,4256,CB-3850,0,0,0,0,0,0,0,0,0,7,4,80,0,0,0,0,0,0,0,41,8,10,12,1,2,2015,CAR,LWR,16,1
88583,4256,GO-0100,0,0,0,0,0,0,0,0,0,9,4,41,0,0,0,0,0,0,0,80,4.1,6.1,8.1,1,9,2015,CAR,TE,88,1
88584,4256,TG-0900,0,0,0,0,0,0,0,0,0,10,4,74,0,5,0,0,0,0,0,59,7.4,9.4,11.4,1,9,2015,CAR,RWR,19,1
88585,4256,JC-5400,0,0,0,0,0,0,0,0,0,5,2,17,0,0,0,0,0,0,0,39,1.7,2.7,3.7,1,12,2015,CAR,LWR,82,2
88586,4256,MT-1300,0,0,0,0,0,5,0,18,0,1,0,0,0,0,0,0,1,0,0,35,-0.2,-0.2,0.8,1,8,2015,CAR,FB,35,1
88587,4256,JN-1900,0,0,0,0,0,0,0,0,0,1,0,0,0,4,61,0,0,0,0,23,0,0,0,1,7,2015,DEN,RWR,11,3
88588,4256,ED-0400,0,0,0,0,0,0,0,0,0,0,0,0,0,0,0,0,0,5,0,42,0,0,0,1,6,2015,CAR,TE,84,1
88589,4256,DT-0900,0,0,0,0,0,0,0,0,0,6,1,8,0,0,0,0,0,0,0,60,0.8,1.3,1.8,1,6,2015,DEN,LWR,88,1
88590,4256,DF-2200,0,0,0,0,0,0,0,0,0,5,2,40,0,0,0,0,0,0,0,47,4,5,6,1,1,2015,CAR,RWR,17,2
88591,4256,BF-0950,0,0,0,0,0,0,0,0,0,0,0,0,0,0,0,0,0,0,1,14,2,2,2,1,2,2015,DEN,LWR,16,3
88592,4256,JW-1500,0,0,0,0,0,0,0,0,0,0,0,0,0,0,0,0,0,15,0,1,0,0,0,1,6,2015,CAR,QB,14,3
