pid,psr,trg,loc,yds,comp,succ,spk,dfb
692686,RF-0500,ED-0200,SR,0,0,0,0,JH-5900
692688,RF-0500,BM-0300,SL,6,1,0,0,
692690,TT-0500,SW-0450,SR,0,0,0,0,
692692,TT-0500,CH-3350,DR,0,0,0,0,
692698,RF-0500,KT-0450,DL,0,0,0,0,
692700,TT-0500,NO-0150,SR,0,0,0,0,DH-1400
692701,TT-0500,KW-1150,SL,0,1,0,0,
692702,TT-0500,KW-1150,SM,0,1,0,0,
692704,RF-0500,QE-0100,SL,0,0,0,0,CG-1700
692705,RF-0500,KD-0400,SM,0,0,0,0,
692715,RF-0500,BM-0300,SL,0,0,0,0,
692716,RF-0500,ED-0200,SL,-1,1,0,0,
692718,TT-0500,SW-0450,SR,6,1,1,0,
692721,TT-0500,SW-0450,SL,7,1,1,0,
692724,TT-0500,SW-0450,SR,13,1,1,0,
692728,TT-0500,SW-0450,SR,0,0,0,0,MW-1800
692729,TT-0500,KW-1150,SL,3,1,0,0,
692734,RF-0500,BM-0300,SR,0,0,0,0,ML-0500
692735,RF-0500,BM-0300,DM,0,0,0,0,
692736,RF-0500,ED-0200,DM,0,0,0,0,
692738,TT-0500,CH-3350,SR,0,0,0,0,
692740,TT-0500,SW-0450,DL,0,0,0,0,DR-1100
692742,RF-0500,BM-0300,DL,41,1,1,0,
692743,RF-0500,SR-0700,SM,2,1,0,0,
692744,RF-0500,BM-0300,DM,17,1,1,0,
692749,TT-0500,SW-0450,SL,15,1,1,0,
692751,TT-0500,SW-0450,SL,16,1,1,0,
692753,TT-0500,GS-0100,DL,0,0,0,0,
692754,TT-0500,GS-0100,SL,12,1,1,0,
692761,TT-0500,SW-0450,SM,4,1,0,0,
692771,RF-0500,QE-0100,SM,0,0,0,0,DW-3950
692772,RF-0500,QE-0100,SM,0,0,0,0,
692776,TT-0500,SW-0450,SL,9,1,1,0,
692779,TT-0500,GS-0100,SL,9,1,1,0,
692781,TT-0500,SW-0450,SR,38,1,1,0,
692784,TT-0500,GS-0100,SL,0,0,0,0,BS-2300
692785,TT-0500,SW-0450,SL,8,1,1,0,
692791,RF-0500,BM-0300,SL,10,1,1,0,
692793,RF-0500,BM-0300,SL,16,1,1,0,
692794,RF-0500,QE-0100,SM,5,1,1,0,
692795,RF-0500,BM-0300,SL,0,0,0,0,
692796,RF-0500,ED-0200,SR,5,1,1,0,
692797,RF-0500,KT-0450,DR,0,0,0,0,
692798,RF-0500,ED-0200,SL,15,1,1,0,
692799,RF-0500,,NL,0,0,0,0,
692800,RF-0500,BM-0300,SL,0,0,0,0,LM-1100
692801,RF-0500,ED-0200,DM,21,1,1,0,
692805,TT-0500,SW-0450,SR,6,1,1,0,
692809,RF-0500,BM-0300,SR,15,1,1,0,
692810,RF-0500,KT-0450,DL,0,0,0,0,
692815,RF-0500,ED-0200,SR,10,1,1,0,
692816,RF-0500,BM-0300,SR,0,0,0,0,
692817,RF-0500,ED-0200,DL,0,0,0,0,
692819,TT-0500,SW-0450,SL,0,0,0,0,DR-1100
692820,TT-0500,GS-0100,SL,20,1,1,0,
692822,TT-0500,CH-3350,SL,2,1,0,0,
692823,TT-0500,SW-0450,SL,14,1,1,0,
692829,TT-0500,MG-0650,DL,0,0,0,0,
692832,RF-0500,BM-0300,SL,9,1,1,0,
692834,RF-0500,BM-0300,SR,0,0,0,0,MB-5300
692835,RF-0500,BM-0300,SR,12,1,1,0,
692836,RF-0500,SR-0700,SR,-2,1,0,0,
692838,RF-0500,BM-0300,DM,0,0,0,0,
692844,RF-0500,KT-0450,DR,0,0,0,0,MB-5300
692845,RF-0500,ED-0200,DM,0,0,0,0,
692848,RT-0150,JL-0215,SL,11,1,1,0,
692850,RT-0150,JL-0215,SL,0,0,0,0,JC-3550
692851,RT-0150,KS-2350,DL,0,0,0,0,
692855,TB-2300,BB-2250,SM,6,1,0,0,
692859,RT-0150,JL-0215,DL,0,0,0,0,
692860,RT-0150,DW-3125,SL,9,1,1,0,
692865,RT-0150,LM-1150,SR,3,1,0,0,
692866,RT-0150,KS-2350,SR,0,0,0,0,
692878,RT-0150,GJ-0400,SR,23,1,1,0,
692881,RT-0150,DP-0350,SR,14,1,1,0,
692884,RT-0150,KS-2350,SM,11,1,1,0,
692887,RT-0150,KS-2350,DR,0,0,0,0,LJ-1150
692891,TB-2300,SJ-0200,SL,20,1,1,0,
692900,TB-2300,DA-0900,SL,0,0,0,0,
692903,RT-0150,JC-0400,SM,4,1,1,0,
692905,RT-0150,JL-0215,SL,3,1,0,0,
692907,TB-2300,BL-0100,SL,-1,1,0,0,
692914,TB-2300,JW-2550,SR,-5,1,0,0,
692917,RT-0150,DW-3125,SM,7,1,1,0,
692918,RT-0150,GJ-0400,DR,0,0,0,0,
692919,RT-0150,JL-0215,SM,9,1,1,0,
692920,RT-0150,DP-0350,DR,0,0,0,0,
692921,RT-0150,DP-0350,SL,2,1,0,0,
692922,RT-0150,GJ-0400,DL,31,1,1,0,
692923,RT-0150,JL-0215,SR,0,0,0,0,
692924,RT-0150,DP-0350,SL,15,1,1,0,
692929,TB-2300,KM-0450,SR,4,1,1,0,
692931,TB-2300,JW-2550,SM,68,1,1,0,
692938,RT-0150,JL-0215,SM,0,0,0,0,JC-3550
692940,TB-2300,DA-0900,DR,0,0,0,0,
692941,TB-2300,KM-0450,SL,0,0,0,0,
692942,TB-2300,RG-2200,SR,0,0,0,0,DM-2950
692944,RT-0150,JC-0400,DR,0,0,0,0,
692946,RT-0150,DP-0350,DL,29,1,1,0,
692949,RT-0150,JC-0400,DR,0,0,0,0,
692952,TB-2300,RG-2200,DR,0,0,0,0,NH-1225
692953,TB-2300,BB-2250,SM,-1,1,0,0,
692955,TB-2300,RG-2200,SL,0,0,0,0,
692956,TB-2300,DA-0900,SL,9,1,1,0,
692958,TB-2300,BL-0100,DM,0,0,0,0,TL-1012
692961,RT-0150,DS-2170,SM,7,1,1,0,
692962,RT-0150,DW-3125,DL,22,1,1,0,
692965,RT-0150,JL-0215,SM,12,1,0,0,
692966,RT-0150,GJ-0400,SR,12,1,0,0,
692969,TB-2300,RG-2200,SR,0,0,0,0,
692971,TB-2300,DA-0900,SM,8,1,0,0,
692973,RT-0150,JL-0215,SM,19,1,1,0,
692974,RT-0150,GJ-0400,SL,8,1,1,0,
692976,RT-0150,JL-0215,DL,0,0,0,0,
692978,RT-0150,LM-1150,SR,0,0,0,0,
692981,TB-2300,BL-0100,SL,8,1,1,0,
692983,TB-2300,RG-2200,SL,12,1,1,0,
692984,TB-2300,RG-2200,DL,0,0,0,0,BM-0800
692986,TB-2300,RG-2200,SR,6,1,0,0,
692988,RT-0150,DS-2170,SR,11,1,1,0,
692990,RT-0150,JL-0215,SM,18,1,1,0,
692991,RT-0150,DP-0350,DR,46,1,1,0,
692993,RT-0150,JC-0400,SL,2,1,1,0,
693006,RT-0150,DS-2170,DL,22,1,1,0,
693012,JG-0650,JW-2550,SL,0,0,0,0,
693013,JG-0650,CH-1290,SL,6,1,1,0,
693014,JG-0650,SC-0400,SL,0,0,0,0,MT-0850
693015,JG-0650,BL-0100,SM,0,0,0,0,
693020,DB-3800,TC-0050,SM,9,1,1,0,
693021,DB-3800,BC-1850,DL,0,0,0,0,
693023,DB-3800,BC-2325,SM,5,1,0,0,
693025,MR-2500,LT-0550,SM,8,1,1,0,
693030,MR-2500,JJ-4700,DL,0,0,0,0,
693032,MR-2500,JT-0300,SM,12,1,1,0,
693035,MR-2500,JT-0300,SL,0,0,0,0,
693039,DB-3800,TC-0050,SR,36,1,1,0,
693041,DB-3800,BW-0700,DL,22,1,1,0,
693043,DB-3800,JH-4070,SL,0,0,0,0,
693050,MR-2500,JJ-4700,SM,10,1,1,0,
693052,MR-2500,DF-1875,SL,14,1,1,0,
693054,MR-2500,TM-3000,SR,0,0,0,0,
693056,MR-2500,TM-3000,SR,5,1,1,0,
693057,MR-2500,TM-3000,SR,42,1,1,0,
693060,DB-3800,TH-1600,SM,12,1,1,0,
693061,DB-3800,BC-1850,DL,22,1,1,0,
693062,DB-3800,TH-1600,SL,3,1,0,0,
693063,DB-3800,JH-4070,SM,0,0,0,0,PW-1400
693064,DB-3800,TC-0050,SL,8,1,1,0,
693065,DB-3800,BW-0700,DL,0,0,0,0,
693066,DB-3800,TC-0050,SL,6,1,1,0,
693067,DB-3800,BC-2325,SL,4,1,1,0,
693068,DB-3800,BW-0700,SL,13,1,1,0,
693072,MR-2500,JJ-4700,DL,0,0,0,0,
693073,MR-2500,JT-0300,DL,32,1,1,0,
693074,MR-2500,JJ-4700,SR,15,1,1,0,
693076,MR-2500,JT-0300,SL,5,1,0,0,
693077,MR-2500,JH-1350,DR,0,0,0,0,
693079,DB-3800,TH-1600,SR,21,1,1,0,
693081,DB-3800,BC-1850,SL,13,1,1,0,
693082,DB-3800,TH-1600,SL,2,1,0,0,
693083,DB-3800,TH-1600,SL,3,1,0,0,
693084,DB-3800,JH-4070,SR,4,1,0,0,
693085,DB-3800,WS-0925,SL,0,1,0,0,
693087,MR-2500,JJ-4700,SR,27,1,1,0,
693088,MR-2500,RW-2200,DR,0,0,0,0,
693089,MR-2500,JH-1350,SM,6,1,1,0,
693091,MR-2500,RW-2200,SR,10,1,1,0,
693093,MR-2500,JJ-4700,SL,14,1,1,0,
693095,MR-2500,DF-1875,SR,4,1,1,0,
693100,MR-2500,JT-0300,SL,12,1,1,0,
693103,MR-2500,JJ-4700,SL,7,1,1,0,
693105,MR-2500,RW-2200,SM,0,0,0,0,
693108,MR-2500,RW-2200,DL,0,0,0,0,
693112,DB-3800,WS-0925,DM,22,1,1,0,
693113,DB-3800,TC-0050,SL,9,1,1,0,
693115,DB-3800,BC-2325,SL,-3,1,0,0,
693116,DB-3800,BW-0700,SR,5,1,0,0,
693119,DB-3800,BC-2325,SR,12,1,1,0,
693120,TC-0050,BW-0700,SL,0,0,0,0,CG-1400
693121,DB-3800,BW-0700,DM,0,0,0,0,KI-0150
693122,DB-3800,BC-2325,DM,0,0,0,0,
693125,MR-2500,JJ-4700,SM,13,1,1,0,
693128,MR-2500,JJ-4700,SM,7,1,1,0,
693131,MR-2500,LT-0550,SM,0,0,0,0,
693132,MR-2500,JH-1350,SM,0,0,0,0,
693133,MR-2500,JH-1350,SR,16,1,1,0,
693136,MR-2500,JH-1350,SR,6,1,1,0,
693138,DB-3800,BC-1850,DL,0,0,0,0,
693139,DB-3800,BC-1850,SL,13,1,1,0,
693140,DB-3800,BW-0700,SM,7,1,1,0,
693142,DB-3800,MH-3300,SL,4,1,1,0,
693143,DB-3800,WS-0925,DL,0,0,0,0,RA-0650
693144,DB-3800,WS-0925,SL,13,1,1,0,
693146,DB-3800,BC-2325,SM,4,1,0,0,
693147,DB-3800,BC-1850,DL,21,1,1,0,
693148,DB-3800,BC-1850,SR,12,1,1,0,
693150,DB-3800,BW-0700,SR,5,1,1,0,
693152,DB-3800,TC-0050,SL,9,1,1,0,
693154,MR-2500,PD-0700,SR,7,1,1,0,
693155,MR-2500,JJ-4700,DL,29,1,1,0,
693157,MR-2500,JJ-4700,DM,27,1,1,0,
693159,MR-2500,DF-1875,SL,0,0,0,0,KW-1400
693160,MR-2500,JH-1350,SM,6,1,0,0,
693162,DB-3800,BC-1850,DR,0,0,0,0,
693163,DB-3800,BW-0700,SL,7,1,1,0,
693164,DB-3800,BW-0700,DL,0,0,0,0,AK-0350
693166,MR-2500,DF-1875,SM,0,0,0,0,
693175,AM-1150,TE-0300,SR,11,1,1,0,
693178,AM-1150,JH-4025,SM,0,0,0,0,
693179,AM-1150,AG-1500,SM,0,0,0,0,LW-0700
693183,RM-0300,MW-2450,SM,15,1,1,0,
693185,RM-0300,JA-1025,SR,-1,1,0,0,
693190,AM-1150,TE-0300,SM,7,1,1,0,
693191,AM-1150,JH-4025,SR,6,1,1,0,
693193,AM-1150,MS-0150,SR,0,0,0,0,
693197,RM-0300,KA-0400,DL,0,0,0,0,
693199,RM-0300,JB-8550,SM,12,1,1,0,
693200,RM-0300,CG-1060,DL,0,0,0,0,
693202,RM-0300,KA-0400,SR,18,1,1,0,
693203,RM-0300,KA-0400,DR,0,0,0,0,
693205,RM-0300,MW-2450,SR,0,0,0,0,
693206,RM-0300,JA-1025,SL,0,0,0,0,
693210,AM-1150,RB-4670,DL,0,0,0,0,CM-3250
693213,RM-0300,KA-0400,DM,20,1,1,0,
693217,RM-0300,JA-1025,SR,0,0,0,0,DK-0750
693220,AM-1150,,NL,0,0,0,0,
693221,AM-1150,AG-1500,SL,10,1,1,0,
693222,AM-1150,TE-0300,SR,11,1,1,0,
693224,AM-1150,RB-4670,SR,0,0,0,0,
693226,AM-1150,MJ-2250,DR,23,1,1,0,
693230,RM-0300,KA-0400,SR,0,0,0,0,
693232,RM-0300,MW-2450,SL,12,1,1,0,
693234,RM-0300,MW-2450,SL,4,1,0,0,
693235,RM-0300,MW-2450,SL,11,1,1,0,
693237,RM-0300,JB-8550,SL,0,0,0,0,
693238,RM-0300,CG-1060,SL,0,0,0,0,AJ-1200
693242,AM-1150,MS-0150,SL,6,1,1,0,
693245,AM-1150,JH-4025,SM,13,1,1,0,
693246,AM-1150,MJ-2250,SR,6,1,1,0,
693248,AM-1150,GB-0350,SL,0,0,0,0,
693249,AM-1150,TE-0300,DL,22,1,1,0,
693253,RM-0300,KA-0400,SM,17,1,1,0,
693254,RM-0300,JB-8550,SR,-1,1,0,0,
693255,RM-0300,MW-2450,SR,10,1,1,0,
693256,RM-0300,JB-8550,DM,16,1,1,0,
693257,RM-0300,,NL,0,0,0,1,
693258,RM-0300,CM-0850,SM,2,1,0,0,
693259,RM-0300,JA-1025,SM,10,1,1,0,
693260,RM-0300,,NL,0,0,0,1,
693263,RM-0300,JB-8550,SR,11,1,1,0,
693265,RM-0300,JA-1025,SR,0,0,0,0,
693267,AM-1150,MJ-2250,SR,9,1,1,0,
693269,AM-1150,AG-1500,SR,12,1,1,0,
693270,AM-1150,AG-1500,SR,5,1,1,0,
693274,RM-0300,KA-0400,SL,0,0,0,0,AJ-1200
693275,RM-0300,JB-8550,SL,17,1,1,0,
693276,RM-0300,MW-2450,DR,0,0,0,0,
693277,RM-0300,JA-1025,SL,3,1,0,0,
693278,RM-0300,CM-0850,SL,0,0,0,0,
693280,RM-0300,MW-2450,SR,0,0,0,0,
693281,AM-1150,GB-0350,SR,0,0,0,0,
693284,AM-1150,GB-0350,SM,12,1,1,0,
693285,AM-1150,,NL,0,0,0,0,
693289,RM-0300,MW-2450,SM,1,1,0,0,
693290,RM-0300,KA-0400,SR,8,1,1,0,
693292,RM-0300,TW-1350,SM,0,0,0,0,
693293,RM-0300,KA-0400,DL,0,0,0,0,
693294,RM-0300,CM-0850,SM,13,1,1,0,
693296,RM-0300,JA-1025,SM,0,0,0,0,
693297,RM-0300,MW-2450,SL,0,0,0,0,VB-0350
693301,AM-1150,MJ-2250,SR,1,1,0,0,
693302,AM-1150,MJ-2250,SR,-1,1,0,0,
693307,RM-0300,KJ-1400,SM,16,1,1,0,
693309,RM-0300,TW-1350,SM,5,1,0,0,
693310,RM-0300,CG-1060,SL,0,0,0,0,
693311,RM-0300,KA-0400,DR,0,0,0,0,
693318,RM-0300,CG-1060,DR,0,0,0,0,RN-0300
693319,RM-0300,KA-0400,DR,0,0,0,0,
693322,AM-1150,AG-1500,SR,7,1,1,0,
693328,AM-1150,,NL,0,0,0,0,
693331,RM-0300,KA-0400,SR,13,1,1,0,
693332,RM-0300,JA-1025,SR,-2,1,0,0,
693333,RM-0300,JA-1025,SR,9,1,1,0,
693334,RM-0300,CM-0850,SM,15,1,1,0,
693335,RM-0300,CM-0850,SR,21,1,1,0,
693336,RM-0300,JB-8550,SL,2,1,0,0,
693337,RM-0300,JA-1025,SL,13,1,1,0,
693339,RM-0300,KJ-1400,SR,2,1,1,0,
693347,RM-0300,KA-0400,SM,0,0,0,0,
693348,RM-0300,JB-8550,DR,0,0,0,0,
693351,BR-1100,DH-2800,SL,8,1,1,0,
693352,BR-1100,AB-3500,SR,0,0,0,0,
693353,BR-1100,AB-3500,SR,3,1,1,0,
693355,BR-1100,AB-3500,SR,13,1,0,0,
693356,AD-0680,TB-1060,SR,5,1,1,0,
693358,AD-0680,GB-0200,SM,0,0,0,0,MM-3800
693359,AD-0680,GB-0200,SL,4,1,0,0,
693362,BR-1100,AB-3500,SL,27,1,1,0,
693363,BR-1100,DW-3600,SM,7,1,1,0,
693364,BR-1100,AB-3500,SL,6,1,1,0,
693365,BR-1100,MB-4550,SL,0,1,0,0,
693366,BR-1100,AB-3500,DL,26,1,1,0,
693367,BR-1100,DW-3600,SM,6,1,1,0,
693368,BR-1100,HM-0200,SM,2,1,1,0,
693371,AD-0680,GB-0200,SL,6,1,1,0,
693372,AD-0680,TB-1060,SL,6,1,1,0,
693378,BR-1100,MB-4550,SL,0,0,0,0,
693379,AD-0680,DJ-0850,SL,0,1,0,0,
693382,AD-0680,TB-1060,SL,0,0,0,0,AB-1950
693383,AD-0680,GB-0200,SR,0,0,0,0,
693387,BR-1100,MW-1250,SL,9,1,1,0,
693390,BR-1100,AB-3500,DL,20,1,1,0,
693391,BR-1100,AB-3500,DR,19,1,1,0,
693392,BR-1100,MB-4550,SR,0,0,0,0,
693394,BR-1100,AB-3500,SR,1,1,0,0,
693398,AD-0680,GB-0200,SR,5,1,1,0,
693401,AD-0680,DJ-1850,SR,1,1,0,0,
693402,AD-0680,DJ-0850,SL,0,0,0,0,WA-0100
693406,BR-1100,MW-1250,SR,0,0,0,0,JP-4150
693408,AD-0680,GB-0200,SM,8,1,1,0,
693411,AD-0680,DJ-0850,SL,14,1,1,0,
693415,AD-0680,DJ-0850,SL,9,1,1,0,
693416,AD-0680,TB-1060,SM,0,0,0,0,JH-2100
693417,AD-0680,DJ-1850,SL,0,0,0,0,
693421,BR-1100,HM-0200,SL,0,0,0,0,
693422,BR-1100,MW-1250,DM,40,1,1,0,
693423,BR-1100,HM-0200,SR,5,1,1,0,
693424,BR-1100,AB-3500,DR,18,1,1,0,
693425,BR-1100,MW-1250,DR,0,0,0,0,
693426,BR-1100,AB-3500,DM,17,1,1,0,
693429,AD-0680,TB-1060,SM,12,1,1,0,
693430,AD-0680,DJ-1850,SM,20,1,1,0,
693431,AD-0680,GB-0200,SL,0,0,0,0,
693433,AD-0680,TP-2400,DL,42,1,1,0,
693434,AD-0680,TP-2400,SL,0,0,0,0,AB-1950
693435,AD-0680,TB-1060,SR,0,0,0,0,
693436,AD-0680,DJ-0850,SM,0,0,0,0,
693439,AD-0680,TB-1060,SL,0,0,0,0,
693441,AD-0680,DJ-0850,SM,0,0,0,0,
693444,BR-1100,AB-3500,SM,0,0,0,0,
693446,AD-0680,GB-0200,SR,0,0,0,0,
693447,AD-0680,GB-0200,SL,0,0,0,0,
693449,BR-1100,DH-2800,DL,0,0,0,0,
693451,BR-1100,DH-2800,DM,66,1,1,0,
693453,BR-1100,AB-3500,SR,0,0,0,0,
693454,BR-1100,DH-2800,DL,0,0,0,0,
693459,AD-0680,DJ-1850,SR,11,1,1,0,
693464,AD-0680,DJ-1850,SL,2,1,0,0,
693466,AD-0680,TP-2400,DL,0,0,0,0,
693468,AD-0680,GB-0200,SR,6,1,1,0,
693469,AD-0680,DJ-0850,SL,8,1,1,0,
693473,AD-0680,TP-2400,SL,0,0,0,0,
693476,BR-1100,HM-0200,SM,11,1,1,0,
693477,BR-1100,AB-3500,DM,16,1,1,0,
693480,BR-1100,DH-2800,DL,0,0,0,0,JB-0450
693484,AD-0680,GB-0200,SM,20,1,1,0,
693485,AD-0680,TP-2400,SL,0,0,0,0,RC-1550
693487,BR-1100,MW-1250,SL,8,1,1,0,
693491,BR-1100,AB-3500,SL,17,1,1,0,
693493,BR-1100,AB-3500,SM,4,1,0,0,
693494,BR-1100,AB-3500,SM,0,0,0,0,
693498,AD-0680,DJ-0850,SL,11,1,1,0,
693499,AD-0680,DJ-1850,SM,0,0,0,0,
693500,AD-0680,TB-1060,SL,15,1,1,0,
693502,AD-0680,TB-1060,DL,0,0,0,0,
693503,AD-0680,GB-0200,SM,9,1,1,0,
693506,AD-0680,TB-1060,SL,0,0,0,0,
693512,AD-0680,DJ-0850,SM,0,0,0,0,
693513,AD-0680,TB-1060,SR,15,1,1,0,
693516,AD-0680,GB-0200,SR,8,1,1,0,
693517,AD-0680,TP-2400,SR,0,0,0,0,
693518,AD-0680,DJ-0850,SM,3,1,0,0,
693523,BB-2425,JT-2000,SR,0,0,0,0,BC-3100
693526,BH-1900,AH-3875,SL,0,0,0,0,
693534,BB-2425,RG-1812,SL,5,1,0,0,
693535,BB-2425,DR-2250,SR,0,0,0,0,JW-1100
693536,BB-2425,AR-1250,SR,11,1,0,0,
693537,BB-2425,JT-2000,SM,0,0,0,0,JC-5630
693539,BH-1900,DH-3950,SL,12,1,1,0,
693541,BH-1900,JS-7075,SL,20,1,1,0,
693542,BH-1900,JS-7075,SR,2,1,0,0,
693544,BH-1900,DH-3950,SR,0,0,0,0,
693545,BH-1900,NW-0100,SL,0,0,0,0,
693549,BB-2425,AH-3900,DL,0,0,0,0,JJ-5000
693552,BH-1900,DH-3950,SR,9,1,1,0,
693554,BH-1900,DH-3950,SR,20,1,1,0,
693557,BH-1900,NW-0100,SR,0,0,0,0,
693558,BH-1900,NW-0100,SL,6,1,1,0,
693559,BH-1900,DH-3950,SM,14,1,1,0,
693560,BH-1900,DH-3950,SR,0,0,0,0,
693562,BH-1900,JG-3850,SL,12,1,1,0,
693568,BB-2425,AR-1250,SL,36,1,1,0,
693570,BB-2425,AH-3900,SM,6,1,1,0,
693571,BB-2425,JT-2000,SR,0,0,0,0,AH-0250
693574,BH-1900,JS-7075,SL,5,1,1,0,
693576,BH-1900,AH-3875,SL,0,0,0,0,
693581,BH-1900,CF-0375,SR,9,1,1,0,
693584,JG-3850,CF-0375,SR,0,0,0,0,AC-2250
693588,BB-2425,ML-0650,SR,0,0,0,0,JW-1100
693589,BB-2425,AR-1250,DR,22,1,1,0,
693590,BB-2425,AR-1250,SR,0,0,0,0,JJ-5000
693595,BH-1900,DH-3950,SL,0,0,0,0,
693600,BB-2425,ML-0650,SM,0,0,0,0,
693601,BB-2425,AR-1250,DL,0,0,0,0,QD-0100
693602,BB-2425,AR-1250,DR,0,0,0,0,
693603,BH-1900,JS-7075,SM,11,1,1,0,
693604,BH-1900,JG-3850,SL,11,1,1,0,
693605,BH-1900,JG-3850,SL,0,0,0,0,
693606,BH-1900,RG-1870,SM,12,1,1,0,
693608,BH-1900,KM-3250,DM,0,0,0,0,
693609,BH-1900,JS-7075,DR,0,0,0,0,
693610,BH-1900,DH-3950,SR,13,1,0,0,
693618,BH-1900,AB-1975,SL,2,1,0,0,
693619,BH-1900,JG-3850,SM,4,1,0,0,
693621,BB-2425,AR-1250,SM,16,1,1,0,
693623,BB-2425,AH-3900,SL,5,1,0,0,
693629,BH-1900,JS-7075,SL,9,1,1,0,
693631,BH-1900,KM-3250,SL,0,0,0,0,
693632,BH-1900,CF-0375,SM,5,1,1,0,
693635,BH-1900,RG-1870,SL,8,1,0,0,
693636,BH-1900,CP-1950,SR,0,0,0,0,DH-4000
693637,BB-2425,JT-2000,SR,0,0,0,0,JJ-5000
693639,BB-2425,AH-3900,SR,0,0,0,0,JJ-5000
693641,BH-1900,DH-3950,SR,0,0,0,0,
693642,BB-2425,AH-3900,SR,6,1,1,0,
693649,BH-1900,DH-3950,SL,13,1,1,0,
693650,BH-1900,RG-1870,SR,7,1,1,0,
693652,BH-1900,AH-3875,SL,27,1,1,0,
693655,BH-1900,DH-3950,DR,0,0,0,0,
693656,BH-1900,KM-3250,SR,0,0,0,0,
693659,BB-2425,ML-1500,SL,45,1,1,0,
693660,BB-2425,ML-0650,SR,11,1,1,0,
693665,BH-1900,JS-7075,SL,9,1,1,0,
693667,BH-1900,DH-3950,SL,8,1,1,0,
693672,BH-1900,JG-3850,SL,1,1,0,0,
693675,BB-2425,AR-1250,SL,0,0,0,0,
693678,BB-2425,JT-2000,SR,6,1,1,0,
693679,BB-2425,JT-2000,SM,6,1,1,0,
693680,BB-2425,AR-1250,DL,23,1,1,0,
693681,BB-2425,CH-1200,SM,18,1,1,0,
693682,BB-2425,JG-3050,SM,4,1,1,0,
693685,BB-2425,ML-0650,DR,0,0,0,0,
693686,BB-2425,ML-0650,SM,14,1,1,0,
693687,BB-2425,ML-0650,SR,5,1,1,0,
693688,BB-2425,RG-1812,SR,0,0,0,0,AB-2250
693691,JF-3100,TH-1850,DL,0,0,0,0,
693692,JF-3100,PD-0800,SR,6,1,1,0,
693693,JF-3100,CF-0650,SL,4,1,1,0,
693696,JF-3100,,NL,0,0,0,0,
693698,JF-3100,PD-0800,SM,9,1,1,0,
693701,JF-3100,CF-0650,SR,4,1,0,0,
693702,JF-3100,PD-0800,SM,0,0,0,0,
693705,ZM-0150,,NL,0,0,0,0,
693707,ZM-0150,DW-0500,SL,13,1,0,0,
693709,JF-3100,JD-2550,SL,3,1,0,0,
693711,JF-3100,PD-0800,SM,2,1,0,0,
693714,ZM-0150,DG-2650,SR,0,0,0,0,
693719,JF-3100,DH-2550,SR,0,0,0,0,
693723,JF-3100,DM-2775,SR,-2,1,0,0,
693725,JF-3100,PD-0800,SM,11,1,1,0,
693726,JF-3100,CF-0650,DM,57,1,1,0,
693731,ZM-0150,DW-0500,SL,5,1,0,0,
693732,ZM-0150,DW-0500,SL,3,1,0,0,
693733,ZM-0150,JF-2950,SR,0,0,0,0,
693734,ZM-0150,DW-0500,SM,17,1,1,0,
693737,ZM-0150,DG-2650,SR,0,0,0,0,
693738,ZM-0150,DW-0500,SM,0,1,0,0,
693747,JF-3100,TH-1850,SR,0,0,0,0,
693753,ZM-0150,DW-0500,SR,0,0,0,0,KL-0200
693755,JF-3100,AJ-0900,SL,14,1,1,0,
693758,JF-3100,FG-0200,SR,0,0,0,0,
693759,JF-3100,FG-0200,SM,0,0,0,0,
693760,JF-3100,DM-2775,DM,0,0,0,0,
693764,ZM-0150,DW-0500,SR,0,0,0,0,
693766,RL-0950,CF-0650,SM,6,1,1,0,
693767,RL-0950,AJ-0900,SR,5,1,1,0,
693768,RL-0950,CF-0650,SM,9,1,1,0,
693769,RL-0950,CF-0650,SR,2,1,1,0,
693770,RL-0950,FG-0200,SR,0,0,0,0,JS-6087
693771,RL-0950,TH-1850,SM,18,1,1,0,
693772,RL-0950,PD-0800,DM,0,0,0,0,
693773,RL-0950,AJ-0900,DR,18,1,1,0,
693778,ZM-0150,DW-0500,SL,0,0,0,0,
693780,ZM-0150,,NL,0,0,0,0,
693784,AT-0160,DW-0500,SR,7,1,1,0,
693789,AT-0160,DW-0500,SM,11,1,1,0,
693792,AT-0160,AA-1350,SM,6,1,0,0,
693796,JF-3100,TH-1850,SL,16,1,1,0,
693798,JF-3100,CF-0650,SM,6,1,1,0,
693801,JF-3100,FG-0200,SM,0,0,0,0,
693802,JF-3100,TH-1850,SR,0,0,0,0,
693803,JF-3100,PD-0800,SR,0,0,0,0,
693805,AT-0160,DG-2650,DL,16,1,1,0,
693811,JF-3100,TH-1850,SR,6,1,1,0,
693814,AT-0160,HD-0300,SM,16,1,1,0,
693818,AT-0160,DW-0500,SM,9,1,1,0,
693819,AT-0160,DG-2650,SL,5,1,1,0,
693822,RL-0950,AJ-0900,DR,0,0,0,0,
693824,RL-0950,PD-0800,SR,0,0,0,0,
693826,AT-0160,TM-1150,SR,0,0,0,0,
693831,JF-3100,AJ-0900,SR,9,1,1,0,
693835,JF-3100,TH-1850,SR,4,1,1,0,
693836,JF-3100,PD-0800,SR,0,0,0,0,
693841,JF-3100,AJ-0900,DL,0,0,0,0,
693844,AT-0160,AA-1350,SL,-3,1,0,0,
693845,AT-0160,DG-2650,SL,0,0,0,0,
693846,AT-0160,DW-0500,DR,29,1,1,0,
693847,AT-0160,HD-0300,SL,3,1,0,0,
693848,AT-0160,DW-0500,SL,0,0,0,0,JB-6500
693850,AT-0160,DW-0500,DM,0,0,0,0,GT-0300
693857,KM-2560,CB-1130,SL,0,0,0,0,
693859,KC-2350,JR-1150,SR,11,1,1,0,
693860,KC-2350,PG-0100,SR,4,1,1,0,
693862,KC-2350,RG-1650,SL,2,1,0,0,
693865,KM-2560,DM-1600,SL,0,0,0,0,
693866,KM-2560,DM-1600,SL,0,0,0,0,
693868,KC-2350,JC-5680,SR,44,1,1,0,
693869,KC-2350,RG-1650,SL,5,1,1,0,
693872,KM-2560,BB-4100,SL,7,1,1,0,
693874,KM-2560,TW-2270,SL,19,1,1,0,
693877,KM-2560,JW-6000,DM,0,0,0,0,
693880,KC-2350,PG-0100,DL,39,1,1,0,
693885,KC-2350,PG-0100,SR,6,1,1,0,
693890,KC-2350,PG-0100,SR,0,0,0,0,
693891,KC-2350,JC-5680,SL,0,0,0,0,
693892,KC-2350,JC-5680,SL,3,1,1,0,
693895,KM-2560,RT-1950,SR,-1,1,0,0,
693896,KM-2560,TW-2270,SR,12,1,1,0,
693899,KM-2560,JH-0860,SR,5,1,0,0,
693901,KC-2350,JR-1150,SL,3,1,0,0,
693903,KC-2350,JC-5680,DR,28,1,1,0,
693904,KC-2350,JR-1150,DR,26,1,1,0,
693906,KC-2350,JR-1150,SM,5,1,0,0,
693907,KC-2350,JC-5680,SL,0,0,0,0,
693910,KM-2560,TW-2270,SL,13,1,1,0,
693912,KM-2560,BB-4100,SL,0,0,0,0,
693913,KM-2560,CB-1130,SL,8,1,0,0,
693915,KM-2560,JH-0860,SL,13,1,1,0,
693916,KM-2560,TW-2270,DR,36,1,1,0,
693918,KM-2560,JW-6000,SL,4,1,1,0,
693922,CM-1500,RG-1650,SL,11,1,1,0,
693924,CM-1500,RR-1150,DL,0,0,0,0,
693927,KM-2560,BB-4100,SL,7,1,1,0,
693928,KM-2560,TW-2270,SR,11,1,1,0,
693929,KM-2560,JW-6000,DR,22,1,1,0,
693930,KM-2560,BB-4100,SR,24,1,1,0,
693931,KM-2560,DM-1600,SM,8,1,1,0,
693932,KM-2560,JW-6000,SM,9,1,1,0,
693933,KM-2560,CB-1130,SM,5,1,1,0,
693939,CM-1500,PT-0400,SL,0,0,0,0,AH-3350
693940,CM-1500,PT-0400,SM,5,1,0,0,
693943,KM-2560,TW-2270,DL,0,0,0,0,
693953,CM-1500,AS-1700,SM,0,0,0,0,RM-2000
693954,CM-1500,JC-5680,SL,24,1,1,0,
693960,CM-1500,RG-1650,SR,0,0,0,0,
693964,KM-2560,BB-4100,SL,0,0,0,0,PS-0550
693965,KM-2560,JH-0860,SR,10,1,0,0,
693970,CM-1500,RR-1150,DR,71,1,1,0,
693973,KM-2560,DM-1600,SL,9,1,1,0,
693975,KM-2560,TW-2270,DR,36,1,1,0,
693976,KM-2560,TW-2270,DR,20,1,1,0,
693977,KM-2560,DS-4750,SR,0,0,0,0,
693978,KM-2560,CB-1130,SM,11,1,1,0,
693979,KM-2560,BB-4100,SR,0,0,0,0,BB-2725
693980,KM-2560,CB-1130,SM,0,0,0,0,
693985,KM-2560,CB-1130,SR,22,1,1,0,
693986,KM-2560,TW-2270,DR,26,1,1,0,
693987,KM-2560,BB-4100,DR,0,0,0,0,
693988,KM-2560,BB-4100,DL,0,0,0,0,
693992,CM-1500,DY-0200,SR,7,1,1,0,
693993,CM-1500,RR-1150,SL,0,1,0,0,
693995,KM-2560,DM-1600,SR,17,1,1,0,
693996,KM-2560,JW-6000,SR,9,1,1,0,
693998,KM-2560,DM-1600,SM,17,1,1,0,
693999,KM-2560,JW-6000,SM,9,1,1,0,
694000,KM-2560,JW-6000,SM,5,1,1,0,
694001,KM-2560,DS-4750,SR,11,1,1,0,
694002,KM-2560,DM-1600,SL,2,1,0,0,
694003,KM-2560,DM-1600,SL,0,0,0,0,
694004,KM-2560,BB-4100,DL,22,1,1,0,
694005,KM-2560,BB-4100,SL,0,0,0,0,
694006,KM-2560,JW-6000,SM,0,0,0,0,
694007,KM-2560,CB-1130,SM,7,1,1,0,
694013,CM-1500,JC-5680,SR,10,1,1,0,
694020,SB-1100,RM-1200,SM,0,0,0,0,
694021,SB-1100,RM-1200,SL,7,1,1,0,
694022,SB-1100,DS-3300,SL,5,1,1,0,
694023,SB-1100,BC-0700,SR,14,1,1,0,
694028,EM-0200,OB-0075,SR,12,1,1,0,
694032,EM-0200,RJ-0800,SR,0,0,0,0,
694033,EM-0200,RJ-0800,SM,3,1,0,0,
694035,EM-0200,RR-0130,SL,0,0,0,0,MJ-0600
694039,SB-1100,KB-0350,SR,2,1,0,0,
694041,SB-1100,JM-1550,DL,0,0,0,0,
694043,EM-0200,WT-0600,SR,17,1,1,0,
694046,EM-0200,MW-1475,DL,0,0,0,0,
694047,EM-0200,SV-0200,SM,12,1,1,0,
694049,EM-0200,MW-1475,SL,0,0,0,0,WT-0200
694050,EM-0200,WT-0600,SM,0,0,0,0,
694054,SB-1100,JM-1550,SR,9,1,1,0,
694056,SB-1100,JH-5750,SL,0,0,0,0,
694057,SB-1100,ZE-0100,DM,60,1,1,0,
694065,EM-0200,WT-0600,SR,0,0,0,0,
694068,EM-0200,RR-0130,SR,0,0,0,0,
694073,SB-1100,ZE-0100,SM,11,1,1,0,
694075,SB-1100,JH-5750,SR,0,0,0,0,JP-2900
694076,EM-0200,RR-0130,DM,21,1,1,0,
694078,EM-0200,WT-0600,SR,9,1,1,0,
694081,SB-1100,KB-0350,SR,2,1,0,0,
694083,SB-1100,JM-1550,DM,25,1,1,0,
694085,SB-1100,KB-0350,SR,3,1,1,0,
694086,SB-1100,JM-1550,SL,3,1,1,0,
694087,SB-1100,DS-3300,SR,1,1,0,0,
694088,SB-1100,JM-1550,SR,4,1,0,0,
694090,SB-1100,DM-4300,SR,0,0,0,0,JP-2900
694091,SB-1100,NA-0050,SR,0,0,0,0,
694092,SB-1100,ZE-0100,SL,11,1,1,0,
694094,SB-1100,ZE-0100,DL,19,1,1,0,
694096,SB-1100,JM-1550,SR,4,1,1,0,
694099,EM-0200,RJ-0800,SL,3,1,0,0,
694103,EM-0200,WT-0600,SM,10,1,1,0,
694105,EM-0200,SV-0200,SL,13,1,1,0,
694106,EM-0200,SV-0200,SM,13,1,1,0,
694107,EM-0200,SV-0200,SM,15,1,1,0,
694108,EM-0200,OB-0075,SL,0,0,0,0,
694118,EM-0200,WT-0600,SL,13,1,1,0,
694121,EM-0200,HN-0500,DL,0,0,0,0,
694122,EM-0200,RR-0130,SL,5,1,0,0,
694125,SB-1100,ZE-0100,DM,21,1,1,0,
694127,SB-1100,DS-3300,SL,14,1,1,0,
694130,EM-0200,RR-0130,DM,45,1,1,0,
694134,SB-1100,ZE-0100,SM,3,1,0,0,
694135,SB-1100,JM-1550,SR,0,0,0,0,TW-0130
694138,EM-0200,OB-0075,SR,7,1,1,0,
694142,EM-0200,OB-0075,SM,24,1,1,0,
694150,EM-0200,HN-0500,SL,19,1,1,0,
694152,EM-0200,RJ-0800,SM,0,0,0,0,
694156,SB-1100,KB-0350,SR,12,1,1,0,
694158,SB-1100,KB-0350,SR,2,1,1,0,
694159,SB-1100,NA-0050,SL,7,1,1,0,
694162,SB-1100,BC-0700,DL,24,1,1,0,
694163,SB-1100,TB-3950,SL,5,1,1,0,
694164,SB-1100,ZE-0100,SL,4,1,1,0,
694166,SB-1100,NA-0050,SR,16,1,1,0,
694167,SB-1100,JM-1550,SL,3,1,1,0,
694170,EM-0200,RJ-0800,SM,0,0,0,0,
694172,EM-0200,WT-0600,DR,18,1,1,0,
694174,EM-0200,RR-0130,SL,8,1,1,0,
694176,EM-0200,OB-0075,DR,0,0,0,0,
694177,EM-0200,OB-0075,SR,8,1,1,0,
694178,EM-0200,HN-0500,SL,5,1,1,0,
694180,EM-0200,RR-0130,DL,0,0,0,0,WT-0200
694183,SB-1100,ZE-0100,SR,9,1,1,0,
694185,SB-1100,JM-1550,SL,6,1,1,0,
694186,SB-1100,ZE-0100,SL,14,1,1,0,
694189,SB-1100,RC-2300,DM,0,0,0,0,
694191,EM-0200,SV-0200,SM,11,1,1,0,
694192,EM-0200,SV-0200,SR,8,1,1,0,
694193,EM-0200,HN-0500,DL,0,0,0,0,
694194,EM-0200,SV-0200,SM,0,0,0,0,
694195,EM-0200,OB-0075,SM,3,1,1,0,
694196,EM-0200,,NL,0,0,0,1,
694197,EM-0200,SV-0200,SL,0,0,0,0,
694198,EM-0200,MW-1475,SM,0,0,0,0,
694199,EM-0200,WT-0600,SR,0,0,0,0,MK-0730
694202,MS-4100,EE-0050,SR,5,1,1,0,
694204,MS-4100,CJ-1100,DR,25,1,1,0,
694207,MS-4100,GT-0100,SR,0,0,0,0,
694208,MS-4100,GT-0100,SL,8,1,1,0,
694209,MS-4100,AA-0025,SR,7,1,1,0,
694210,MS-4100,TW-3900,SM,9,1,1,0,
694215,JC-6200,RH-3000,SL,6,1,1,0,
694216,JC-6200,MM-0900,SR,6,1,1,0,
694218,JC-6200,CM-2245,SL,3,1,0,0,
694219,JC-6200,CM-2245,SL,16,1,1,0,
694224,JC-6200,MM-0900,SR,2,1,0,0,
694226,JC-6200,CM-2245,SR,0,0,0,0,NL-0250
694227,MS-4100,GT-0100,SM,0,0,0,0,
694232,JC-6200,MF-1300,SL,6,1,1,0,
694237,MS-4100,TR-0370,SR,3,1,0,0,
694238,MS-4100,EE-0050,SR,8,1,1,0,
694240,MS-4100,CJ-1100,DL,20,1,1,0,
694241,MS-4100,EE-0050,SR,4,1,1,0,
694242,MS-4100,GT-0100,SL,6,1,1,0,
694243,MS-4100,CJ-1100,DR,0,0,0,0,TP-2000
694245,MS-4100,EE-0050,SR,0,0,0,0,AB-0200
694249,JC-6200,JB-2950,DR,0,0,0,0,
694252,MS-4100,GT-0100,SM,8,1,1,0,
694253,MS-4100,CJ-1100,SL,2,1,0,0,
694254,MS-4100,JB-2700,SM,13,1,1,0,
694256,MS-4100,GT-0100,SR,12,1,1,0,
694257,MS-4100,CJ-1100,SL,14,1,1,0,
694258,MS-4100,EE-0050,SM,7,1,1,0,
694260,MS-4100,TR-0370,SL,0,0,0,0,
694261,MS-4100,CJ-1100,DR,0,0,0,0,
694263,JC-6200,MM-0900,SM,24,1,1,0,
694264,JC-6200,MM-0900,SR,0,0,0,0,EA-0550
694266,MS-4100,CJ-1100,SL,8,1,0,0,
694272,JC-6200,JB-2950,SL,4,1,1,0,
694274,JC-6200,MM-0900,SM,22,1,1,0,
694277,JC-6200,JB-2950,SR,11,1,0,0,
694281,MS-4100,TR-0370,SR,-2,1,0,0,
694283,MS-4100,CJ-1100,SR,0,0,0,0,
694287,JC-6200,JB-2950,DM,34,1,1,0,
694290,MS-4100,CJ-1100,SL,11,1,1,0,
694294,MS-4100,CJ-1100,DR,0,0,0,0,
694297,MS-4100,CJ-1100,DL,36,1,1,0,
694302,JC-6200,MM-0900,SR,9,1,1,0,
694303,JC-6200,DT-1250,DR,45,1,1,0,
694305,JC-6200,MF-1300,SL,23,1,1,0,
694308,MS-4100,EE-0050,SR,0,0,0,0,
694309,MS-4100,TR-0370,SM,10,1,1,0,
694310,MS-4100,MB-5175,SL,8,1,1,0,
694311,MS-4100,JB-2700,SR,36,1,1,0,
694313,MS-4100,TR-0370,SM,18,1,1,0,
694315,MS-4100,EE-0050,SR,1,1,1,0,
694319,JC-6200,RH-3000,SL,12,1,1,0,
694321,JC-6200,MM-0900,SR,17,1,1,0,
694322,JC-6200,CM-2245,DL,0,0,0,0,
694324,JC-6200,MM-0900,SR,0,0,0,0,
694327,MS-4100,CJ-1100,SR,11,1,1,0,
694329,MS-4100,CJ-1100,SM,4,1,0,0,
694330,MS-4100,TJ-2350,DL,0,0,0,0,
694331,MS-4100,CJ-1100,SL,0,0,0,0,
694334,JC-6200,MF-1300,SR,5,1,1,0,
694336,JC-6200,DT-1250,DL,0,0,0,0,
694339,MS-4100,CJ-1100,SL,6,1,1,0,
694344,AS-1600,AS-0900,SR,18,1,1,0,
694345,AS-1600,DH-1450,DR,0,0,0,0,
694349,AS-1600,TK-0150,SR,10,1,1,0,
694350,AS-1600,JM-0200,SL,12,1,1,0,
694351,AS-1600,JM-0200,SM,25,1,1,0,
694354,DC-0725,JO-0550,SR,14,1,1,0,
694356,DC-0725,AC-2350,SL,6,1,1,0,
694363,AS-1600,DH-1450,SM,0,0,0,0,
694365,AS-1600,AW-1650,SM,5,1,1,0,
694368,AS-1600,,NL,0,0,0,0,
694369,AS-1600,AW-1650,SR,5,1,0,0,
694371,AS-1600,CC-3950,DR,16,1,1,0,
694376,DC-0725,CW-0225,DL,19,1,1,0,
694379,DC-0725,LM-1850,SR,10,1,1,0,
694384,AS-1600,AW-1650,SL,14,1,1,0,
694386,AS-1600,TK-0150,DL,0,0,0,0,
694392,DC-0725,MC-2900,SL,0,0,0,0,
694393,DC-0725,AC-2350,SL,14,1,1,0,
694395,DC-0725,MC-2900,SR,-3,1,0,0,
694396,DC-0725,RH-1600,SR,0,0,0,0,
694398,AS-1600,AW-1650,DR,0,0,0,0,
694401,DC-0725,MC-2900,SL,6,1,1,0,
694403,DC-0725,AC-2350,DL,0,0,0,0,
694404,AS-1600,AW-1650,SR,0,0,0,0,
694409,AS-1600,AW-1650,SL,0,0,0,0,
694411,DC-0725,LM-1850,SR,0,0,0,0,DJ-1500
694413,DC-0725,RH-1600,SL,14,1,1,0,
694414,DC-0725,RH-1600,SM,9,1,1,0,
694416,DC-0725,RH-1600,SL,0,0,0,0,
694417,DC-0725,MC-2900,DR,0,0,0,0,TB-2400
694422,DC-0725,LM-1850,SL,0,0,0,0,
694423,DC-0725,MC-2900,DR,0,0,0,0,MP-0950
694426,AS-1600,JA-2900,SR,8,1,1,0,
694428,AS-1600,,NL,0,0,0,0,
694429,AS-1600,JA-2900,SM,7,1,1,0,
694440,AS-1600,JM-0200,SR,17,1,1,0,
694441,AS-1600,DH-1450,SM,15,1,1,0,
694444,DC-0725,LM-1850,SR,1,1,0,0,
694446,DC-0725,CW-0225,SL,10,1,1,0,
694447,DC-0725,AC-2350,SR,0,0,0,0,
694449,DC-0725,CW-0225,SL,7,1,0,0,
694451,AS-1600,JM-0200,DL,0,0,0,0,
694453,AS-1600,CC-3950,SL,6,1,1,0,
694454,AS-1600,CC-3950,DL,0,0,0,0,
694459,DC-0725,AC-2350,SR,0,0,0,0,
694461,DC-0725,SR-0750,DR,19,1,1,0,
694463,DC-0725,MR-0970,SR,4,1,0,0,
694464,DC-0725,CW-0225,SL,10,1,0,0,
694477,AS-1600,CW-1450,SL,-2,1,0,0,
694479,CS-0250,AS-0900,SL,3,1,0,0,
694480,DC-0725,MC-2900,SL,0,0,0,0,
694482,DC-0725,SR-0750,SL,2,1,0,0,
694485,DC-0725,MC-2900,DR,31,1,1,0,
694492,DC-0725,LM-1850,SR,11,1,1,0,
694493,DC-0725,LM-1850,SM,3,1,0,0,
694494,DC-0725,SR-0750,SL,-1,1,0,0,
694497,DC-0725,,NL,0,0,0,1,
694498,DC-0725,MR-0970,SL,8,1,0,0,
694500,BO-0650,RH-2350,SR,8,1,1,0,
694501,BO-0650,DT-0900,SR,72,1,1,0,
694505,PR-0300,DW-4300,SL,11,1,1,0,
694507,PR-0300,DI-0075,DR,0,0,0,0,
694509,PR-0300,AG-0500,SM,12,1,1,0,
694511,PR-0300,DB-4800,SM,4,1,1,0,
694512,PR-0300,DW-4300,SL,0,0,0,0,
694519,BO-0650,ES-0200,DL,46,1,0,0,
694522,PR-0300,DI-0075,SL,0,0,0,0,
694524,BO-0650,DT-0900,DR,0,0,0,0,
694525,BO-0650,CL-0275,SM,0,0,0,0,PR-0400
694526,BO-0650,DT-0900,SM,14,1,1,0,
694528,BO-0650,BF-0950,SR,3,1,1,0,
694529,BO-0650,JN-1900,SM,0,0,0,0,
694531,PR-0300,DW-4300,SM,8,1,1,0,
694535,PR-0300,AG-0500,DL,0,0,0,0,DS-4300
694537,BO-0650,DT-0900,SM,5,1,1,0,
694538,BO-0650,DT-0900,DL,0,0,0,0,
694539,BO-0650,JN-1900,DM,34,1,1,0,
694543,PR-0300,DB-4800,SR,0,0,0,0,
694545,PR-0300,MF-0800,SL,0,0,0,0,BR-1050
694549,BO-0650,OD-0100,SM,15,1,1,0,
694551,BO-0650,CA-0750,SL,-5,1,0,0,
694552,BO-0650,DT-0900,SR,10,1,0,0,
694556,PR-0300,JH-3450,SR,10,1,1,0,
694559,BO-0650,DT-0900,DM,0,0,0,0,MI-0150
694560,PR-0300,AG-0500,SL,0,0,0,0,
694562,PR-0300,MF-0800,SL,0,0,0,0,
694566,BO-0650,RH-2350,SM,2,1,0,0,
694567,BO-0650,CA-0750,SR,0,0,0,0,
694570,PR-0300,AG-0500,SM,9,1,1,0,
694574,PR-0300,JH-3450,SL,3,1,0,0,
694577,BO-0650,RH-2350,SM,0,0,0,0,
694578,BO-0650,JN-1900,SL,8,1,1,0,
694579,BO-0650,ES-0200,SR,10,1,1,0,
694580,BO-0650,CA-0750,SR,0,0,0,0,
694586,PR-0300,DW-4300,SR,8,1,1,0,
694589,PR-0300,DI-0075,SM,0,0,0,0,BR-1050
694591,BO-0650,ES-0200,SR,10,1,1,0,
694598,PR-0300,AG-0500,SL,13,1,1,0,
694603,PM-0200,VG-0300,SL,14,1,1,0,
694604,PM-0200,JN-1900,SM,6,1,1,0,
694612,PR-0300,DI-0075,SR,8,1,1,0,
694614,PR-0300,JH-3450,SL,5,1,1,0,
694615,PR-0300,DW-4300,SM,3,1,1,0,
694616,PR-0300,DW-4300,SR,16,1,1,0,
694617,PR-0300,TW-2875,DL,0,0,0,0,
694619,PR-0300,DW-4300,SR,4,1,0,0,
694620,PR-0300,DW-4300,SR,0,0,0,0,KW-0850
694623,PM-0200,DT-0900,DR,16,1,1,0,
694624,PM-0200,ES-0200,DL,0,0,0,0,
694627,PM-0200,ES-0200,SR,0,0,0,0,MI-0150
694630,PR-0300,TW-2875,DM,80,1,1,0,
694634,PM-0200,ES-0200,DR,18,1,1,0,
694635,PM-0200,ES-0200,SR,15,1,1,0,
694637,PM-0200,DT-0900,SL,0,0,0,0,CV-0200
694643,PR-0300,DB-4800,SR,6,1,1,0,
694645,PR-0300,TW-2875,SL,10,1,1,0,
694646,PR-0300,DW-4300,SM,3,1,0,0,
694648,PM-0200,ES-0200,DM,0,0,0,0,
694654,PR-0300,TW-2875,DM,0,0,0,0,
694658,PR-0300,JH-3450,SL,0,0,0,0,TW-0600
694660,PR-0300,DI-0075,SR,8,1,1,0,
694665,PR-0300,DW-4300,SR,-2,1,0,0,
694666,PR-0300,DI-0075,SR,9,1,0,0,
694667,PR-0300,TW-2875,DM,0,0,0,0,CH-1500
694674,CP-0500,LF-0200,SR,15,1,1,0,
694675,CP-0500,LF-0200,SL,3,1,0,0,
694677,CP-0500,MF-0950,DR,0,0,0,0,RS-1000
694679,RW-3850,JK-0250,SL,8,1,1,0,
694681,RW-3850,CH-2350,SR,4,1,1,0,
694683,RW-3850,DB-0500,SL,7,1,1,0,
694688,RW-3850,CH-2350,SR,20,1,1,0,
694695,CP-0500,JN-0625,DM,0,0,0,0,
694697,RW-3850,TL-1025,DM,0,0,0,0,
694698,RW-3850,JK-0250,SL,2,1,0,0,
694701,CP-0500,DJ-1325,SL,0,0,0,0,
694703,CP-0500,JB-6950,SM,11,1,1,0,
694707,CP-0500,DJ-1325,SM,0,0,0,0,
694708,CP-0500,JB-6950,SL,11,1,1,0,
694710,CP-0500,JB-6950,SL,14,1,1,0,
694712,CP-0500,LF-0200,SR,17,1,1,0,
694716,RW-3850,CM-2280,SR,0,0,0,0,
694717,RW-3850,TL-1025,DM,36,1,1,0,
694721,RW-3850,DB-0500,SM,15,1,1,0,
694725,RW-3850,WT-0400,SL,7,1,1,0,
694728,CP-0500,JB-6950,DR,0,0,0,0,
694730,CP-0500,DJ-1325,SL,6,1,1,0,
694731,CP-0500,DJ-1325,SL,0,0,0,0,
694732,CP-0500,DJ-1325,SM,0,0,0,0,CA-1300
694734,CP-0500,MF-0950,DM,0,0,0,0,
694736,RW-3850,CC-3200,SR,8,1,1,0,
694739,CP-0500,LF-0200,SM,6,1,1,0,
694740,CP-0500,JB-6950,SR,0,0,0,0,
694741,CP-0500,JB-6950,SL,0,0,0,0,JL-0230
694744,RW-3850,CH-2350,DL,0,0,0,0,
694745,RW-3850,JK-0250,DL,24,1,1,0,
694748,CP-0500,LF-0200,SM,9,1,1,0,
694749,CP-0500,DJ-1325,SR,0,0,0,0,
694750,CP-0500,JN-0625,SR,0,0,0,0,CA-1300
694752,RW-3850,FJ-0100,SR,6,1,1,0,
694753,RW-3850,DB-0500,SL,12,1,1,0,
694754,RW-3850,DB-0500,SR,0,0,0,0,
694756,RW-3850,CC-3200,SM,6,1,1,0,
694757,RW-3850,KS-1750,SL,0,0,0,0,JP-4100
694758,RW-3850,CH-2350,SM,0,0,0,0,
694759,RW-3850,DB-0500,DR,0,0,0,0,
694761,CP-0500,DJ-1325,SR,19,1,1,0,
694762,CP-0500,DJ-1325,SM,9,1,1,0,
694763,CP-0500,JN-0625,DL,0,0,0,0,
694764,CP-0500,JB-6950,SR,9,1,1,0,
694769,RW-3850,DB-0500,SR,7,1,0,0,
694770,RW-3850,CC-3200,SR,7,1,1,0,
694774,RW-3850,TL-1025,DR,0,0,0,0,JB-3350
694775,RW-3850,CC-3200,SM,8,1,0,0,
694780,DS-3800,LF-0200,SM,0,0,0,0,
694781,DS-3800,JB-6950,SL,0,0,0,0,
694784,RW-3850,DB-0500,SL,5,1,1,0,
694785,RW-3850,KS-1750,DR,0,0,0,0,
694790,DS-3800,LF-0200,SM,5,1,1,0,
694792,DS-3800,AE-0750,SL,0,0,0,0,BI-0150
694794,RW-3850,TL-1025,SL,0,1,0,0,
694795,RW-3850,CH-2350,SR,15,1,1,0,
694800,DS-3800,JB-6950,SR,0,0,0,0,RS-1000
694801,DS-3800,JB-6950,DL,0,0,0,0,
694802,DS-3800,DF-0550,SM,0,0,0,0,
694812,DS-3800,MF-0950,SR,16,1,1,0,
694813,DS-3800,DF-0550,SM,7,1,1,0,
694814,DS-3800,MF-0950,SL,0,0,0,0,
694815,DS-3800,BG-0750,SR,5,1,1,0,
694816,DS-3800,TN-0550,SM,8,1,1,0,
694817,DS-3800,AE-0750,SR,7,1,1,0,
694818,DS-3800,JG-3700,DL,21,1,1,0,
694819,DS-3800,JG-3700,SM,15,1,1,0,
694820,DS-3800,JB-6750,SL,0,0,0,0,
694821,DS-3800,JG-3700,SM,0,0,0,0,ST-0350
694823,DS-3800,JB-6950,SL,0,0,0,0,
694826,TJ-0300,KW-1175,SR,8,1,1,0,
694829,TJ-0300,CC-3200,SR,0,0,0,0,KM-1950
694830,TJ-0300,CH-2350,SL,3,1,0,0,
694831,TJ-0300,KS-1750,SR,17,1,1,0,
694835,CK-0250,LK-0200,SM,8,1,1,0,
694838,CK-0250,LK-0200,SL,6,1,0,0,
694839,CK-0250,BQ-0050,DR,0,0,0,0,
694841,BG-0100,BB-1550,SR,0,0,0,0,
694843,BG-0100,TS-2300,SL,7,1,0,0,
694845,CK-0250,KB-1900,DR,54,1,1,0,
694847,CK-0250,JC-4300,SL,0,0,0,0,
694849,CK-0250,WW-0200,SR,0,0,0,0,
694853,BG-0100,VM-0250,SL,2,1,0,0,
694855,BG-0100,AB-2000,SR,0,1,0,0,
694858,CK-0250,TA-1050,SL,7,1,1,0,
694861,BG-0100,TS-2300,SL,5,1,1,0,
694863,BG-0100,BM-2600,SL,0,1,0,0,
694866,BG-0100,DH-1700,SR,31,1,1,0,
694868,BG-0100,AB-2000,DL,33,1,1,0,
694871,CK-0250,BQ-0050,SR,11,1,1,0,
694873,CK-0250,TA-1050,SL,10,1,1,0,
694876,CK-0250,JC-4300,SR,0,0,0,0,ER-0150
694878,JH-3230,BM-0250,DM,0,0,0,0,
694879,BG-0100,BM-2600,SL,0,0,0,0,
694883,BG-0100,QP-0050,SR,0,0,0,0,
694884,BG-0100,VM-0250,SR,0,0,0,0,
694890,CK-0250,BQ-0050,SL,12,1,1,0,
694892,CK-0250,WW-0200,SL,11,1,1,0,
694893,CK-0250,TA-1050,SR,0,0,0,0,
694894,CK-0250,MB-3862,SR,-2,1,0,0,
694896,CK-0250,TA-1050,SL,9,1,1,0,
694897,CK-0250,BQ-0050,SM,0,0,0,0,ER-0150
694901,BG-0100,MD-0150,SR,7,1,1,0,
694902,BG-0100,MD-0150,SL,0,0,0,0,AD-1475
694907,BG-0100,DH-1700,SR,0,0,0,0,
694908,BG-0100,DH-1700,SR,14,1,1,0,
694909,BG-0100,AB-2000,SR,1,1,0,0,
694910,BG-0100,DH-1700,SR,0,0,0,0,
694911,BG-0100,DH-1700,SM,0,0,0,0,
694914,CK-0250,BM-0250,DR,0,0,0,0,
694916,CK-0250,TA-1050,DR,0,0,0,0,
694922,BG-0100,VM-0250,SL,11,1,1,0,
694924,BG-0100,BE-0350,DR,44,1,1,0,
694927,BG-0100,DH-1700,SR,3,1,1,0,
694929,BG-0100,TS-2300,SR,0,0,0,0,
694930,BG-0100,BB-1550,SM,5,1,0,0,
694933,CK-0250,LK-0200,SR,5,1,1,0,
694935,CK-0250,KB-1900,SL,9,1,1,0,
694937,CK-0250,TA-1050,SL,7,1,1,0,
694939,CK-0250,LK-0200,SR,12,1,1,0,
694943,CK-0250,TA-1050,SL,-3,1,0,0,
694945,CK-0250,BC-3070,SL,11,1,0,0,
694947,CK-0250,KB-1900,SL,0,0,0,0,
694951,BG-0100,MD-0150,SR,8,1,1,0,
694953,BG-0100,TS-2300,SR,0,0,0,0,
694955,BG-0100,DH-1700,SM,0,0,0,0,
694956,BG-0100,DH-1700,SR,2,1,0,0,
694957,BG-0100,DH-1700,SR,4,1,0,0,
694958,BG-0100,TS-2300,DR,0,0,0,0,TJ-2250
694959,CK-0250,CH-1230,SL,12,1,1,0,
694962,CK-0250,JC-4300,SL,0,0,0,0,
694967,BG-0100,TS-2300,DL,31,1,1,0,
694969,BG-0100,DH-1700,SR,21,1,1,0,
694975,BG-0100,BM-2600,SR,2,1,1,0,
694981,CK-0250,WW-0200,SL,5,1,0,0,
694982,CK-0250,KB-1900,SR,0,0,0,0,
694985,BG-0100,AB-2000,SR,10,1,1,0,
694987,BG-0100,AB-2000,SL,27,1,1,0,
694988,BG-0100,AB-2000,SR,0,0,0,0,
694990,BG-0100,VM-0250,SL,0,0,0,0,
694992,CK-0250,BC-3070,SR,10,1,1,0,
694993,CK-0250,JC-4300,SR,0,0,0,0,
694994,CK-0250,BM-0250,SL,0,0,0,0,
694995,CK-0250,BQ-0050,DL,0,0,0,0,MC-2950
695002,BG-0100,DH-1700,SR,5,1,1,0,
695004,BG-0100,VM-0250,SL,24,1,1,0,
695006,BG-0100,TS-2300,SL,3,1,0,0,
695007,BG-0100,AB-2000,DR,0,0,0,0,
695009,CK-0250,TA-1050,DL,0,0,0,0,JW-0750
695012,CK-0250,LK-0200,SR,6,1,1,0,
695014,CK-0250,KB-1900,DM,18,1,1,0,
695016,CK-0250,BC-3070,SL,13,1,1,0,
695021,BG-0100,DH-1700,SL,6,1,1,0,
695022,BG-0100,TS-2300,SR,15,1,1,0,
695023,BG-0100,AB-2000,SL,0,0,0,0,RM-3050
695024,BG-0100,QP-0050,SR,33,1,1,0,
695030,CN-0500,MT-1300,SR,5,1,1,0,
695031,CN-0500,JC-5400,SL,21,1,1,0,
695032,CN-0500,CB-3850,DR,0,0,0,0,MJ-0900
695034,CN-0500,GO-0100,SL,10,1,1,0,
695035,CN-0500,ED-0400,SR,1,1,0,0,
695041,JW-5650,DD-3050,SL,13,1,1,0,
695042,JW-5650,DM-0450,SL,8,1,1,0,
695046,JW-5650,AS-0550,SL,0,0,0,0,CF-0500
695049,CN-0500,DF-2200,SR,18,1,1,0,
695050,CN-0500,ED-0400,SL,0,0,0,0,DL-0400
695051,CN-0500,DF-2200,SL,7,1,0,0,
695052,JW-5650,DM-0450,SL,20,1,1,0,
695053,JW-5650,DD-3050,SR,-1,1,0,0,
695055,JW-5650,RS-0975,DL,0,0,0,0,
695059,CN-0500,CB-3850,SR,21,1,1,0,
695060,CN-0500,CB-3850,SR,17,1,1,0,
695061,CN-0500,DF-2200,SL,13,1,1,0,
695066,CN-0500,GO-0100,SR,6,1,1,0,
695071,JW-5650,DD-3050,SL,0,0,0,0,
695072,JW-5650,DD-3050,DR,0,0,0,0,
695075,CN-0500,DF-2200,DR,41,1,1,0,
695076,CN-0500,DF-2200,DL,0,0,0,0,
695078,CN-0500,CB-3850,SL,0,0,0,0,
695081,JW-5650,ME-0600,SR,0,0,0,0,
695082,JW-5650,ME-0600,DR,28,1,1,0,
695083,JW-5650,AH-3862,DR,0,0,0,0,
695085,CN-0500,CA-1175,SL,12,1,1,0,
695087,CN-0500,BB-2050,SL,8,1,1,0,
695095,JW-5650,LS-1900,SL,3,1,0,0,
695099,CN-0500,JC-5400,DR,31,1,1,0,
695103,JW-5650,CS-1950,SR,0,0,0,0,LK-0600
695104,JW-5650,CS-1950,SR,0,0,0,0,
695105,JW-5650,ME-0600,DL,26,1,1,0,
695106,JW-5650,ME-0600,SL,0,0,0,0,
695107,JW-5650,CS-1950,SL,7,1,1,0,
695108,JW-5650,AS-0550,SL,7,1,1,0,
695109,JW-5650,AH-3862,SR,0,0,0,0,
695110,JW-5650,DD-3050,SR,14,1,1,0,
695112,JW-5650,CS-1950,SL,8,1,1,0,
695113,JW-5650,ME-0600,SL,0,0,0,0,
695114,JW-5650,CS-1950,SL,11,1,1,0,
695115,JW-5650,AS-0550,SR,0,0,0,0,
695116,JW-5650,AS-0550,SL,0,0,0,0,
695122,JW-5650,DM-0450,SL,4,1,0,0,
695134,JW-5650,DM-0450,SR,6,1,1,0,
695138,JW-5650,CS-1950,SR,5,1,1,0,
695141,JW-5650,AS-0550,DR,21,1,1,0,
695149,CN-0500,CA-1175,SR,5,1,1,0,
695151,CN-0500,BB-2050,SL,17,1,0,0,
695153,JW-5650,DM-0450,SR,4,1,0,0,
695154,JW-5650,ME-0600,SL,15,1,1,0,
695155,JW-5650,ME-0600,DR,30,1,1,0,
695156,JW-5650,AS-0550,SR,0,0,0,0,
695158,JW-5650,CB-2775,SR,0,0,0,0,
695160,CN-0500,DF-2200,SR,14,1,1,0,
695163,CN-0500,DF-2200,SR,11,1,1,0,
695164,CN-0500,CB-3850,DR,0,0,0,0,
695166,CN-0500,CB-3850,SR,20,1,1,0,
695168,CN-0500,ED-0400,SL,-1,1,0,0,
695169,CN-0500,DF-2200,SL,16,1,1,0,
695172,JW-5650,DM-0450,SM,12,1,1,0,
695173,JW-5650,CS-1950,SR,14,1,1,0,
695175,JW-5650,CS-1950,SR,1,1,0,0,
695176,JW-5650,CS-1950,SM,11,1,0,0,
695177,JW-5650,DD-3050,SR,0,0,0,0,ST-0550
695178,JW-5650,CB-2775,SR,10,1,1,0,
695181,JW-5650,AS-0550,SL,20,1,1,0,
695182,JW-5650,ME-0600,DL,0,0,0,0,JN-1750
695183,JW-5650,DM-0450,SL,6,1,1,0,
695184,JW-5650,DD-3050,SL,5,1,1,0,
695186,JW-5650,ME-0600,SR,0,0,0,0,
695187,JW-5650,CS-1950,SR,4,1,0,0,
695188,JW-5650,CS-1950,SM,13,1,0,0,
695194,TB-2650,JM-3450,DR,0,0,0,0,
695196,TB-2650,JM-3450,SM,8,1,0,0,
695199,TB-2650,MP-2350,DR,0,0,0,0,
695200,TB-2650,JW-6560,DR,0,0,0,0,
695211,AR-1300,RR-1050,SM,18,1,1,0,
695215,AR-1300,JJ-4200,SL,8,1,1,0,
695216,AR-1300,JJ-4200,SL,0,0,0,0,
695217,AR-1300,JK-2200,SR,1,1,0,0,
695222,TB-2650,MW-0500,SM,0,0,0,0,
695224,AR-1300,RR-1050,SR,9,1,1,0,
695226,AR-1300,AQ-0100,SR,0,0,0,0,
695232,TB-2650,MW-0500,SM,22,1,1,0,
695234,TB-2650,AP-0700,SL,1,1,0,0,
695238,AR-1300,EL-0010,SL,-7,1,0,0,
695239,AR-1300,EL-0010,SM,14,1,0,0,
695242,TB-2650,AT-0350,SR,16,1,1,0,
695243,TB-2650,JM-3450,SR,15,1,1,0,
695247,TB-2650,,NL,0,0,0,0,
695251,AR-1300,DA-0212,SR,24,1,1,0,
695252,AR-1300,JS-6200,SM,-1,1,0,0,
695254,AR-1300,JS-6200,SR,6,1,1,0,
695255,AR-1300,RC-1500,SL,0,0,0,0,
695256,AR-1300,RR-1050,SL,-1,1,0,0,
695257,AR-1300,JJ-4200,DL,0,0,0,0,
695258,TB-2650,SD-0537,DL,0,0,0,0,
695259,TB-2650,JM-3450,SM,10,1,1,0,
695260,TB-2650,,NL,0,0,0,0,MD-0060
695261,TB-2650,KR-1200,SR,0,0,0,0,
695262,TB-2650,SD-0537,SM,8,1,0,0,
695270,AR-1300,RC-1500,SR,4,1,0,0,
695272,TB-2650,JW-6560,SR,11,1,1,0,
695281,AR-1300,RC-1500,SL,1,1,0,0,
695282,AR-1300,DA-0212,SR,0,0,0,0,
695288,TB-2650,MW-0500,SM,0,0,0,0,
695295,AR-1300,JJ-4200,SL,0,0,0,0,
695296,AR-1300,JS-6200,SL,13,1,1,0,
695297,AR-1300,,NL,0,0,0,0,
695299,AR-1300,JJ-4200,DR,32,1,1,0,
695302,AR-1300,JJ-4200,SR,0,0,0,0,
695303,AR-1300,RC-1500,SL,4,1,1,0,
695308,AR-1300,RR-1050,SL,16,1,1,0,
695315,TB-2650,RE-0400,SR,-2,1,0,0,
695316,TB-2650,JW-6560,SM,10,1,0,0,
695318,AR-1300,DA-0212,DM,17,1,1,0,
695319,AR-1300,DA-0212,SR,6,1,1,0,
695320,AR-1300,JJ-4200,DL,25,1,1,0,
695321,AR-1300,RC-1500,SM,11,1,1,0,
695323,AR-1300,RR-1050,SL,4,1,0,0,
695327,AR-1300,RC-1500,SL,17,1,1,0,
695328,AR-1300,JJ-4200,DM,37,1,1,0,
695329,AR-1300,JJ-4200,DL,0,0,0,0,
695330,AR-1300,JK-2200,SM,13,1,1,0,
695331,AR-1300,RC-1500,SL,0,1,0,0,
695333,AR-1300,JJ-4200,SR,0,0,0,0,
695334,AR-1300,JJ-4200,DL,0,0,0,0,
695339,AR-1300,DA-0212,SM,0,0,0,0,
695340,AR-1300,RC-1500,SM,0,0,0,0,
695341,AR-1300,RR-1050,DR,0,0,0,0,CM-3400
695342,AR-1300,RR-1050,SM,12,1,1,0,
695343,AR-1300,DA-0212,SR,7,1,1,0,
695344,AR-1300,JJ-4200,DL,0,0,0,0,
695345,AR-1300,RR-1050,SL,1,1,0,0,
695346,AR-1300,JJ-4200,DL,0,0,0,0,AB-0650
695351,BH-1900,NW-0100,SR,0,0,0,0,
695352,BH-1900,CS-1500,SM,0,0,0,0,
695354,AS-1600,TK-0150,SR,8,1,1,0,
695355,AS-1600,AW-1650,SL,3,1,1,0,
695356,AS-1600,TK-0150,SR,4,1,1,0,
695362,AS-1600,TK-0150,SR,0,0,0,0,
695363,AS-1600,AW-1650,DL,0,0,0,0,
695367,BH-1900,NW-0100,SM,0,0,0,0,
695369,AS-1600,JM-0200,SM,0,0,0,0,KJ-0100
695370,BH-1900,CF-0375,SR,1,1,0,0,
695372,BH-1900,DH-3950,SR,8,1,1,0,
695375,BH-1900,DH-3950,SL,11,1,1,0,
695378,BH-1900,RG-1870,SR,7,1,1,0,
695382,AS-1600,TK-0150,SL,18,1,1,0,
695385,AS-1600,TK-0150,SL,3,1,0,0,
695389,BH-1900,DH-3950,SL,13,1,1,0,
695391,BH-1900,CS-1500,SR,5,1,0,0,
695392,BH-1900,NW-0100,SL,0,0,0,0,
695394,AS-1600,JM-0200,SL,6,1,1,0,
695395,AS-1600,TK-0150,SM,25,1,1,0,
695401,BH-1900,DH-3950,DR,16,1,1,0,
695405,BH-1900,DH-3950,SR,0,0,0,0,
695408,BH-1900,AB-1975,SM,0,0,0,0,
695411,AS-1600,AW-1650,DL,0,0,0,0,
695414,BH-1900,NW-0100,DR,0,0,0,0,
695417,AS-1600,AW-1650,SL,6,1,1,0,
695424,BH-1900,RG-1870,SL,0,0,0,0,SS-1700
695425,BH-1900,JG-3850,SR,8,1,1,0,
695428,BH-1900,NW-0100,SR,3,1,1,0,
695429,BH-1900,RG-1870,SR,0,0,0,0,
695432,BH-1900,CS-1500,SL,0,0,0,0,
695433,BH-1900,DH-3950,SL,4,1,0,0,
695438,AS-1600,CW-1450,SL,9,1,1,0,
695439,AS-1600,JM-0200,DM,16,1,1,0,
695440,AS-1600,TK-0150,SR,0,0,0,0,
695441,AS-1600,JM-0200,SR,7,1,1,0,
695442,AS-1600,TK-0150,SL,16,1,1,0,
695444,AS-1600,TK-0150,SR,6,1,1,0,
695446,AS-1600,CC-3950,SM,9,1,1,0,
695449,BH-1900,NW-0100,SL,0,0,0,0,
695450,BH-1900,DH-3950,SR,0,0,0,0,
695451,BH-1900,RG-1870,DM,0,0,0,0,HA-0200
695456,AS-1600,TK-0150,DM,48,1,1,0,
695463,BH-1900,RG-1870,SR,0,0,0,0,
695464,BH-1900,RG-1870,SL,15,1,1,0,
695465,BH-1900,JG-3850,SM,4,1,1,0,
695467,BH-1900,RG-1870,SL,7,1,1,0,
695469,BH-1900,JS-7075,DR,17,1,1,0,
695470,BH-1900,DH-3950,SL,17,1,1,0,
695472,BH-1900,RG-1870,DM,0,0,0,0,HA-0200
695473,BH-1900,DH-3950,DL,0,0,0,0,
695479,AS-1600,AS-0900,SR,3,1,0,0,
695482,BH-1900,DH-3950,DL,0,0,0,0,
695485,AS-1600,FH-0100,SL,3,1,0,0,
695489,BH-1900,DH-3950,SL,0,0,0,0,SN-0450
695490,BH-1900,JS-7075,SR,0,0,0,0,
695498,BR-1100,MB-4550,SL,4,1,1,0,
695500,BR-1100,DH-2800,SL,0,0,0,0,
695502,AM-1150,AG-1500,SR,4,1,1,0,
695505,AM-1150,TE-0300,SR,9,1,0,0,
695508,BR-1100,AB-3500,SL,2,1,1,0,
695509,BR-1100,MB-4550,SL,0,0,0,0,
695510,BR-1100,AB-3500,SR,4,1,0,0,
695511,BR-1100,HM-0200,SL,5,1,0,0,
695514,AM-1150,MJ-2250,SL,13,1,1,0,
695517,AM-1150,,NL,0,0,0,0,
695519,AM-1150,TE-0300,SR,16,1,1,0,
695521,AM-1150,TE-0300,SR,8,1,1,0,
695522,AM-1150,TE-0300,SR,0,0,0,0,RG-1250
695526,BR-1100,FT-0300,SM,27,1,1,0,
695536,AM-1150,MS-0150,SM,5,1,1,0,
695537,AM-1150,TE-0300,SL,0,0,0,0,
695540,BR-1100,HM-0200,SM,0,0,0,0,
695541,BR-1100,MW-1250,DL,0,0,0,0,
695551,BR-1100,FT-0300,SM,0,0,0,0,CD-2200
695552,BR-1100,MW-1250,SR,-1,1,0,0,
695554,AM-1150,JH-4025,SM,0,0,0,0,
695555,AM-1150,MJ-2250,DR,0,0,0,0,
695559,BR-1100,AB-3500,SL,23,1,1,0,
695560,BR-1100,AB-3500,DL,0,0,0,0,
695563,AM-1150,GB-0350,SR,4,1,1,0,
695564,AM-1150,TE-0300,SR,0,0,0,0,RS-0962
695565,AM-1150,AG-1500,DR,0,0,0,0,
695567,BR-1100,FT-0300,SL,16,1,1,0,
695568,BR-1100,HM-0200,SR,4,1,1,0,
695569,BR-1100,AB-3500,SM,11,1,1,0,
695570,BR-1100,FT-0300,SL,0,0,0,0,
695572,BR-1100,MW-1250,DM,24,1,1,0,
695573,BR-1100,AB-3500,SR,0,0,0,0,
695575,BR-1100,AB-3500,SM,0,0,0,0,VR-0200
695581,AM-1150,MJ-2250,SL,5,1,1,0,
695582,AM-1150,MS-0150,SR,8,1,1,0,
695583,AM-1150,AG-1500,DR,0,0,0,0,
695589,BR-1100,DH-2800,DL,0,0,0,0,
695593,AM-1150,AG-1500,DL,22,1,1,0,
695595,AM-1150,GB-0350,SR,0,0,0,0,
695596,AM-1150,MJ-2250,SR,0,0,0,0,
695601,BR-1100,AB-3500,SL,60,1,1,0,
695603,BR-1100,MB-4550,SR,10,1,1,0,
695606,AM-1150,AG-1500,SL,11,1,1,0,
695610,AM-1150,MS-0150,SR,0,0,0,0,
695611,AM-1150,TE-0300,SR,7,1,1,0,
695612,AM-1150,MS-0150,SM,4,1,1,0,
695614,AM-1150,GB-0350,SR,0,0,0,0,
695615,AM-1150,GB-0350,SR,-2,1,0,0,
695618,BR-1100,MW-1250,DR,0,0,0,0,
695621,AM-1150,TK-0850,SL,0,0,0,0,
695627,LJ-1250,FT-0300,SM,0,0,0,0,PS-0300
695631,LJ-1250,MB-4550,SL,4,1,0,0,
695633,AM-1150,JH-4025,SR,11,1,1,0,
695634,AM-1150,JH-4025,SM,13,1,1,0,
695637,AM-1150,TE-0300,DM,0,0,0,0,
695639,AM-1150,TE-0300,DL,18,1,1,0,
695640,AM-1150,AG-1500,SL,9,1,1,0,
695643,AM-1150,MJ-2250,SR,0,0,0,0,
695644,AM-1150,RB-4670,SR,5,1,0,0,
695647,LJ-1250,AB-3500,SR,7,1,1,0,
695649,LJ-1250,AB-3500,DR,0,0,0,0,LH-0300
695651,AM-1150,JH-4025,SM,3,1,0,0,
695652,AM-1150,MJ-2250,SL,5,1,1,0,
695653,AM-1150,,NL,0,0,0,0,
695654,AM-1150,MJ-2250,SM,9,1,1,0,
695656,AM-1150,MS-0150,SM,0,0,0,0,
695657,AM-1150,AG-1500,DL,25,1,1,0,
695660,LJ-1250,MW-1250,SM,0,0,0,0,
695662,BR-1100,MB-4550,SR,8,1,1,0,
695663,BR-1100,AB-3500,SL,0,0,0,0,CL-0950
695664,BR-1100,FT-0300,SR,7,1,1,0,
695665,BR-1100,FT-0300,SR,10,1,1,0,
695666,BR-1100,FT-0300,SR,0,0,0,0,
695667,BR-1100,MB-4550,SL,3,1,0,0,
695669,BR-1100,AB-3500,SR,12,1,1,0,
695673,AM-1150,AG-1500,DR,0,0,0,0,RS-0962
695676,TB-2650,MW-0500,SR,10,1,1,0,
695679,TB-2650,SD-0537,SL,9,1,1,0,
695680,TB-2650,SD-0537,SR,0,0,0,0,
695681,TB-2650,AT-0350,SR,0,0,0,0,RS-1000
695682,TB-2650,JW-6560,SR,9,1,0,0,
695685,TB-2650,JM-3450,SL,9,1,1,0,
695689,RW-3850,FJ-0100,SL,0,0,0,0,
695690,RW-3850,JK-0250,SL,0,0,0,0,XR-0100
695696,TB-2650,JM-3450,SL,7,1,0,0,
695697,TB-2650,SD-0537,SR,6,1,1,0,
695700,TB-2650,JM-3450,SR,0,0,0,0,
695706,RW-3850,JK-0250,SL,7,1,1,0,
695708,RW-3850,FJ-0100,SL,0,0,0,0,
695713,TB-2650,JM-3450,DL,0,0,0,0,ET-0200
695715,RW-3850,DB-0500,DR,22,1,1,0,
695719,RW-3850,DB-0500,SR,-3,1,0,0,
695721,RW-3850,JK-0250,SL,3,1,0,0,
695722,RW-3850,FJ-0100,SM,7,1,0,0,
695724,TB-2650,MP-2350,SL,18,1,1,0,
695726,TB-2650,ZL-0200,SL,-4,1,0,0,
695727,TB-2650,MP-2350,SR,4,1,0,0,
695729,RW-3850,DB-0500,SL,3,1,0,0,
695733,RW-3850,DB-0500,SR,0,0,0,0,EK-0250
695734,RW-3850,DB-0500,DL,0,0,0,0,HS-0130
695739,RW-3850,CC-3200,SR,0,0,0,0,
695741,RW-3850,DB-0500,SM,17,1,1,0,
695743,RW-3850,TL-1025,DR,0,0,0,0,TW-1187
695744,RW-3850,FJ-0100,SR,12,1,1,0,
695748,RW-3850,CC-3200,DR,0,0,0,0,
695749,TB-2650,ZL-0200,SR,11,1,1,0,
695752,TB-2650,JM-3450,SR,6,1,0,0,
695763,TB-2650,SD-0537,SR,4,1,1,0,
695769,RW-3850,KS-1750,SL,14,1,1,0,
695773,RW-3850,CM-2280,SL,14,1,1,0,
695774,RW-3850,TL-1025,SM,35,1,1,0,
695776,RW-3850,DB-0500,SR,3,1,1,0,
695779,TB-2650,AP-0700,SL,5,1,1,0,
695780,TB-2650,AP-0700,SR,8,1,0,0,
695781,RW-3850,TL-1025,DL,0,0,0,0,XR-0100
695783,RW-3850,JK-0250,SR,8,1,1,0,
695784,RW-3850,TL-1025,SL,0,0,0,0,
695786,RW-3850,TL-1025,DR,0,0,0,0,
695791,TB-2650,MA-1150,SM,13,1,0,0,
695795,RW-3850,CC-3200,SL,0,0,0,0,AS-0600
695797,TB-2650,SD-0537,SL,7,1,1,0,
695799,TB-2650,JW-6560,SR,0,0,0,0,MB-1900
695801,TB-2650,SD-0537,DL,0,0,0,0,JL-0230
695805,RW-3850,FJ-0100,SR,0,0,0,0,EK-0250
695807,TB-2650,JW-6560,SM,0,0,0,0,FC-0150
695809,TB-2650,KR-1200,SR,24,1,1,0,
695816,AR-1300,JJ-4200,SR,11,1,1,0,
695817,AR-1300,,NL,0,0,0,0,
695819,AR-1300,JA-0050,SR,0,0,0,0,DG-1300
695821,KC-2350,JR-1150,SR,3,1,0,0,
695823,KC-2350,JR-1150,SL,0,0,0,0,
695825,AR-1300,JJ-4200,DL,0,0,0,0,
695830,KC-2350,AS-1700,SM,16,1,1,0,
695833,KC-2350,DJ-0200,SR,3,1,0,0,
695834,KC-2350,JR-1150,SM,11,1,1,0,
695835,KC-2350,DJ-0200,SM,14,1,1,0,
695839,KC-2350,PG-0100,SM,0,0,0,0,HC-0050
695843,AR-1300,RR-1050,SR,0,0,0,0,
695844,AR-1300,RC-1500,DL,0,0,0,0,
695848,KC-2350,JR-1150,SR,0,0,0,0,
695851,AR-1300,JA-0050,SL,0,0,0,0,
695852,AR-1300,JJ-4200,SL,0,0,0,0,QD-0400
695855,KC-2350,RG-1650,SL,0,0,0,0,
695856,KC-2350,JR-1150,SL,20,1,1,0,
695857,KC-2350,PG-0100,SL,13,1,1,0,
695859,KC-2350,CT-1220,SL,4,1,0,0,
695860,KC-2350,JR-1150,DM,24,1,1,0,
695864,AR-1300,JJ-4200,SR,7,1,1,0,
695866,AR-1300,JJ-4200,DM,34,1,1,0,
695867,AR-1300,DA-0212,SL,9,1,1,0,
695869,AR-1300,JS-6200,SR,6,1,1,0,
695871,AR-1300,RC-1500,SR,0,0,0,0,
695872,AR-1300,RC-1500,SM,12,1,1,0,
695876,KC-2350,JR-1150,SM,2,1,0,0,
695877,KC-2350,PG-0100,SR,12,1,1,0,
695878,KC-2350,DJ-0200,DM,0,0,0,0,CH-2250
695881,AR-1300,,NL,0,0,0,0,
695882,AR-1300,RC-1500,SR,11,1,1,0,
695883,AR-1300,JJ-4200,SL,9,1,1,0,
695885,AR-1300,RC-1500,DL,0,0,0,0,
695888,AR-1300,JJ-4200,SL,0,0,0,0,QD-0400
695892,KC-2350,JC-5680,SM,5,1,1,0,
695893,KC-2350,JC-5680,SL,0,0,0,0,QR-0100
695895,AR-1300,JJ-4200,SM,5,1,1,0,
695896,AR-1300,JS-6200,SM,6,1,1,0,
695897,AR-1300,RR-1050,SR,6,1,1,0,
695898,AR-1300,RR-1050,SR,5,1,1,0,
695899,AR-1300,RR-1050,SR,0,0,0,0,RK-0500
695900,AR-1300,JJ-4200,SR,8,1,1,0,
695901,AR-1300,DA-0212,DL,20,1,1,0,
695902,AR-1300,RC-1500,SR,0,0,0,0,
695903,AR-1300,DA-0212,SL,10,1,1,0,
695908,KC-2350,PG-0100,DM,21,1,1,0,
695911,KC-2350,CT-1220,SM,7,1,0,0,
695912,KC-2350,JC-5680,SR,6,1,0,0,
695913,KC-2350,JR-1150,SM,17,1,1,0,
695914,KC-2350,PG-0100,SR,0,0,0,0,
695915,KC-2350,JC-5680,SR,4,1,0,0,
695919,AR-1300,DA-0212,SR,9,1,1,0,
695921,AR-1300,JJ-4200,DL,0,0,0,0,
695922,AR-1300,JA-0050,SL,9,1,1,0,
695923,AR-1300,JK-2200,SR,6,1,1,0,
695924,AR-1300,RC-1500,DR,0,0,0,0,
695932,KC-2350,JR-1150,DL,0,0,0,0,
695934,KC-2350,RG-1650,DM,0,0,0,0,
695938,AR-1300,JJ-4200,SL,7,1,1,0,
695940,AR-1300,RC-1500,SM,15,1,1,0,
695950,KC-2350,CT-1220,SM,7,1,1,0,
695952,KC-2350,JR-1150,DM,22,1,1,0,
695954,KC-2350,DJ-0200,DR,0,0,0,0,DR-0450
695955,KC-2350,JR-1150,SL,0,0,0,0,
695961,AR-1300,JA-0050,SM,5,1,0,0,
695963,KC-2350,PG-0100,SR,5,1,1,0,
695964,KC-2350,CT-1220,SM,9,1,1,0,
695965,KC-2350,JR-1150,SM,0,0,0,0,
695966,KC-2350,JR-1150,SM,0,0,0,0,
695967,KC-2350,PG-0100,DM,0,0,0,0,LG-0950
695974,KC-2350,CT-1220,SR,38,1,1,0,
695975,KC-2350,CT-1220,SR,7,1,1,0,
695976,KC-2350,PG-0100,DR,19,1,1,0,
695977,KC-2350,JR-1150,SM,0,0,0,0,MH-4000
695978,KC-2350,CT-1220,SR,6,1,1,0,
695980,KC-2350,JR-1150,SM,6,1,0,0,
695984,KC-2350,DJ-0200,DR,0,0,0,0,
695985,KC-2350,JR-1150,SL,15,1,1,0,
695986,KC-2350,RR-1150,SM,2,1,0,0,
695987,KC-2350,JR-1150,SM,0,0,0,0,HC-0050
695989,KC-2350,CT-1220,SR,11,1,0,0,
695992,TB-2300,BL-0100,SR,0,1,0,0,
695993,TB-2300,JE-0100,SM,0,0,0,0,
695994,TB-2300,JE-0100,SL,11,1,1,0,
695995,TB-2300,JE-0100,SM,13,1,1,0,
695996,TB-2300,DA-0900,SL,16,1,1,0,
695997,TB-2300,BL-0100,SM,0,0,0,0,
695998,TB-2300,BL-0100,SR,-3,1,0,0,
695999,TB-2300,RG-2200,SM,32,1,1,0,
696000,TB-2300,JE-0100,SR,0,0,0,0,
696001,TB-2300,RG-2200,SL,3,1,0,0,
696002,TB-2300,RG-2200,SL,8,1,1,0,
696005,AS-1600,DH-1450,SR,10,1,1,0,
696006,AS-1600,AS-0900,SL,1,1,0,0,
696007,AS-1600,FH-0100,SR,2,1,0,0,
696008,AS-1600,JM-0200,SM,11,1,1,0,
696011,AS-1600,TK-0150,SM,5,1,1,0,
696012,AS-1600,CW-1450,SL,0,0,0,0,
696016,AS-1600,JA-2900,SL,0,0,0,0,
696019,AS-1600,TK-0150,DM,0,0,0,0,
696020,AS-1600,,NL,0,0,0,0,
696023,TB-2300,JE-0100,SR,3,1,0,0,
696024,TB-2300,DA-0900,SL,0,0,0,0,
696025,TB-2300,BL-0100,SL,9,1,1,0,
696027,TB-2300,JE-0100,SL,0,0,0,0,
696028,TB-2300,JE-0100,SM,0,0,0,0,
696031,AS-1600,CC-3950,SL,5,1,1,0,
696035,AS-1600,,NL,0,0,0,0,
696036,AS-1600,TK-0150,SM,0,0,0,0,
696038,TB-2300,JE-0100,SL,0,0,0,0,
696039,TB-2300,SJ-0200,SL,2,1,0,0,
696040,TB-2300,JW-2550,SM,0,0,0,0,
696042,AS-1600,TK-0150,SL,-2,1,0,0,
696043,AS-1600,JM-0200,DR,0,0,0,0,
696044,AS-1600,TK-0150,SR,1,1,0,0,
696046,TB-2300,JE-0100,SM,12,1,1,0,
696048,TB-2300,KM-0450,DR,42,1,1,0,
696050,TB-2300,RG-2200,SL,4,1,0,0,
696051,TB-2300,JE-0100,SR,6,1,1,0,
696052,TB-2300,DA-0900,SL,2,1,0,0,
696056,TB-2300,BB-2250,SR,-3,1,0,0,
696063,AS-1600,AW-1650,DL,0,0,0,0,
696065,AS-1600,JA-2900,DR,26,1,1,0,
696067,AS-1600,TK-0150,SM,6,1,1,0,
696069,AS-1600,,NL,0,0,0,1,
696070,AS-1600,TK-0150,SM,0,0,0,0,
696072,AS-1600,CC-3950,SL,0,0,0,0,
696078,AS-1600,AW-1650,SR,0,0,0,0,
696079,AS-1600,JM-0200,SR,12,1,1,0,
696081,AS-1600,CC-3950,SL,10,1,1,0,
696086,AS-1600,KD-0450,SL,9,1,0,0,
696087,TB-2300,RG-2200,SM,18,1,1,0,
696089,TB-2300,JE-0100,SL,14,1,1,0,
696090,TB-2300,JW-2550,SL,10,1,1,0,
696091,TB-2300,RG-2200,SL,16,1,1,0,
696094,AS-1600,CW-1450,SR,0,0,0,0,
696096,AS-1600,JA-2900,DL,26,1,1,0,
696098,AS-1600,TK-0150,SL,13,1,1,0,
696099,AS-1600,KD-0450,SR,4,1,1,0,
696103,AS-1600,AW-1650,SM,8,1,1,0,
696104,AS-1600,CC-3950,SL,0,0,0,0,JC-3518
696106,AS-1600,AW-1650,SR,10,1,1,0,
696109,TB-2300,JE-0100,SM,9,1,1,0,
696110,TB-2300,JW-2550,SL,29,1,1,0,
696112,TB-2300,JE-0100,SM,14,1,1,0,
696113,TB-2300,BL-0100,SR,0,0,0,0,MP-0950
696114,TB-2300,KM-0450,DL,0,0,0,0,
696115,TB-2300,KM-0450,SL,0,0,0,0,
696119,AS-1600,CC-3950,SR,0,1,0,0,
696123,TB-2300,KM-0450,SL,15,1,1,0,
696125,TB-2300,RG-2200,SR,2,1,0,0,
696126,TB-2300,JE-0100,SR,0,0,0,0,MP-0950
696129,AS-1600,CW-1450,SL,9,1,1,0,
696130,AS-1600,TK-0150,SR,0,1,0,0,
696131,AS-1600,AW-1650,SR,8,1,1,0,
696132,AS-1600,AW-1650,SM,12,1,1,0,
696134,AS-1600,AW-1650,SR,0,0,0,0,DH-2950
696135,AS-1600,CC-3950,DL,0,0,0,0,DM-1300
696136,AS-1600,AW-1650,DR,0,0,0,0,DH-1250
696137,TB-2300,JE-0100,SR,6,1,1,0,
696138,TB-2300,,NL,0,0,0,0,
696139,TB-2300,RG-2200,SR,0,0,0,0,
696142,AS-1600,AW-1650,DR,0,0,0,0,MB-5250
696143,AS-1600,CC-3950,SL,16,1,1,0,
696144,AS-1600,AW-1650,DR,0,0,0,0,
696145,AS-1600,CC-3950,SR,2,1,0,0,
696146,AS-1600,KD-0450,SL,0,0,0,0,
696147,AS-1600,JA-2900,SM,13,1,1,0,
696149,AS-1600,CW-1450,SM,6,1,1,0,
696152,AS-1600,AW-1650,SL,19,1,1,0,
696155,AS-1600,JA-2900,SR,4,1,0,0,
696157,AS-1600,CC-3950,SL,0,0,0,0,
696162,TB-2300,JE-0100,SR,12,1,1,0,
696168,CP-0500,LF-0200,SR,0,0,0,0,
696169,CP-0500,MF-0950,DM,0,0,0,0,SS-1300
696173,AR-1300,JA-0050,SR,0,0,0,0,
696174,AR-1300,JA-0050,DM,0,0,0,0,
696176,CP-0500,DJ-1325,SL,12,1,1,0,
696178,CP-0500,LF-0200,SR,6,1,1,0,
696180,CP-0500,JB-6950,SR,0,0,0,0,
696181,CP-0500,DJ-1325,SL,1,1,0,0,
696182,CP-0500,JN-0625,SL,8,1,0,0,
696185,CP-0500,DJ-1325,SR,5,1,0,0,
696186,CP-0500,MF-0950,SR,8,1,1,0,
696190,AR-1300,RR-1050,SM,5,1,0,0,
696191,AR-1300,RR-1050,SL,0,0,0,0,TJ-0950
696195,CP-0500,JB-6950,SM,0,0,0,0,CH-2250
696197,AR-1300,JS-6200,SM,3,1,0,0,
696200,AR-1300,RC-1500,SR,0,0,0,0,
696202,AR-1300,JS-6200,SL,6,1,1,0,
696205,AR-1300,JA-0050,SR,14,1,1,0,
696206,AR-1300,JS-6200,SR,-1,1,0,0,
696207,AR-1300,JJ-0775,DL,0,0,0,0,JB-3350
696208,AR-1300,JA-0050,SL,17,1,1,0,
696210,AR-1300,JJ-0775,SM,11,1,1,0,
696211,AR-1300,JA-0050,DR,0,0,0,0,
696215,AR-1300,JJ-0775,SR,0,0,0,0,
696218,CP-0500,DJ-1325,SM,0,0,0,0,
696219,CP-0500,JB-6950,DR,19,1,1,0,
696222,CP-0500,JB-6950,SL,15,1,0,0,
696225,AR-1300,JK-2200,SR,6,1,0,0,
696226,AR-1300,RR-1050,SR,11,1,1,0,
696228,AR-1300,JA-0050,SL,6,1,1,0,
696230,AR-1300,EL-0010,SM,4,1,0,0,
696231,AR-1300,JA-0050,SM,18,1,1,0,
696232,AR-1300,JJ-0775,DM,0,0,0,0,
696233,AR-1300,JJ-0775,SR,6,1,1,0,
696234,AR-1300,JJ-0775,SR,6,1,1,0,
696236,AR-1300,JJ-0775,SR,13,1,1,0,
696237,AR-1300,JS-6200,SR,-4,1,0,0,
696238,AR-1300,RR-1050,DR,0,0,0,0,
696239,AR-1300,JA-0050,DM,0,0,0,0,
696242,CP-0500,MF-0950,SM,0,0,0,0,HC-0050
696247,AR-1300,RR-1050,SM,15,1,1,0,
696248,AR-1300,JA-0050,SL,0,0,0,0,CC-0200
696250,CP-0500,JB-6950,DL,0,0,0,0,
696251,CP-0500,MF-0950,DR,0,0,0,0,
696252,AR-1300,EL-0010,SR,-2,1,0,0,
696256,AR-1300,,NL,0,0,0,0,
696257,AR-1300,JJ-0775,SR,8,1,1,0,
696260,CP-0500,LF-0200,SR,4,1,1,0,
696261,CP-0500,LF-0200,DR,32,1,1,0,
696263,CP-0500,DF-0550,SM,11,1,1,0,
696265,CP-0500,LF-0200,SM,19,1,1,0,
696267,CP-0500,DJ-1325,SM,5,1,0,0,
696269,CP-0500,DJ-1325,SM,0,0,0,0,
696270,CP-0500,DJ-1325,SL,0,0,0,0,
696275,AR-1300,JA-0050,DL,0,0,0,0,
696276,AR-1300,RR-1050,SL,3,1,0,0,
696278,CP-0500,LF-0200,DL,22,1,1,0,
696282,CP-0500,DJ-1325,SL,10,1,1,0,
696283,CP-0500,JB-6950,SL,18,1,1,0,
696284,CP-0500,JB-6950,SR,0,0,0,0,
696286,AR-1300,RR-1050,SL,11,1,1,0,
696290,AR-1300,JJ-4200,DM,0,0,0,0,
696291,AR-1300,RR-1050,SM,0,0,0,0,
696293,CP-0500,AE-0750,SL,0,0,0,0,
696294,CP-0500,JB-6950,DL,21,1,1,0,
696296,CP-0500,LF-0200,SL,13,1,1,0,
696298,CP-0500,DF-0550,SL,3,1,0,0,
696299,CP-0500,MF-0950,SM,9,1,1,0,
696302,CP-0500,JB-6950,SR,9,1,1,0,
696303,CP-0500,MF-0950,DR,0,0,0,0,SS-1300
696304,CP-0500,LF-0200,DR,0,0,0,0,
696305,CP-0500,DJ-1325,SM,10,1,1,0,
696306,CP-0500,MF-0950,SR,9,1,1,0,
696309,AR-1300,JK-2200,SM,4,1,1,0,
696311,AR-1300,JA-0050,SL,0,0,0,0,JP-4100
696312,AR-1300,JJ-4200,SR,0,0,0,0,
696314,CP-0500,LF-0200,SL,0,0,0,0,
696318,AR-1300,JA-0050,DL,0,0,0,0,
696320,AR-1300,JJ-0775,DL,0,0,0,0,JP-4100
696321,AR-1300,JJ-0775,DL,60,1,1,0,
696323,AR-1300,,NL,0,0,0,0,
696324,AR-1300,JJ-0775,DM,41,1,1,0,
696327,CP-0500,LF-0200,SL,75,1,1,0,
696328,CP-0500,LF-0200,SR,0,0,0,0,
696329,CP-0500,LF-0200,SM,5,1,1,0,
696338,RW-3850,ML-2500,SM,0,0,0,0,
696342,RW-3850,LW-1450,SR,22,1,1,0,
696345,RW-3850,FJ-0100,SR,10,1,0,0,
696348,CN-0500,GO-0100,SM,10,1,1,0,
696352,CN-0500,MT-1300,SL,0,0,0,0,
696354,CN-0500,JC-5400,SR,7,1,1,0,
696357,CN-0500,GO-0100,SR,27,1,1,0,
696360,CN-0500,ED-0400,SM,16,1,1,0,
696365,RW-3850,LW-1450,SL,0,0,0,0,
696366,CN-0500,CA-1175,SR,1,1,0,0,
696368,CN-0500,CB-3850,SR,0,0,0,0,RS-1000
696373,RW-3850,JK-0250,DL,0,0,0,0,
696376,CN-0500,CB-3850,DR,17,1,1,0,
696377,CN-0500,JC-5400,SR,5,1,1,0,
696382,CN-0500,CB-3850,SL,0,0,0,0,KC-0900
696383,CN-0500,GO-0100,DL,19,1,1,0,
696386,RW-3850,DB-0500,SL,7,1,1,0,
696388,RW-3850,DB-0500,DL,20,1,1,0,
696389,RW-3850,JK-0250,SR,9,1,1,0,
696391,RW-3850,TL-1025,SL,0,0,0,0,
696393,RW-3850,DB-0500,SL,3,1,1,0,
696395,RW-3850,FJ-0100,SL,0,0,0,0,DE-0500
696396,RW-3850,JK-0250,DL,0,0,0,0,
696397,RW-3850,TL-1025,SL,15,1,0,0,
696398,RW-3850,DB-0500,SL,4,1,0,0,
696404,RW-3850,LW-1450,SM,8,1,1,0,
696405,RW-3850,,NL,0,0,0,1,
696406,RW-3850,FJ-0100,SL,13,1,1,0,
696409,RW-3850,KS-1750,SL,7,1,1,0,
696410,RW-3850,DB-0500,SM,6,1,1,0,
696411,RW-3850,JK-0250,SL,9,1,1,0,
696412,RW-3850,JK-0250,SL,13,1,1,0,
696415,CN-0500,TG-0900,DL,0,0,0,0,
696417,CN-0500,GO-0100,SR,7,1,1,0,
696422,RW-3850,DB-0500,DL,0,0,0,0,
696423,RW-3850,CM-2280,SL,0,0,0,0,RM-1900
696425,RW-3850,JK-0250,SL,16,1,1,0,
696428,RW-3850,TL-1025,DR,33,1,1,0,
696432,CN-0500,DF-2200,SL,12,1,1,0,
696434,CN-0500,JC-5400,SL,10,1,1,0,
696436,CN-0500,CB-3850,SR,0,0,0,0,
696437,CN-0500,JC-5400,SL,0,0,0,0,MB-1900
696439,RW-3850,DB-0500,SR,0,0,0,0,
696440,RW-3850,JK-0250,SL,8,1,1,0,
696441,RW-3850,DB-0500,SR,0,0,0,0,
696443,RW-3850,JK-0250,DM,17,1,1,0,
696446,RW-3850,ML-2500,SL,11,1,0,0,
696450,CN-0500,ED-0400,SR,6,1,1,0,
696451,CN-0500,JS-6700,SM,5,1,1,0,
696453,CN-0500,GO-0100,SL,6,1,1,0,
696454,CN-0500,CB-3850,SR,5,1,1,0,
696458,RW-3850,JK-0250,DL,0,0,0,0,
696459,RW-3850,TL-1025,DR,27,1,1,0,
696460,RW-3850,JK-0250,SL,15,1,1,0,
696461,RW-3850,LW-1450,SR,10,1,1,0,
696462,RW-3850,JK-0250,SL,6,1,1,0,
696464,RW-3850,LW-1450,SL,0,0,0,0,
696465,RW-3850,ML-2500,SL,4,1,0,0,
696466,RW-3850,JK-0250,SR,3,1,1,0,
696470,CN-0500,GO-0100,SL,8,1,1,0,
696475,RW-3850,DB-0500,SM,13,1,1,0,
696476,RW-3850,JK-0250,SR,8,1,1,0,
696477,RW-3850,LW-1450,SL,14,1,1,0,
696478,RW-3850,DB-0500,DL,0,0,0,0,LK-0600
696479,RW-3850,JK-0250,SL,6,1,1,0,
696481,RW-3850,DB-0500,SR,13,1,1,0,
696482,RW-3850,DB-0500,SM,16,1,1,0,
696483,RW-3850,,NL,0,0,0,1,
696485,RW-3850,LW-1450,DM,0,0,0,0,
696486,RW-3850,JK-0250,DL,0,0,0,0,
696493,BR-1100,MW-1250,DL,0,0,0,0,
696495,BR-1100,MW-1250,SL,-2,1,0,0,
696497,PM-0200,DT-0900,SR,11,1,1,0,
696498,PM-0200,DT-0900,SR,0,0,0,0,
696500,PM-0200,CA-0750,SL,4,1,0,0,
696503,BR-1100,FT-0300,SM,-1,1,0,0,
696505,BR-1100,SC-0775,SR,37,1,1,0,
696507,BR-1100,MB-4550,SM,0,0,0,0,
696508,BR-1100,MW-1250,SR,8,1,0,0,
696509,BR-1100,MW-1250,DL,0,0,0,0,AT-0100
696510,PM-0200,OD-0100,SM,4,1,1,0,
696515,BR-1100,MB-4550,SR,0,0,0,0,
696517,BR-1100,SC-0775,DM,0,0,0,0,JB-8150
696521,PM-0200,JN-1900,SL,0,0,0,0,BB-2530
696525,BR-1100,MB-4550,DR,23,1,1,0,
696531,PM-0200,AC-0100,SM,0,0,0,0,WA-0100
696532,PM-0200,VG-0300,SL,11,1,1,0,
696533,PM-0200,DT-0900,SR,15,1,1,0,
696534,PM-0200,CL-0275,SM,12,1,1,0,
696535,PM-0200,DT-0900,DM,0,0,0,0,
696537,PM-0200,ES-0200,SM,0,0,0,0,
696541,BR-1100,DH-2800,DL,58,1,1,0,
696544,BR-1100,HM-0200,SM,0,0,0,0,
696549,PM-0200,CA-0750,SM,0,0,0,0,
696551,BR-1100,MS-3400,SR,1,1,0,0,
696555,PM-0200,ES-0200,SM,15,1,1,0,
696556,PM-0200,BF-0950,DR,0,0,0,0,
696557,PM-0200,BF-0950,SL,0,0,0,0,
696558,PM-0200,CA-0750,SL,7,1,0,0,
696559,PM-0200,ES-0200,SM,0,0,0,0,MM-3800
696560,BR-1100,FT-0300,SR,1,1,0,0,
696561,BR-1100,MB-4550,SR,7,1,1,0,
696567,PM-0200,OD-0100,SM,6,1,1,0,
696568,PM-0200,DT-0900,SL,10,1,1,0,
696569,PM-0200,BF-0950,SR,4,1,1,0,
696571,PM-0200,DT-0900,DL,0,0,0,0,
696572,PM-0200,JN-1900,SR,0,0,0,0,
696580,PM-0200,VG-0300,SR,3,1,0,0,
696581,PM-0200,AC-0100,SL,-1,1,0,0,
696583,BR-1100,MB-4550,SL,0,0,0,0,
696584,BR-1100,MB-4550,SL,52,1,1,0,
696585,BR-1100,HM-0200,SM,0,0,0,0,BM-0330
696586,BR-1100,MB-4550,SR,12,1,1,0,
696587,BR-1100,MB-4550,SL,0,0,0,0,CH-1500
696588,BR-1100,HM-0200,SM,5,1,0,0,
696589,BR-1100,MB-4550,SR,0,0,0,0,AT-0100
696592,PM-0200,ES-0200,DR,19,1,1,0,
696593,PM-0200,OD-0100,SL,0,0,0,0,JJ-4250
696595,PM-0200,DT-0900,DL,0,0,0,0,
696601,PM-0200,ES-0200,SL,10,1,1,0,
696602,PM-0200,JN-1900,SM,10,1,1,0,
696605,PM-0200,CL-0275,SR,6,1,0,0,
696606,PM-0200,JN-1900,DR,0,0,0,0,
696609,BR-1100,SC-0775,SM,24,1,1,0,
696610,BR-1100,MW-1250,SM,6,1,1,0,
696612,BR-1100,MW-1250,SM,5,1,1,0,
696616,BR-1100,MW-1250,SM,0,0,0,0,
696617,BR-1100,MB-4550,SM,10,1,0,0,
696620,PM-0200,ES-0200,SL,34,1,1,0,
696621,PM-0200,RH-2350,SR,0,0,0,0,
696623,PM-0200,DT-0900,SM,4,1,0,0,
696625,BR-1100,JJ-0725,SM,22,1,1,0,
696626,BR-1100,MW-1250,SM,13,1,1,0,
696627,BR-1100,DH-2800,SL,6,1,1,0,
696631,PM-0200,ES-0200,DM,0,0,0,0,WG-0500
696632,PM-0200,BF-0950,DM,31,1,1,0,
696637,PM-0200,ES-0200,SL,7,1,1,0,
696645,BR-1100,MB-4550,DL,18,1,1,0,
696646,BR-1100,MB-4550,SR,3,1,0,0,
696647,BR-1100,FT-0300,SM,2,1,0,0,
696648,BR-1100,MB-4550,SM,0,0,0,0,
696656,BR-1100,MB-4550,SR,7,1,1,0,
696657,BR-1100,MB-4550,DL,22,1,1,0,
696658,BR-1100,,NL,0,0,0,1,
696663,TB-2300,RG-2200,SL,5,1,1,0,
696664,TB-2300,JE-0100,SM,8,1,1,0,
696666,TB-2300,JE-0100,SL,0,0,0,0,
696667,TB-2300,RG-2200,SM,0,0,0,0,
696669,PM-0200,RH-2350,SL,0,0,0,0,
696670,PM-0200,VD-0100,DR,0,0,0,0,DM-1300
696671,PM-0200,ES-0200,SR,11,1,1,0,
696673,PM-0200,JN-1900,SR,13,1,1,0,
696678,PM-0200,AC-0100,SM,15,1,1,0,
696680,PM-0200,OD-0100,DM,21,1,1,0,
696683,TB-2300,JE-0100,SR,7,1,1,0,
696684,TB-2300,JE-0100,SR,0,0,0,0,DW-4250
696685,TB-2300,RG-2200,SR,0,0,0,0,
696687,PM-0200,DT-0900,SL,5,1,1,0,
696689,PM-0200,BF-0950,SR,0,0,0,0,JC-3518
696692,TB-2300,DA-0900,SM,6,1,0,0,
696697,TB-2300,BB-2250,SR,20,1,1,0,
696702,PM-0200,CA-0750,SR,3,1,0,0,
696703,PM-0200,ES-0200,DL,34,1,1,0,
696705,PM-0200,VG-0300,SL,0,0,0,0,DH-2950
696706,PM-0200,DT-0900,SR,0,0,0,0,
696708,TB-2300,JE-0100,SR,0,0,0,0,
696709,TB-2300,RG-2200,SR,0,0,0,0,
696710,PM-0200,ES-0200,DM,0,0,0,0,
696712,PM-0200,OD-0100,SR,12,1,1,0,
696715,TB-2300,BB-2250,DL,0,0,0,0,
696716,TB-2300,RG-2200,DR,19,1,1,0,
696719,TB-2300,DA-0900,SL,4,1,0,0,
696722,TB-2300,JW-2550,SR,11,1,1,0,
696724,TB-2300,JW-2550,SR,0,0,0,0,
696726,TB-2300,JE-0100,SR,0,0,0,0,
696727,TB-2300,JW-2550,SM,7,1,1,0,
696733,PM-0200,,NL,0,0,0,0,
696737,TB-2300,JW-2550,DL,0,0,0,0,
696740,PM-0200,DT-0900,SM,0,0,0,0,MB-5250
696745,TB-2300,KM-0450,SL,0,0,0,0,
696749,PM-0200,DT-0900,SR,7,1,1,0,
696750,PM-0200,CA-0750,SL,7,1,1,0,
696751,PM-0200,ES-0200,DL,0,0,0,0,
696752,PM-0200,DT-0900,SL,0,0,0,0,LR-0600
696761,TB-2300,RG-2200,SR,0,0,0,0,DT-1950
696762,TB-2300,RG-2200,SM,31,1,1,0,
696763,TB-2300,JE-0100,SL,6,1,1,0,
696764,TB-2300,DA-0900,SM,10,1,1,0,
696765,TB-2300,JW-2550,DR,0,0,0,0,JB-8150
696767,TB-2300,DA-0900,SM,0,0,0,0,CH-1500
696771,PM-0200,DT-0900,DR,0,0,0,0,
696773,PM-0200,CL-0275,SR,13,1,1,0,
696775,PM-0200,ES-0200,SL,7,1,1,0,
696780,TB-2300,JW-2550,SM,3,1,0,0,
696785,PM-0200,CA-0750,SM,8,1,0,0,
696787,TB-2300,DA-0900,SM,9,1,1,0,
696789,TB-2300,RG-2200,SM,12,1,1,0,
696790,TB-2300,JW-2550,SM,0,0,0,0,
696791,TB-2300,JE-0100,SR,0,0,0,0,
696794,PM-0200,JN-1900,SR,3,1,0,0,
696795,PM-0200,ES-0200,SR,6,1,1,0,
696799,PM-0200,ES-0200,SL,4,1,1,0,
696801,PM-0200,OD-0100,SM,0,0,0,0,
696802,PM-0200,JN-1900,SM,0,0,0,0,
696805,TB-2300,DA-0900,SR,0,0,0,0,AT-0100
696806,TB-2300,JE-0100,SL,8,1,1,0,
696808,TB-2300,BB-2250,SL,9,1,1,0,
696809,TB-2300,RG-2200,DR,0,0,0,0,
696810,TB-2300,JW-2550,DR,0,0,0,0,
696811,TB-2300,JE-0100,DM,19,1,1,0,
696813,TB-2300,JW-2550,DR,0,0,0,0,
696814,TB-2300,DA-0900,SM,10,1,0,0,
696815,TB-2300,JE-0100,SL,-1,1,0,0,
696817,PM-0200,DT-0900,SR,0,0,0,0,
696819,PM-0200,RH-2350,SM,7,1,0,0,
696821,TB-2300,JW-2550,SL,0,0,0,0,
696822,TB-2300,JW-2550,SR,15,1,1,0,
696823,TB-2300,RG-2200,DM,28,1,1,0,
696824,TB-2300,RG-2200,SR,5,1,1,0,
696826,TB-2300,JW-2550,SR,9,1,1,0,
696827,TB-2300,JW-2550,SL,0,0,0,0,
696829,TB-2300,DA-0900,SM,0,0,0,0,KW-0850
696830,TB-2300,RG-2200,SM,0,0,0,0,AT-0100
696833,PM-0200,ES-0200,DL,0,0,0,0,MB-5250
696835,TB-2300,JW-2550,DL,0,0,0,0,BM-0330
696836,TB-2300,JW-2550,SR,0,0,0,0,
696837,TB-2300,RG-2200,SR,0,0,0,0,
696838,TB-2300,RG-2200,DM,40,1,1,0,
696839,TB-2300,JW-2550,SM,0,0,0,0,
696840,TB-2300,JE-0100,SL,6,1,1,0,
696841,TB-2300,JE-0100,SM,0,0,0,0,
696842,TB-2300,RG-2200,SM,4,1,1,0,
696849,CP-0500,MF-0950,SR,0,0,0,0,
696852,CN-0500,CB-3850,SL,14,1,1,0,
696854,CN-0500,TG-0900,SL,13,1,1,0,
696855,CN-0500,JS-6700,SL,3,1,0,0,
696856,CN-0500,JC-5400,SR,5,1,1,0,
696857,CN-0500,GO-0100,SR,0,0,0,0,TJ-0950
696861,CP-0500,JB-6750,DR,0,0,0,0,RM-1900
696862,CP-0500,DF-0550,SM,0,0,0,0,
696863,CP-0500,DJ-1325,SM,16,1,1,0,
696865,CP-0500,JN-0625,DR,0,0,0,0,
696866,CP-0500,MF-0950,SR,0,0,0,0,
696868,CN-0500,JS-6700,SL,2,1,0,0,
696870,CN-0500,GO-0100,SL,12,1,1,0,
696876,CP-0500,JB-6750,SR,11,1,1,0,
696877,CP-0500,LF-0200,SR,8,1,1,0,
696880,LF-0200,JB-6750,SR,0,0,0,0,
696881,CP-0500,JB-6750,SR,0,0,0,0,JN-1750
696883,CN-0500,CB-3850,DR,0,0,0,0,
696885,CN-0500,CB-3850,DL,86,1,1,0,
696888,CP-0500,LF-0200,SL,2,1,0,0,
696890,CP-0500,DJ-1325,SR,4,1,1,0,
696893,CP-0500,AE-0750,SR,0,0,0,0,
696895,CN-0500,GO-0100,SM,0,0,0,0,
696897,CN-0500,DF-2200,DR,0,0,0,0,
696900,CP-0500,DJ-1325,SR,5,1,0,0,
696901,CP-0500,JN-0625,SR,15,1,1,0,
696906,CP-0500,DF-0550,SM,15,1,1,0,
696907,CP-0500,JN-0625,SR,10,1,1,0,
696913,CN-0500,CB-3850,SR,0,0,0,0,JB-3350
696914,CN-0500,FW-0750,DR,0,0,0,0,
696926,CN-0500,ED-0400,DR,0,0,0,0,
696927,CP-0500,JB-6750,DM,0,0,0,0,
696931,CN-0500,JC-5400,SM,12,1,1,0,
696935,CN-0500,GO-0100,DM,29,1,1,0,
696936,CN-0500,CB-3850,SL,7,1,1,0,
696938,CN-0500,MT-1300,SR,14,1,1,0,
696941,CN-0500,GO-0100,SM,14,1,0,0,
696945,CP-0500,DJ-1325,SR,6,1,1,0,
696946,CP-0500,LF-0200,SL,0,0,0,0,SL-0950
696949,CN-0500,TG-0900,DL,39,1,1,0,
696951,CN-0500,DF-2200,SL,16,1,1,0,
696952,CN-0500,GO-0100,SL,0,1,0,0,
696953,CN-0500,ED-0400,DR,0,0,0,0,
696958,CP-0500,DJ-1325,SR,8,1,1,0,
696959,CP-0500,LF-0200,SR,0,0,0,0,
696960,CP-0500,LF-0200,SR,7,1,1,0,
696961,CP-0500,JB-6750,SR,12,1,1,0,
696962,CP-0500,JB-6750,SR,16,1,1,0,
696964,CP-0500,DJ-1325,SL,8,1,1,0,
696965,CP-0500,DF-0550,SR,0,0,0,0,
696966,CP-0500,DJ-1325,SL,8,1,1,0,
696967,CP-0500,DF-0550,DM,21,1,1,0,
696971,CN-0500,CB-3850,SR,0,0,0,0,
696972,CN-0500,GO-0100,SL,4,1,0,0,
696974,CP-0500,DJ-1325,SR,5,1,1,0,
696975,CP-0500,MF-0950,SR,10,1,1,0,
696976,CP-0500,MF-0950,DL,0,0,0,0,JN-1750
696977,CP-0500,LF-0200,DL,0,0,0,0,RM-1900
696979,CP-0500,JB-6750,DL,0,0,0,0,
696980,CN-0500,CB-3850,SL,6,1,1,0,
696982,CN-0500,GO-0100,DM,54,1,1,0,
696989,CN-0500,DF-2200,SL,5,1,1,0,
696993,CP-0500,JB-6750,SM,0,0,0,0,
696996,CP-0500,LF-0200,SR,13,1,1,0,
696997,CP-0500,MF-0950,SM,0,0,0,0,
697004,CP-0500,MF-0950,DR,0,0,0,0,
697005,CP-0500,DJ-1325,SR,8,1,1,0,
697007,CP-0500,MF-0950,SR,12,1,1,0,
697008,CP-0500,MF-0950,SR,15,1,1,0,
697010,PM-0200,OD-0100,SM,18,1,1,0,
697011,PM-0200,ES-0200,SL,6,1,1,0,
697012,PM-0200,OD-0100,SL,0,0,0,0,
697013,PM-0200,AC-0100,DR,22,1,1,0,
697017,PM-0200,RH-2350,SR,0,0,0,0,RM-1900
697018,PM-0200,CA-0750,SR,1,1,0,0,
697022,CN-0500,CB-3850,SL,0,0,0,0,
697023,CN-0500,GO-0100,SR,7,1,0,0,
697025,PM-0200,ES-0200,SL,7,1,1,0,
697027,PM-0200,CA-0750,SL,0,1,0,0,
697029,CN-0500,JC-5400,DM,0,0,0,0,DS-4300
697036,CN-0500,TG-0900,SR,0,0,0,0,
697039,CN-0500,CB-3850,SR,5,1,0,0,
697040,CN-0500,JC-5400,SM,0,0,0,0,BR-1050
697042,PM-0200,ES-0200,SL,7,1,1,0,
697047,CN-0500,CB-3850,DR,20,1,1,0,
697048,CN-0500,JS-6700,SL,-1,1,0,0,
697053,CN-0500,GO-0100,SL,19,1,1,0,
697054,CN-0500,CB-3850,SL,13,1,1,0,
697059,PM-0200,JN-1900,DL,0,0,0,0,JN-1750
697060,PM-0200,DT-0900,SM,0,0,0,0,LK-0600
697065,CN-0500,GO-0100,SM,0,0,0,0,DS-4300
697067,PM-0200,CA-0750,SR,7,1,1,0,
697073,CN-0500,JS-6700,SL,0,0,0,0,
697076,PM-0200,DT-0900,SR,0,0,0,0,
697080,PM-0200,ES-0200,SL,0,0,0,0,
697081,CN-0500,GO-0100,SR,0,0,0,0,
697083,CN-0500,CB-3850,DM,0,0,0,0,BR-1050
697085,PM-0200,DT-0900,SL,8,1,1,0,
697087,PM-0200,DT-0900,SL,0,0,0,0,
697091,CN-0500,TG-0900,SL,0,0,0,0,
697092,CN-0500,DF-2200,DM,24,1,1,0,
697093,CN-0500,CB-3850,SR,0,0,0,0,AT-0100
697094,CN-0500,GO-0100,SR,8,1,1,0,
697096,CN-0500,GO-0100,DR,0,0,0,0,
697100,CN-0500,TG-0900,DM,45,1,1,0,
697101,CN-0500,,NL,0,0,0,0,
697104,CN-0500,TG-0900,SR,14,1,1,0,
697106,CN-0500,JC-5400,DR,0,0,0,0,VM-0300
697107,CN-0500,GO-0100,SR,0,0,0,0,
697109,PM-0200,ES-0200,DR,25,1,1,0,
697111,PM-0200,ES-0200,SR,22,1,1,0,
697114,PM-0200,DT-0900,SM,0,0,0,0,
697115,PM-0200,ES-0200,SR,0,0,0,0,RM-1900
697118,CN-0500,CB-3850,DM,42,1,1,0,
697119,CN-0500,TG-0900,SL,4,1,1,0,
697121,CN-0500,MT-1300,SR,0,0,0,0,
697122,CN-0500,TG-0900,DM,0,0,0,0,
697129,CN-0500,TG-0900,SL,11,1,1,0,
697130,CN-0500,TG-0900,SL,0,0,0,0,
697132,CN-0500,GO-0100,SR,7,1,0,0,
697136,PM-0200,ES-0200,SR,16,1,1,0,
697140,CN-0500,DF-2200,SR,16,1,1,0,
697145,CN-0500,TG-0900,SL,0,0,0,0,BR-1050
697148,PM-0200,CA-0750,SR,2,1,0,0,
697150,PM-0200,DT-0900,SR,0,0,0,0,JN-1750
697154,CN-0500,GO-0100,SL,0,0,0,0,SW-1750
697155,CN-0500,JC-5400,SL,11,1,0,0,
697162,CN-0500,DF-2200,SL,0,0,0,0,
697170,CN-0500,DF-2200,DM,0,0,0,0,AT-0100
697172,CN-0500,DF-2200,SR,0,0,0,0,
697178,CN-0500,JC-5400,SL,6,1,1,0,
697179,CN-0500,TG-0900,DL,0,0,0,0,
697180,CN-0500,FW-0750,SL,6,1,1,0,
