uid,pid,tck,value
457132,692685,CB-4770,0.5
457133,692685,JH-5900,0.5
457134,692688,LM-1100,1
457135,692691,CP-0100,1
457136,692694,JH-5900,1
457137,692695,CG-1700,1
457138,692696,MD-0100,0.5
457139,692696,CB-4770,0.5
457140,692697,AT-0230,0.5
457141,692697,CG-1700,0.5
457142,692701,EH-0600,1
457143,692702,MW-1800,0.5
457144,692702,LW-1350,0.5
457145,692709,DH-1400,1
457146,692710,DH-1850,0.5
457147,692710,DD-0250,0.5
457148,692714,DW-3950,1
457149,692716,MB-5300,0.5
457150,692716,CG-1700,0.5
457151,692719,MW-1800,0.5
457152,692719,DH-1850,0.5
457153,692720,MW-1800,0.5
457154,692720,EH-0600,0.5
457155,692721,MG-0600,1
457156,692722,EH-0600,1
457157,692725,SR-0670,1
457158,692726,SB-0900,0.5
457159,692726,SR-0670,0.5
457160,692727,MG-0600,1
457161,692729,DH-1400,0.5
457162,692729,EH-0600,0.5
457163,692733,CG-1700,1
457164,692739,DH-1400,1
457165,692742,LM-1100,1
457166,692743,ML-0500,1
457167,692747,SR-0670,1
457168,692748,LW-1350,0.5
457169,692748,EH-0600,0.5
457170,692749,MW-2250,0.5
457171,692749,CP-2600,0.5
457172,692750,DH-1850,1
457173,692751,DR-1100,1
457174,692752,EH-0600,1
457175,692754,BS-2300,1
457176,692755,EH-0600,1
457177,692756,DH-1400,1
457178,692757,LM-0550,1
457179,692760,SR-0670,1
457180,692761,DH-1400,1
457181,692762,LW-1350,0.5
457182,692762,MW-2250,0.5
457183,692765,CB-4770,1
457184,692768,DH-1850,0.5
457185,692768,LW-1350,0.5
457186,692769,DH-1850,1
457187,692770,MD-0100,0.5
457188,692770,JH-5900,0.5
457189,692775,MW-1800,0.5
457190,692775,DH-1400,0.5
457191,692776,DR-1100,1
457192,692777,EH-0600,1
457193,692778,DR-1100,1
457194,692779,MW-2250,1
457195,692781,DR-1100,1
457196,692782,DH-1850,0.5
457197,692782,DH-1400,0.5
457198,692783,SB-0900,1
457199,692785,DR-1100,0.5
457200,692785,MG-0600,0.5
457201,692786,MW-1800,0.5
457202,692786,EH-0600,0.5
457203,692787,SB-0900,1
457204,692791,LM-1100,1
457205,692792,MD-0100,1
457206,692793,LM-1100,1
457207,692794,CB-4770,0.5
457208,692794,IE-0200,0.5
457209,692796,MB-5300,0.5
457210,692796,NR-0350,0.5
457211,692804,DH-1400,0.5
457212,692804,CP-0100,0.5
457213,692808,BR-0150,1
457214,692809,NR-0350,1
457215,692811,PB-0750,1
457216,692812,MW-2300,1
457217,692814,CB-4770,0.5
457218,692814,BR-0150,0.5
457219,692815,PB-0750,1
457220,692818,DH-1400,1
457221,692820,DH-1400,1
457222,692821,LW-1350,0.5
457223,692821,DH-1400,0.5
457224,692823,DR-1100,1
457225,692824,EH-0600,1
457226,692825,SR-0670,1
457227,692826,DH-1400,1
457228,692827,DH-1850,0.5
457229,692827,EH-0600,0.5
457230,692828,DH-1850,0.5
457231,692828,LW-1350,0.5
457232,692832,LM-1100,1
457233,692833,SC-0550,0.5
457234,692833,PB-0750,0.5
457235,692835,BR-0150,1
457236,692836,ML-0500,1
457237,692837,PB-0750,0.5
457238,692837,NR-0350,0.5
457239,692839,SR-0670,0.5
457240,692839,DD-0250,0.5
457241,692840,DD-0250,1
457242,692841,MG-0600,1
457243,692843,CG-1700,1
457244,692848,PC-0300,1
457245,692849,AB-2700,1
457246,692853,MT-0850,1
457247,692854,KS-0800,1
457248,692855,NH-1225,1
457249,692857,DM-1300,1
457250,692858,AH-3050,0.5
457251,692858,PC-0300,0.5
457252,692860,DM-1300,1
457253,692861,JM-1900,1
457254,692862,AB-2700,1
457255,692863,MB-3875,1
457256,692865,LR-0600,1
457257,692869,BM-0800,1
457258,692870,OV-0200,1
457259,692871,DS-1760,1
457260,692872,NH-1225,0.5
457261,692872,MT-0850,0.5
457262,692873,RJ-2000,1
457263,692874,RJ-2000,1
457264,692876,MB-5250,1
457265,692878,DM-1300,1
457266,692880,MB-3875,1
457267,692882,LR-0600,1
457268,692883,PC-0300,1
457269,692884,LJ-1150,1
457270,692885,AH-3050,0.5
457271,692885,JR-2150,0.5
457272,692886,JC-3550,1
457273,692889,DM-2950,0.5
457274,692889,NH-1225,0.5
457275,692891,NS-0800,1
457276,692892,JP-2850,1
457277,692893,RJ-2000,1
457278,692894,MT-0850,1
457279,692896,BM-0800,1
457280,692897,SG-0350,0.5
457281,692897,BM-0800,0.5
457282,692898,BG-2100,1
457283,692899,NS-0800,0.5
457284,692899,OV-0200,0.5
457285,692903,JM-1900,1
457286,692904,AB-2700,1
457287,692905,PC-0300,1
457288,692907,OV-0200,0.5
457289,692907,KS-0800,0.5
457290,692909,NH-1225,1
457291,692910,DS-1760,1
457292,692913,DS-1760,1
457293,692914,KS-0800,1
457294,692915,OV-0200,1
457295,692917,RN-1100,1
457296,692919,JM-1900,1
457297,692921,LJ-1150,1
457298,692929,MT-0850,1
457299,692930,DC-2837,1
457300,692931,TL-1012,1
457301,692936,MB-3875,1
457302,692937,AB-2700,1
457303,692945,RN-1100,1
457304,692946,DH-1250,0.5
457305,692946,LR-0600,0.5
457306,692947,MB-3875,1
457307,692948,JM-1900,1
457308,692953,NH-1225,1
457309,692956,MT-0850,1
457310,692960,MB-3875,1
457311,692961,JC-3550,1
457312,692962,DM-1300,1
457313,692963,JC-3550,1
457314,692965,JM-1900,1
457315,692966,MB-5250,1
457316,692967,AB-2700,0.5
457317,692967,JC-3550,0.5
457318,692968,KS-0800,1
457319,692971,MT-0850,1
457320,692973,MB-5250,1
457321,692974,LJ-1150,1
457322,692975,RN-1100,1
457323,692977,RN-1100,0.5
457324,692977,AH-3050,0.5
457325,692981,NH-1225,1
457326,692982,JP-2850,1
457327,692983,KS-0800,1
457328,692985,OV-0200,1
457329,692986,RJ-2000,1
457330,692988,DF-0950,0.5
457331,692988,PC-0300,0.5
457332,692989,JM-1900,1
457333,692990,MB-5250,1
457334,692991,DM-1300,1
457335,692992,RN-1100,1
457336,692997,DS-1760,1
457337,693002,MB-3875,0.5
457338,693002,JS-2100,0.5
457339,693003,AH-3050,1
457340,693004,DM-1300,1
457341,693005,JC-3550,1
457342,693006,DM-1300,1
457343,693007,PC-0300,1
457344,693008,JC-3550,1
457345,693009,AH-3050,0.5
457346,693009,JS-2100,0.5
457347,693013,TL-1012,1
457348,693019,RH-0150,1
457349,693020,CG-1400,1
457350,693022,KB-1100,0.5
457351,693022,RH-0150,0.5
457352,693023,PW-1400,1
457353,693025,SA-1150,1
457354,693026,SA-1150,1
457355,693027,KW-1400,0.5
457356,693027,DH-2000,0.5
457357,693028,BB-3400,1
457358,693029,SA-1150,1
457359,693031,KV-0050,1
457360,693032,JS-0500,1
457361,693033,KW-1400,0.5
457362,693033,BB-3400,0.5
457363,693034,SA-1150,1
457364,693038,JD-3300,1
457365,693039,RA-0650,1
457366,693040,JB-0200,1
457367,693041,CG-1400,1
457368,693042,PW-1400,0.5
457369,693042,RA-0675,0.5
457370,693046,RA-0675,1
457371,693050,RH-3300,1
457372,693052,BB-3400,1
457373,693053,KV-0050,1
457374,693055,SA-1150,1
457375,693056,HK-0100,1
457376,693060,JD-3300,0.5
457377,693060,BR-0200,0.5
457378,693062,JD-3300,0.5
457379,693062,KI-0150,0.5
457380,693064,AC-1500,1
457381,693066,RA-0650,1
457382,693067,KI-0150,1
457383,693071,KV-0050,1
457384,693073,JS-0500,1
457385,693074,BB-3400,1
457386,693075,TD-0850,1
457387,693076,RH-3300,0.5
457388,693076,KV-0050,0.5
457389,693079,DT-1970,1
457390,693080,RA-0650,1
457391,693081,KI-0150,1
457392,693082,CG-1400,1
457393,693083,KB-1100,1
457394,693084,CG-1400,1
457395,693085,RA-0650,1
457396,693086,BB-3400,1
457397,693087,RH-3300,1
457398,693089,KW-2100,1
457399,693092,JJ-1650,0.5
457400,693092,CJ-2400,0.5
457401,693093,KW-2100,1
457402,693094,RH-3300,1
457403,693100,RH-3300,0.5
457404,693100,BD-0950,0.5
457405,693101,CJ-2400,1
457406,693102,BR-0350,1
457407,693103,BD-0950,1
457408,693107,BR-0350,1
457409,693111,OS-0400,1
457410,693112,CG-1400,1
457411,693113,PW-1400,1
457412,693114,TJ-0600,0.5
457413,693114,PW-1400,0.5
457414,693115,BR-0200,1
457415,693116,PW-1400,1
457416,693118,PW-1400,1
457417,693119,JD-3300,1
457418,693125,CO-1200,0.5
457419,693125,BD-0950,0.5
457420,693126,BB-3400,1
457421,693127,RH-3300,1
457422,693128,BD-0950,1
457423,693130,BD-0950,1
457424,693133,KV-0050,1
457425,693134,CJ-2400,1
457426,693135,BB-3400,1
457427,693136,KW-2100,0.5
457428,693136,KV-0050,0.5
457429,693137,JJ-1650,1
457430,693140,JD-3300,0.5
457431,693140,PW-1400,0.5
457432,693141,PW-1400,1
457433,693142,BR-0200,1
457434,693144,RA-0650,1
457435,693145,JB-0200,1
457436,693146,DT-1970,1
457437,693147,RA-0650,1
457438,693148,DT-1970,1
457439,693149,KB-1100,0.5
457440,693149,JM-2050,0.5
457441,693150,OS-0400,0.5
457442,693150,KI-0150,0.5
457443,693151,KI-0150,1
457444,693152,OS-0400,1
457445,693153,CG-1400,1
457446,693154,BD-0950,1
457447,693156,KW-1400,0.5
457448,693156,TD-0850,0.5
457449,693157,DH-2000,1
457450,693158,BR-0350,0.5
457451,693158,BB-3400,0.5
457452,693160,KW-2100,1
457453,693163,NS-0750,1
457454,693167,OS-0400,1
457455,693168,TJ-0600,0.5
457456,693168,KI-0150,0.5
457457,693169,RA-0650,1
457458,693174,CU-0050,1
457459,693175,CM-3250,1
457460,693177,LW-0700,0.5
457461,693177,KL-0800,0.5
457462,693181,MJ-1800,0.5
457463,693181,VB-0350,0.5
457464,693182,VB-0350,1
457465,693183,GI-1300,0.5
457466,693183,RN-0300,0.5
457467,693184,VB-0350,1
457468,693185,VB-0350,1
457469,693188,TJ-1025,1
457470,693189,LW-0700,1
457471,693190,KL-0800,1
457472,693191,CM-3250,0.5
457473,693191,KA-1000,0.5
457474,693192,LG-1000,1
457475,693195,CM-3250,0.5
457476,693195,DS-2700,0.5
457477,693198,VR-0200,1
457478,693199,LH-0300,1
457479,693201,CD-2200,1
457480,693202,LH-0300,1
457481,693208,TJ-1025,0.5
457482,693208,BW-2020,0.5
457483,693209,TJ-1025,1
457484,693212,CD-2200,0.5
457485,693212,VB-0350,0.5
457486,693213,SW-1550,0.5
457487,693213,RN-0300,0.5
457488,693214,SW-1550,1
457489,693215,AH-1800,0.5
457490,693215,RM-1600,0.5
457491,693216,GA-0400,1
457492,693221,JS-4300,1
457493,693222,BW-2020,1
457494,693226,CM-3250,0.5
457495,693226,WH-0750,0.5
457496,693231,RN-0300,1
457497,693232,RN-0300,1
457498,693233,RM-1600,0.5
457499,693233,VB-0350,0.5
457500,693234,RM-1600,1
457501,693235,WG-0600,0.5
457502,693235,RN-0300,0.5
457503,693236,DP-0900,0.5
457504,693236,RN-0300,0.5
457505,693241,CU-0050,1
457506,693242,KA-1000,1
457507,693245,CM-3250,1
457508,693246,SW-2300,1
457509,693247,CM-3250,0.5
457510,693247,DS-2700,0.5
457511,693252,GA-0400,1
457512,693253,GI-1300,1
457513,693254,VR-0200,0.5
457514,693254,LH-0300,0.5
457515,693255,VB-0350,1
457516,693256,LH-0300,1
457517,693258,VB-0350,1
457518,693259,VR-0200,1
457519,693263,RN-0300,1
457520,693264,DP-0900,0.5
457521,693264,RM-1600,0.5
457522,693266,TJ-1025,0.5
457523,693266,LG-1000,0.5
457524,693267,ED-1000,1
457525,693268,BW-2020,1
457526,693269,SW-2300,1
457527,693273,BT-0650,1
457528,693275,GI-1300,1
457529,693277,VB-0350,1
457530,693282,CM-3250,1
457531,693284,CM-3250,0.5
457532,693284,KA-1000,0.5
457533,693289,CL-0950,1
457534,693290,DK-0750,1
457535,693291,MJ-1800,0.5
457536,693291,VB-0350,0.5
457537,693294,RN-0300,1
457538,693295,VB-0350,1
457539,693299,BU-0150,0.5
457540,693299,ZS-0075,0.5
457541,693301,SW-2300,1
457542,693302,ED-1000,0.5
457543,693302,BT-0950,0.5
457544,693304,VB-0350,1
457545,693305,CD-2200,1
457546,693307,SW-1550,1
457547,693308,RM-1600,1
457548,693309,RM-1600,1
457549,693312,LG-1000,1
457550,693313,ED-1000,1
457551,693314,ZO-0100,1
457552,693317,CD-2200,1
457553,693321,BW-2020,0.5
457554,693321,BU-0150,0.5
457555,693323,SW-2300,1
457556,693324,CM-3250,0.5
457557,693324,KL-0800,0.5
457558,693325,CM-3250,0.5
457559,693325,DS-2700,0.5
457560,693326,BU-0150,0.5
457561,693326,CM-3250,0.5
457562,693331,CL-0950,1
457563,693332,SW-1550,1
457564,693333,RN-0300,1
457565,693334,DK-0750,1
457566,693335,SW-1550,1
457567,693336,CL-0950,1
457568,693337,RN-0300,1
457569,693342,TJ-1025,0.5
457570,693342,CU-0050,0.5
457571,693343,CU-0050,1
457572,693344,TJ-1025,1
457573,693351,PD-0450,1
457574,693353,KW-1550,1
457575,693354,RS-2800,1
457576,693355,KD-0100,1
457577,693356,LT-0400,1
457578,693357,LT-0400,1
457579,693359,WA-0100,1
457580,693361,JH-5950,0.5
457581,693361,DS-1850,0.5
457582,693362,JP-4150,1
457583,693363,KD-0100,1
457584,693364,JP-4150,1
457585,693365,PD-0450,1
457586,693366,PD-0450,1
457587,693367,CK-0850,1
457588,693371,WA-0100,1
457589,693372,AB-1950,1
457590,693375,AM-2300,1
457591,693379,BB-2530,1
457592,693380,MM-3800,1
457593,693381,WG-0500,1
457594,693386,CR-1150,1
457595,693387,CR-1150,1
457596,693388,KD-0100,0.5
457597,693388,NO-0300,0.5
457598,693390,TG-0950,1
457599,693391,TG-0950,1
457600,693393,JH-5950,1
457601,693394,KW-1550,1
457602,693396,WA-0100,1
457603,693398,AM-2300,1
457604,693399,WA-0100,1
457605,693400,AM-2300,1
457606,693401,RS-0962,0.5
457607,693401,LT-0400,0.5
457608,693404,CR-1150,1
457609,693405,KD-0100,0.5
457610,693405,CK-0850,0.5
457611,693408,LT-0400,1
457612,693409,CH-3100,1
457613,693410,RS-0962,0.5
457614,693410,LT-0400,0.5
457615,693411,AB-1950,1
457616,693412,RS-0962,0.5
457617,693412,MM-3800,0.5
457618,693413,JH-2100,1
457619,693422,DW-2600,1
457620,693423,KW-1550,1
457621,693424,TG-0950,1
457622,693429,RS-0962,1
457623,693430,BB-2530,1
457624,693433,AB-1950,1
457625,693440,BD-1200,1
457626,693443,CJ-1150,1
457627,693445,AM-2300,1
457628,693448,CJ-1150,1
457629,693451,PD-0450,1
457630,693452,KD-0100,1
457631,693457,MM-3800,1
457632,693458,SM-2200,1
457633,693459,WA-0100,1
457634,693460,VW-0250,1
457635,693461,LT-0400,1
457636,693462,MM-3800,1
457637,693463,WG-0500,1
457638,693464,ST-1150,0.5
457639,693464,RC-1550,0.5
457640,693465,ST-1150,1
457641,693467,RS-0962,1
457642,693468,LT-0400,1
457643,693469,BB-2530,1
457644,693471,VW-0250,1
457645,693472,BD-1200,1
457646,693476,KW-1550,1
457647,693477,PD-0450,1
457648,693478,KD-0100,1
457649,693479,NO-0300,1
457650,693484,JH-2100,0.5
457651,693484,MM-3800,0.5
457652,693490,RS-2800,1
457653,693491,KD-0100,1
457654,693492,DB-5200,1
457655,693498,WA-0100,1
457656,693500,SS-2450,1
457657,693503,BB-2530,1
457658,693507,NO-0300,1
457659,693508,JP-4150,1
457660,693509,JM-3950,0.5
457661,693509,CJ-1150,0.5
457662,693513,WG-0500,1
457663,693516,RS-0962,1
457664,693518,AM-2300,1
457665,693522,JW-1100,0.5
457666,693522,VW-0200,0.5
457667,693527,RM-4200,1
457668,693530,BC-3100,1
457669,693531,VW-0200,0.5
457670,693531,JC-5630,0.5
457671,693534,KJ-0650,1
457672,693536,BC-3100,0.5
457673,693536,KJ-0650,0.5
457674,693538,DS-2200,0.5
457675,693538,HP-0200,0.5
457676,693539,DH-4000,1
457677,693540,DS-2200,0.5
457678,693540,JC-6400,0.5
457679,693541,JE-1200,1
457680,693542,PP-0800,1
457681,693548,JS-3250,1
457682,693552,DH-4000,0.5
457683,693552,JE-1200,0.5
457684,693553,PP-0800,0.5
457685,693553,JC-6400,0.5
457686,693554,DH-4000,1
457687,693555,AB-2730,0.5
457688,693555,JC-6400,0.5
457689,693558,JE-1200,1
457690,693559,AC-2250,1
457691,693561,RM-4200,0.5
457692,693561,DG-2450,0.5
457693,693565,BC-3100,0.5
457694,693565,BM-1450,0.5
457695,693566,QD-0100,1
457696,693567,JS-3250,0.5
457697,693567,QD-0100,0.5
457698,693568,BM-1450,1
457699,693569,JW-1100,1
457700,693570,KJ-0100,1
457701,693574,HP-0200,1
457702,693575,RM-4200,0.5
457703,693575,JC-6400,0.5
457704,693578,JW-1100,0.5
457705,693578,WM-0550,0.5
457706,693579,BC-3100,1
457707,693581,JC-6400,1
457708,693582,JC-6400,1
457709,693583,PP-0800,1
457710,693589,AH-0250,1
457711,693591,JS-3250,0.5
457712,693591,AH-0250,0.5
457713,693594,DH-4000,0.5
457714,693594,JC-6400,0.5
457715,693596,AC-2250,1
457716,693598,PP-0800,0.5
457717,693598,JE-1200,0.5
457718,693603,AC-2250,1
457719,693604,PP-0800,0.5
457720,693604,AC-2250,0.5
457721,693606,JE-1200,1
457722,693614,DS-2200,0.5
457723,693614,JC-6400,0.5
457724,693616,RM-4200,0.5
457725,693616,JO-0300,0.5
457726,693618,HP-0200,0.5
457727,693618,JC-6400,0.5
457728,693619,RD-0650,0.5
457729,693619,JE-1200,0.5
457730,693621,QD-0100,1
457731,693622,JW-1100,1
457732,693623,KJ-0650,1
457733,693626,TA-0600,0.5
457734,693626,HP-0200,0.5
457735,693627,SB-1600,0.5
457736,693627,NM-0250,0.5
457737,693628,PP-0800,0.5
457738,693628,JC-6400,0.5
457739,693629,PP-0800,0.5
457740,693629,SB-1600,0.5
457741,693630,JO-0300,1
457742,693632,DH-4000,1
457743,693633,TA-0600,0.5
457744,693633,JC-6400,0.5
457745,693634,PP-0800,0.5
457746,693634,DS-2200,0.5
457747,693635,JC-6400,1
457748,693638,JW-1100,0.5
457749,693638,KJ-0100,0.5
457750,693642,KJ-0100,1
457751,693643,BD-1100,0.5
457752,693643,BC-3100,0.5
457753,693648,JO-0300,1
457754,693650,JC-6400,1
457755,693652,DH-4000,1
457756,693653,HP-0200,0.5
457757,693653,SB-1600,0.5
457758,693654,HP-0200,1
457759,693659,AH-0250,1
457760,693660,BC-3100,1
457761,693662,JC-6400,1
457762,693663,HP-0200,1
457763,693664,AB-2730,0.5
457764,693664,RM-4200,0.5
457765,693665,DG-2450,1
457766,693667,DH-4000,1
457767,693668,PP-0800,1
457768,693669,JE-1200,0.5
457769,693669,NM-0250,0.5
457770,693670,AB-2730,1
457771,693671,PP-0800,0.5
457772,693671,HP-0200,0.5
457773,693672,AC-2250,1
457774,693678,DM-4015,1
457775,693679,QD-0100,1
457776,693680,KD-1475,1
457777,693681,AH-0250,1
457778,693682,MB-4950,1
457779,693686,JS-3250,1
457780,693687,AB-2250,1
457781,693692,AW-1450,1
457782,693693,DS-3450,1
457783,693694,AW-1450,0.5
457784,693694,BO-0400,0.5
457785,693695,DJ-2250,1
457786,693697,DB-0950,1
457787,693698,CS-1250,1
457788,693699,ZB-0400,1
457789,693700,AB-1925,0.5
457790,693700,DB-0950,0.5
457791,693701,ZB-0400,1
457792,693706,JF-3060,0.5
457793,693706,MA-0200,0.5
457794,693707,VD-0200,1
457795,693709,WW-0900,1
457796,693710,DJ-2250,0.5
457797,693710,WW-0900,0.5
457798,693711,ZB-0400,1
457799,693713,DJ-0500,1
457800,693717,AW-1450,1
457801,693718,BO-0400,1
457802,693723,BW-0770,1
457803,693724,ZB-0400,0.5
457804,693724,DB-0950,0.5
457805,693725,ZB-0400,1
457806,693729,MA-0200,1
457807,693730,EO-0250,1
457808,693731,EW-0100,0.5
457809,693731,DB-6100,0.5
457810,693732,DJ-0500,1
457811,693734,DB-6100,1
457812,693735,JN-1350,1
457813,693736,DL-2300,1
457814,693738,EW-0100,0.5
457815,693738,DB-6100,0.5
457816,693742,AW-1450,1
457817,693744,DB-0950,0.5
457818,693744,DS-1400,0.5
457819,693745,DS-1400,1
457820,693746,CS-1250,1
457821,693748,MG-1800,1
457822,693751,EO-0250,0.5
457823,693751,ZK-0300,0.5
457824,693752,ZK-0300,0.5
457825,693752,DJ-0500,0.5
457826,693755,WW-0900,1
457827,693756,ZB-0400,1
457828,693757,ZB-0400,1
457829,693762,ZK-0300,1
457830,693763,DJ-0500,0.5
457831,693763,MA-0200,0.5
457832,693766,MG-1800,1
457833,693767,BW-0770,1
457834,693768,DS-1400,0.5
457835,693768,MG-1800,0.5
457836,693769,CS-1250,1
457837,693771,PC-0800,1
457838,693779,VD-0200,1
457839,693783,EO-0250,1
457840,693784,GT-0300,1
457841,693785,DJ-0500,1
457842,693786,VD-0200,1
457843,693787,KL-0200,1
457844,693788,JF-3060,1
457845,693789,DL-2300,1
457846,693791,JF-3060,1
457847,693792,DB-6100,1
457848,693795,DJ-2250,1
457849,693796,CS-1250,1
457850,693797,ZB-0400,1
457851,693798,AW-1450,1
457852,693799,KK-1000,0.5
457853,693799,CS-1250,0.5
457854,693805,GT-0300,1
457855,693806,JN-1350,0.5
457856,693806,DL-2300,0.5
457857,693807,JF-3060,1
457858,693808,ZK-0300,1
457859,693810,MG-1800,1
457860,693811,DB-0950,1
457861,693814,GT-0300,1
457862,693815,JF-3060,1
457863,693816,DJ-0500,0.5
457864,693816,JF-3060,0.5
457865,693817,RM-1400,0.5
457866,693817,MA-0200,0.5
457867,693818,DJ-0500,0.5
457868,693818,DB-6100,0.5
457869,693823,JC-1700,1
457870,693827,ZK-0300,1
457871,693830,BO-0400,0.5
457872,693830,CS-1250,0.5
457873,693831,BW-0770,1
457874,693832,AW-1450,1
457875,693833,AW-1450,1
457876,693834,JC-1700,0.5
457877,693834,WW-0900,0.5
457878,693835,CS-1250,1
457879,693837,AW-1450,1
457880,693838,MH-3650,1
457881,693839,AW-1900,1
457882,693840,AW-1450,1
457883,693844,DB-6100,1
457884,693846,DB-6100,1
457885,693847,JB-6500,1
457886,693855,TK-0800,0.5
457887,693855,RK-0500,0.5
457888,693856,WC-0300,0.5
457889,693856,BB-2725,0.5
457890,693859,TC-2950,0.5
457891,693859,DO-0050,0.5
457892,693860,DO-0050,1
457893,693861,DL-0450,1
457894,693862,TM-2850,1
457895,693864,MF-1400,0.5
457896,693864,KJ-0275,0.5
457897,693868,RM-2000,1
457898,693872,KJ-0275,1
457899,693873,BB-2725,1
457900,693874,KJ-0275,1
457901,693876,KJ-0275,1
457902,693878,RM-2000,0.5
457903,693878,BC-0500,0.5
457904,693879,BJ-2350,1
457905,693883,WB-0700,1
457906,693885,DO-0050,1
457907,693886,RM-2000,1
457908,693887,DO-0050,1
457909,693888,AH-3350,1
457910,693889,AH-3350,0.5
457911,693889,DO-0050,0.5
457912,693895,TM-3450,1
457913,693896,WC-0300,1
457914,693897,WC-0300,1
457915,693898,WC-0300,1
457916,693899,DP-1268,1
457917,693901,BJ-2350,1
457918,693902,JC-5560,0.5
457919,693902,RM-2000,0.5
457920,693904,AH-3350,1
457921,693905,NH-0900,1
457922,693906,RM-2000,1
457923,693910,JJ-3200,1
457924,693911,MF-1400,1
457925,693913,DH-0700,1
457926,693914,HB-0150,1
457927,693915,MF-1400,1
457928,693916,WB-0700,1
457929,693917,WC-0300,1
457930,693921,TM-2850,1
457931,693922,DO-0050,1
457932,693923,TM-2850,1
457933,693927,JH-1850,1
457934,693928,KR-0950,1
457935,693929,DH-0700,1
457936,693930,WB-0700,1
457937,693931,MF-1400,1
457938,693932,MF-1400,1
457939,693938,RM-2000,1
457940,693940,DL-0450,0.5
457941,693940,RG-1825,0.5
457942,693942,DH-0700,1
457943,693944,JJ-3200,1
457944,693947,JW-3050,1
457945,693948,JC-5560,1
457946,693949,DO-0050,1
457947,693950,BC-0500,1
457948,693952,TC-2950,0.5
457949,693952,AH-3350,0.5
457950,693954,DL-0450,1
457951,693955,JC-5560,0.5
457952,693955,RM-2000,0.5
457953,693956,KW-0960,0.5
457954,693956,BJ-2350,0.5
457955,693957,BC-0500,1
457956,693958,NH-0900,1
457957,693959,JC-5560,0.5
457958,693959,RM-2000,0.5
457959,693965,KR-0950,1
457960,693967,NH-0900,0.5
457961,693967,AH-3350,0.5
457962,693969,AH-3350,1
457963,693973,JJ-3200,0.5
457964,693973,DE-1300,0.5
457965,693974,KG-0700,0.5
457966,693974,JJ-3200,0.5
457967,693975,BB-2725,1
457968,693978,WB-0700,1
457969,693982,DL-0450,0.5
457970,693982,JW-3050,0.5
457971,693985,DE-1300,1
457972,693986,JJ-3200,1
457973,693989,WB-0700,1
457974,693990,BJ-2350,1
457975,693991,JM-5000,0.5
457976,693991,RM-2000,0.5
457977,693992,BC-0500,1
457978,693993,TM-2850,1
457979,693995,KR-0950,1
457980,693998,WB-0700,1
457981,693999,KR-0950,1
457982,694000,KR-0950,1
457983,694001,BB-2725,1
457984,694002,WB-0700,1
457985,694010,BJ-2350,1
457986,694011,GH-0300,1
457987,694012,RM-2000,1
457988,694013,AH-3350,1
457989,694014,RM-2000,0.5
457990,694014,BJ-2350,0.5
457991,694015,AH-3350,0.5
457992,694015,RM-2000,0.5
457993,694016,KW-0960,0.5
457994,694016,BC-0500,0.5
457995,694021,JC-1800,0.5
457996,694021,TW-0130,0.5
457997,694022,JC-1800,0.5
457998,694022,LC-0850,0.5
457999,694023,LC-0850,1
458000,694027,BA-0350,0.5
458001,694027,CT-1300,0.5
458002,694029,BA-0350,1
458003,694030,BA-0350,0.5
458004,694030,CB-0800,0.5
458005,694031,FC-0400,1
458006,694033,KA-0750,1
458007,694037,CJ-0900,0.5
458008,694037,JB-5775,0.5
458009,694039,MH-2400,1
458010,694043,MJ-0600,1
458011,694044,DR-3700,0.5
458012,694044,MJ-0600,0.5
458013,694045,CT-1300,0.5
458014,694045,KA-0750,0.5
458015,694047,ER-0175,1
458016,694048,MK-0730,0.5
458017,694048,MS-2550,0.5
458018,694053,RA-1500,0.5
458019,694053,LC-0850,0.5
458020,694054,CJ-0900,0.5
458021,694054,JP-2900,0.5
458022,694055,BM-2000,0.5
458023,694055,TW-0130,0.5
458024,694057,TW-0130,1
458025,694061,DR-3700,0.5
458026,694061,EB-1100,0.5
458027,694062,FC-0400,0.5
458028,694062,CT-1300,0.5
458029,694063,BA-0350,0.5
458030,694063,MJ-0600,0.5
458031,694064,DR-3700,0.5
458032,694064,ER-0175,0.5
458033,694066,ER-0475,0.5
458034,694066,MJ-0600,0.5
458035,694067,FC-0400,0.5
458036,694067,MK-0730,0.5
458037,694072,MH-3720,0.5
458038,694072,GS-0800,0.5
458039,694073,BM-2000,1
458040,694074,CJ-0900,0.5
458041,694074,RA-1500,0.5
458042,694076,MJ-0600,1
458043,694077,TH-0825,0.5
458044,694077,MK-0730,0.5
458045,694081,LC-0850,1
458046,694082,GS-0800,1
458047,694083,BM-2000,1
458048,694084,JC-1800,1
458049,694085,DR-2800,1
458050,694086,TW-0130,1
458051,694087,JC-1800,1
458052,694088,TW-0130,1
458053,694089,JP-2900,1
458054,694092,PA-0300,1
458055,694093,MH-3720,1
458056,694094,PA-0300,1
458057,694095,RA-1500,1
458058,694099,BG-1200,1
458059,694101,FC-0400,1
458060,694102,KA-0750,1
458061,694103,ER-0175,1
458062,694104,KA-0750,0.5
458063,694104,BG-1200,0.5
458064,694105,EB-1100,1
458065,694106,EB-1100,1
458066,694107,MJ-0600,0.5
458067,694107,EB-1100,0.5
458068,694109,MK-0730,0.5
458069,694109,ER-0175,0.5
458070,694110,FC-0400,0.5
458071,694110,MK-0730,0.5
458072,694111,KA-0750,0.5
458073,694111,EB-1100,0.5
458074,694117,FC-0400,0.5
458075,694117,MK-0730,0.5
458076,694118,ER-0475,0.5
458077,694118,ER-0175,0.5
458078,694119,ER-0475,1
458079,694120,BA-0350,0.5
458080,694120,CT-1300,0.5
458081,694122,ER-0475,0.5
458082,694122,MJ-0600,0.5
458083,694124,TW-0130,1
458084,694125,LC-0850,0.5
458085,694125,BM-2000,0.5
458086,694127,TM-1200,1
458087,694128,DR-2800,0.5
458088,694128,TM-1200,0.5
458089,694129,JB-5700,0.5
458090,694129,TW-0130,0.5
458091,694133,JP-2900,0.5
458092,694133,JB-5700,0.5
458093,694134,JB-5700,1
458094,694137,DR-3700,1
458095,694138,EB-1100,1
458096,694139,FC-0400,1
458097,694140,TH-0825,1
458098,694142,ER-0175,1
458099,694143,KA-0750,0.5
458100,694143,BG-1200,0.5
458101,694148,CM-0200,1
458102,694149,BA-0350,0.5
458103,694149,CT-1300,0.5
458104,694150,CM-0200,1
458105,694151,BB-0400,0.5
458106,694151,MK-0730,0.5
458107,694153,KA-0750,1
458108,694155,JB-5775,1
458109,694156,JB-5700,1
458110,694157,JP-2900,1
458111,694158,JB-5700,1
458112,694159,JB-5775,0.5
458113,694159,PA-0300,0.5
458114,694160,JB-5700,0.5
458115,694160,LC-0850,0.5
458116,694161,JB-5775,0.5
458117,694161,JB-5700,0.5
458118,694162,JC-1800,1
458119,694163,JB-5700,1
458120,694164,JC-1800,1
458121,694165,RA-1500,0.5
458122,694165,JC-1800,0.5
458123,694166,TM-1200,1
458124,694171,FC-0400,1
458125,694172,ER-0175,1
458126,694173,VC-0400,0.5
458127,694173,KA-0750,0.5
458128,694174,ER-0475,1
458129,694175,VC-0400,1
458130,694177,KA-0750,1
458131,694178,MK-0730,0.5
458132,694178,MJ-0600,0.5
458133,694179,BG-1200,1
458134,694183,LC-0850,1
458135,694184,JB-5775,0.5
458136,694184,JP-2900,0.5
458137,694185,RA-1500,0.5
458138,694185,PA-0300,0.5
458139,694186,LC-0850,1
458140,694187,RA-1500,0.5
458141,694187,JP-2900,0.5
458142,694188,JB-5700,1
458143,694191,MK-0730,1
458144,694192,EB-1100,1
458145,694195,MJ-0600,1
458146,694202,HJ-0400,1
458147,694203,JT-2850,1
458148,694204,TP-2000,1
458149,694205,JT-2850,1
458150,694206,CJ-2175,1
458151,694208,JT-2850,1
458152,694209,JT-2850,1
458153,694213,DT-0100,1
458154,694214,DT-0100,0.5
458155,694214,ST-1200,0.5
458156,694215,TW-1750,1
458157,694216,EA-0550,1
458158,694217,DT-0150,1
458159,694218,DS-2250,1
458160,694219,JB-8700,1
458161,694220,ST-1200,1
458162,694221,JC-5700,1
458163,694222,DT-0150,0.5
458164,694222,TW-1750,0.5
458165,694223,IA-0100,1
458166,694224,NL-0250,1
458167,694225,ST-1200,1
458168,694231,ST-1200,1
458169,694232,JI-0200,1
458170,694233,CR-0650,1
458171,694234,TW-1750,1
458172,694236,KF-0500,1
458173,694237,LH-1900,1
458174,694238,HJ-0400,1
458175,694239,TP-2000,1
458176,694241,HJ-0400,1
458177,694242,JT-2850,1
458178,694244,JT-2850,1
458179,694248,KV-0075,1
458180,694251,WS-0950,1
458181,694252,KF-0500,1
458182,694253,KF-0500,1
458183,694254,CJ-2175,1
458184,694256,GS-0750,1
458185,694257,TP-2000,1
458186,694258,HJ-0400,1
458187,694263,NL-0250,1
458188,694266,TP-2000,1
458189,694269,JI-0200,1
458190,694270,ST-1200,1
458191,694271,DT-0100,0.5
458192,694271,TW-1750,0.5
458193,694272,DS-2250,1
458194,694273,CR-0650,1
458195,694274,JB-8700,1
458196,694275,JC-5700,1
458197,694276,TW-1750,1
458198,694277,QD-0300,1
458199,694280,JT-2850,1
458200,694281,BC-0150,1
458201,694285,ST-1200,1
458202,694286,EA-0550,1
458203,694290,HJ-0400,1
458204,694291,WS-0950,1
458205,694292,HJ-0400,1
458206,694293,LH-1900,1
458207,694296,GS-0750,1
458208,694301,ST-1200,1
458209,694302,DS-2250,1
458210,694303,JI-0200,1
458211,694304,CR-0650,1
458212,694309,KF-0500,1
458213,694310,KF-0500,1
458214,694311,CJ-2175,0.5
458215,694311,AA-0543,0.5
458216,694312,SA-0100,1
458217,694313,CJ-2175,1
458218,694314,PM-0500,1
458219,694318,JI-0200,1
458220,694319,JI-0200,1
458221,694321,QD-0300,1
458222,694327,TP-2000,1
458223,694329,BC-0150,1
458224,694333,TW-1750,1
458225,694334,ST-1200,1
458226,694335,DT-0150,1
458227,694337,JT-2850,1
458228,694338,HJ-0400,1
458229,694339,TP-2000,1
458230,694344,CL-1300,1
458231,694346,CW-3700,1
458232,694347,JE-0450,1
458233,694348,DW-3200,1
458234,694349,MS-2400,1
458235,694354,JM-1600,1
458236,694355,DJ-1500,1
458237,694356,SS-1700,1
458238,694357,DP-1450,1
458239,694358,JH-5550,1
458240,694362,KM-0050,1
458241,694364,BH-1110,1
458242,694365,TC-0385,1
458243,694366,CW-3700,1
458244,694367,SH-0150,1
458245,694369,TC-0385,1
458246,694370,CW-3700,1
458247,694371,TC-0385,1
458248,694372,TC-0385,1
458249,694376,DF-1350,1
458250,694377,TB-2400,1
458251,694379,TB-2400,1
458252,694380,AB-0100,1
458253,694383,DA-2050,1
458254,694384,DA-0950,1
458255,694385,KM-0050,1
458256,694387,TM-1000,1
458257,694388,KM-0050,1
458258,694389,LA-0200,1
458259,694390,TM-1000,1
458260,694393,SS-1700,1
458261,694394,SS-1700,1
458262,694395,MP-0950,1
458263,694399,FZ-0100,1
458264,694400,TB-2400,1
458265,694402,DJ-1500,0.5
458266,694402,DF-1350,0.5
458267,694407,JE-0450,1
458268,694408,SH-0150,0.5
458269,694408,MS-2400,0.5
458270,694412,JH-5550,0.5
458271,694412,JM-1600,0.5
458272,694413,TH-0200,1
458273,694414,DJ-1500,1
458274,694421,DS-3162,1
458275,694426,DA-0950,1
458276,694427,BM-0750,1
458277,694429,MS-2400,1
458278,694430,KM-0050,1
458279,694433,FZ-0100,0.5
458280,694433,DS-3162,0.5
458281,694438,BH-1110,1
458282,694439,MS-2400,1
458283,694440,CW-3700,1
458284,694444,AB-0100,1
458285,694445,DJ-1500,1
458286,694446,DJ-1500,1
458287,694448,DJ-1500,1
458288,694449,RP-0200,0.5
458289,694449,SS-1700,0.5
458290,694452,JE-0450,1
458291,694453,DH-2150,1
458292,694456,KM-0050,0.5
458293,694456,MS-2400,0.5
458294,694463,RP-0200,1
458295,694464,RP-0200,1
458296,694466,CW-3700,1
458297,694467,BH-1110,1
458298,694468,KM-0050,0.5
458299,694468,CW-3700,0.5
458300,694469,LA-0200,1
458301,694470,KM-0050,1
458302,694471,TC-0385,1
458303,694472,CL-1300,0.5
458304,694472,TM-1000,0.5
458305,694473,CW-3700,1
458306,694474,KM-0050,1
458307,694475,KM-0050,1
458308,694476,SM-1650,1
458309,694477,BH-1110,1
458310,694479,LA-0200,1
458311,694481,RP-0200,1
458312,694482,RP-0200,1
458313,694483,DJ-1500,1
458314,694488,CL-1300,1
458315,694489,SM-1650,0.5
458316,694489,LA-0200,0.5
458317,694490,DW-3200,0.5
458318,694490,KM-0050,0.5
458319,694492,DJ-1500,1
458320,694493,DJ-1500,1
458321,694494,SS-1700,1
458322,694498,DJ-1500,0.5
458323,694498,SS-1700,0.5
458324,694500,GD-0600,1
458325,694504,SW-1750,1
458326,694505,TW-0600,1
458327,694506,DS-4300,1
458328,694508,TD-0725,1
458329,694509,JB-8150,1
458330,694510,VW-0100,1
458331,694511,DS-4300,1
458332,694515,MI-0150,1
458333,694516,DP-1250,1
458334,694517,AP-1050,1
458335,694518,MT-0350,1
458336,694519,SW-1720,1
458337,694520,DT-1950,1
458338,694521,DW-4250,1
458339,694526,PR-0400,1
458340,694527,MT-0350,0.5
458341,694527,JA-0280,0.5
458342,694528,MT-0350,1
458343,694530,MJ-0030,1
458344,694531,TD-0725,1
458345,694532,DT-1950,1
458346,694533,DS-4300,1
458347,694534,DS-4300,1
458348,694537,PR-0400,1
458349,694539,JA-0280,1
458350,694540,GD-0600,1
458351,694541,DP-1250,1
458352,694544,DW-4250,1
458353,694547,KR-0460,1
458354,694548,JA-2825,1
458355,694549,AP-1050,1
458356,694550,KE-0550,1
458357,694551,DP-1275,1
458358,694552,MT-0350,0.5
458359,694552,SW-1720,0.5
458360,694554,SW-1750,1
458361,694556,DT-1950,1
458362,694561,DT-1950,1
458363,694565,DP-1250,1
458364,694566,DP-1250,1
458365,694569,JB-8150,1
458366,694570,CN-0450,1
458367,694573,SR-0250,1
458368,694574,AT-0100,1
458369,694578,CV-0200,1
458370,694579,SW-1720,1
458371,694582,JA-2825,1
458372,694584,DW-1100,0.5
458373,694584,DT-1950,0.5
458374,694585,MJ-0030,1
458375,694586,AT-0100,1
458376,694587,TD-0725,1
458377,694588,SR-0250,1
458378,694591,SW-1720,1
458379,694592,MT-0350,1
458380,694593,TW-0600,1
458381,694596,SR-0250,0.5
458382,694596,CN-0450,0.5
458383,694597,VW-0100,1
458384,694601,JA-0280,0.5
458385,694601,AP-1050,0.5
458386,694602,MT-0350,1
458387,694603,DP-1250,1
458388,694604,DP-1250,1
458389,694605,JA-0280,1
458390,694607,JA-0280,1
458391,694608,DB-6300,1
458392,694612,SB-0225,1
458393,694613,TD-0725,1
458394,694614,SB-0225,1
458395,694615,BR-1050,1
458396,694616,TW-0600,1
458397,694618,VW-0100,1
458398,694619,KW-0850,1
458399,694621,MI-0150,1
458400,694622,MT-0350,1
458401,694626,DS-3350,1
458402,694634,SW-1720,1
458403,694635,MT-0350,1
458404,694636,JA-0280,1
458405,694638,JA-0280,1
458406,694640,CL-0325,1
458407,694643,DT-1950,1
458408,694645,CH-1500,1
458409,694646,BR-1050,1
458410,694649,KR-0460,1
458411,694652,TD-0725,1
458412,694653,DT-1950,1
458413,694659,DT-1950,1
458414,694660,AT-0100,1
458415,694661,AT-0100,1
458416,694665,DT-1950,1
458417,694666,DT-1950,0.5
458418,694666,AT-0100,0.5
458419,694668,CM-0150,1
458420,694669,DS-3350,1
458421,694670,MT-0350,1
458422,694674,RS-1000,1
458423,694675,BW-0150,1
458424,694676,KW-2500,1
458425,694679,DB-5450,1
458426,694680,TJ-0950,1
458427,694681,KM-1950,1
458428,694682,CC-0200,1
458429,694683,JB-3350,1
458430,694684,KM-1950,1
458431,694686,RJ-0900,1
458432,694687,PP-0400,1
458433,694688,DB-5450,1
458434,694689,KM-1950,1
458435,694690,TJ-0950,1
458436,694694,FC-0150,1
458437,694696,DB-5450,1
458438,694698,JP-4100,1
458439,694702,MB-1900,1
458440,694703,DS-1730,1
458441,694704,RS-1000,1
458442,694705,AR-2000,1
458443,694706,AR-2000,1
458444,694708,JL-0230,1
458445,694709,BM-1800,1
458446,694710,BI-0150,1
458447,694711,KW-2500,1
458448,694715,AO-0370,1
458449,694717,JB-3350,1
458450,694718,RJ-0900,0.5
458451,694718,JB-3350,0.5
458452,694719,FR-0200,1
458453,694720,AO-0370,1
458454,694721,RJ-0900,1
458455,694722,DB-5450,1
458456,694723,RB-4300,0.5
458457,694723,DB-5450,0.5
458458,694724,RG-2375,1
458459,694729,JH-4050,1
458460,694730,KW-2500,0.5
458461,694730,KM-1050,0.5
458462,694739,JH-4050,1
458463,694743,KM-0425,1
458464,694748,KW-2500,1
458465,694752,KM-1950,1
458466,694753,JP-4100,1
458467,694756,JB-3350,1
458468,694762,KW-2500,1
458469,694767,DS-5150,1
458470,694768,AO-0370,1
458471,694769,TJ-0950,1
458472,694770,TJ-0950,0.5
458473,694770,JB-3350,0.5
458474,694771,TJ-0950,1
458475,694772,CC-0200,1
458476,694773,DS-5150,1
458477,694775,TJ-0950,1
458478,694778,RS-1000,1
458479,694779,KM-1050,1
458480,694782,DB-5450,1
458481,694783,ES-1475,1
458482,694784,DB-5450,1
458483,694786,ES-1475,1
458484,694790,BW-0150,1
458485,694791,KW-2500,1
458486,694794,DB-5450,1
458487,694795,KM-1950,0.5
458488,694795,CC-2500,0.5
458489,694796,RG-2375,1
458490,694797,RG-2375,1
458491,694798,SW-0700,1
458492,694806,TJ-0950,1
458493,694808,ES-1475,1
458494,694809,RG-2375,1
458495,694811,DD-1800,1
458496,694812,MB-5050,1
458497,694813,BC-2750,1
458498,694815,BC-2750,1
458499,694816,KM-1050,1
458500,694817,MM-5200,1
458501,694818,ST-0350,1
458502,694819,MM-5200,0.5
458503,694819,BC-2750,0.5
458504,694824,RG-2375,1
458505,694825,RG-2375,1
458506,694826,JB-3350,1
458507,694827,RG-2375,1
458508,694828,JP-4100,1
458509,694830,DS-5150,1
458510,694831,JB-3350,1
458511,694835,JW-0750,1
458512,694836,AB-3100,1
458513,694837,NB-0400,1
458514,694838,DJ-1750,1
458515,694842,MB-0650,0.5
458516,694842,MB-0650,0.5
458517,694843,JJ-1550,1
458518,694845,TB-2700,1
458519,694846,KR-0325,1
458520,694848,NB-0400,1
458521,694852,AD-1475,1
458522,694853,MA-0450,1
458523,694854,MB-3650,1
458524,694855,TJ-2250,1
458525,694857,GH-1050,1
458526,694858,DJ-1750,1
458527,694859,NB-0400,1
458528,694861,TJ-2250,1
458529,694862,AA-1900,0.5
458530,694862,MB-0650,0.5
458531,694863,MA-0450,1
458532,694864,RM-3050,1
458533,694866,LJ-1800,1
458534,694867,EW-0550,0.5
458535,694867,MB-0650,0.5
458536,694871,DJ-1750,1
458537,694872,DJ-1750,1
458538,694873,NB-0400,1
458539,694874,MP-2550,1
458540,694875,TJ-1050,0.5
458541,694875,JW-0750,0.5
458542,694880,LJ-1800,1
458543,694881,RM-3050,0.5
458544,694881,JJ-1550,0.5
458545,694882,RM-3050,1
458546,694887,AL-1200,1
458547,694888,NB-0400,1
458548,694889,JW-0750,1
458549,694890,DJ-1750,1
458550,694891,NB-0400,1
458551,694892,GH-1050,1
458552,694894,GH-1050,0.5
458553,694894,AL-1200,0.5
458554,694895,EH-0150,1
458555,694896,DJ-1750,1
458556,694900,LJ-1800,1
458557,694901,MB-0650,0.5
458558,694901,TJ-2250,0.5
458559,694903,JW-0750,1
458560,694908,LJ-1800,1
458561,694909,JJ-1550,1
458562,694915,JW-0750,1
458563,694920,MA-0450,1
458564,694921,WH-0300,1
458565,694922,MA-0450,1
458566,694923,ML-2325,1
458567,694924,MA-0450,1
458568,694926,TJ-2250,1
458569,694927,TJ-2250,1
458570,694928,WH-0300,1
458571,694930,MB-0650,0.5
458572,694930,MB-0650,0.5
458573,694933,KR-0325,1
458574,694934,JW-0750,1
458575,694935,MC-2950,1
458576,694936,MP-2550,1
458577,694937,NB-0400,1
458578,694938,JW-0750,1
458579,694939,ER-0150,1
458580,694940,TJ-1050,0.5
458581,694940,IW-0100,0.5
458582,694942,GH-1050,0.5
458583,694942,ER-0150,0.5
458584,694943,GH-1050,1
458585,694944,JW-0750,1
458586,694945,TC-0370,1
458587,694949,RM-3050,1
458588,694950,EW-0550,1
458589,694951,MB-0650,0.5
458590,694951,MB-0650,0.5
458591,694956,TJ-2250,1
458592,694957,JL-0600,0.5
458593,694957,MB-0650,0.5
458594,694959,GH-1050,1
458595,694960,GH-1050,1
458596,694961,AA-0562,1
458597,694965,MA-0450,1
458598,694967,JJ-1550,1
458599,694968,MB-0650,0.5
458600,694968,LJ-1800,0.5
458601,694969,MA-0450,1
458602,694970,WH-0300,1
458603,694971,AA-1900,1
458604,694973,TJ-2250,1
458605,694975,AA-1900,1
458606,694976,WH-0300,1
458607,694977,ES-0800,1
458608,694980,JW-0750,1
458609,694981,DJ-1750,0.5
458610,694981,KR-0325,0.5
458611,694984,LJ-1800,1
458612,694985,TJ-2250,1
458613,694987,RM-3050,1
458614,694989,LJ-1800,1
458615,694992,GH-1050,1
458616,695002,TJ-2250,1
458617,695003,AD-1475,1
458618,695004,RM-3050,1
458619,695005,WH-0300,1
458620,695006,JJ-1550,1
458621,695010,JW-0750,1
458622,695011,MP-2550,0.5
458623,695011,TC-0370,0.5
458624,695012,NB-0400,1
458625,695013,GH-1050,1
458626,695014,GH-1050,1
458627,695015,NB-0400,1
458628,695016,GH-1050,0.5
458629,695016,EH-0150,0.5
458630,695017,GH-1050,1
458631,695018,EH-0150,1
458632,695019,TC-0370,0.5
458633,695019,GH-1050,0.5
458634,695021,JJ-1550,1
458635,695022,TJ-2250,1
458636,695024,ES-0800,1
458637,695027,LD-0150,0.5
458638,695027,AV-0300,0.5
458639,695028,TM-1700,0.5
458640,695028,BC-0600,0.5
458641,695029,HJ-0300,0.5
458642,695029,LD-0150,0.5
458643,695030,BM-1250,1
458644,695031,LD-0150,1
458645,695033,GJ-0800,0.5
458646,695033,LD-0150,0.5
458647,695035,LD-0150,0.5
458648,695035,SM-3000,0.5
458649,695039,KS-0850,0.5
458650,695039,ST-0550,0.5
458651,695040,TB-1850,1
458652,695041,TB-1850,1
458653,695042,TD-0700,1
458654,695043,ST-0550,1
458655,695044,CT-1500,1
458656,695045,KS-0850,0.5
458657,695045,LK-0600,0.5
458658,695048,BC-0600,0.5
458659,695048,KT-0150,0.5
458660,695049,JB-1250,1
458661,695051,AV-0300,1
458662,695052,TD-0700,1
458663,695053,LK-0600,0.5
458664,695053,CF-0500,0.5
458665,695054,KE-0050,1
458666,695058,WG-0550,1
458667,695059,LD-0150,1
458668,695060,BM-1250,1
458669,695061,JA-0350,1
458670,695063,DL-0400,0.5
458671,695063,BC-0600,0.5
458672,695064,WG-0550,1
458673,695065,JK-1025,0.5
458674,695065,KT-0150,0.5
458675,695066,BC-0600,1
458676,695070,JA-0900,1
458677,695075,JB-1250,1
458678,695077,GM-0500,1
458679,695082,CT-1500,1
458680,695084,DB-3400,0.5
458681,695084,BC-0600,0.5
458682,695085,KT-0150,1
458683,695086,JS-4037,0.5
458684,695086,LD-0150,0.5
458685,695087,KT-0150,0.5
458686,695087,JB-1250,0.5
458687,695088,HM-0100,0.5
458688,695088,TM-1700,0.5
458689,695089,LD-0150,0.5
458690,695089,KT-0150,0.5
458691,695093,JA-0900,1
458692,695094,CJ-1300,0.5
458693,695094,JA-0900,0.5
458694,695095,JA-0900,1
458695,695097,GM-0500,0.5
458696,695097,AV-0300,0.5
458697,695098,KT-0150,1
458698,695105,TD-0700,0.5
458699,695105,TB-1850,0.5
458700,695107,LK-0600,0.5
458701,695107,CT-1500,0.5
458702,695108,TD-0700,1
458703,695110,CF-0500,1
458704,695112,LK-0600,1
458705,695114,JA-0900,0.5
458706,695114,TB-1850,0.5
458707,695118,LK-0600,1
458708,695119,SL-0950,1
458709,695121,DE-0500,1
458710,695128,HM-0100,0.5
458711,695128,HJ-0300,0.5
458712,695130,LD-0150,0.5
458713,695130,KT-0150,0.5
458714,695134,LK-0600,1
458715,695135,KE-0050,1
458716,695136,RM-1900,1
458717,695137,ST-0550,0.5
458718,695137,RM-1900,0.5
458719,695138,RM-1900,1
458720,695139,RM-1900,0.5
458721,695139,TB-1850,0.5
458722,695140,LK-0600,1
458723,695141,RM-1900,1
458724,695146,KT-0150,0.5
458725,695146,BM-1250,0.5
458726,695147,BC-0600,0.5
458727,695147,BM-1250,0.5
458728,695148,JK-1025,0.5
458729,695148,BM-1250,0.5
458730,695149,BC-0600,1
458731,695150,TM-1700,0.5
458732,695150,BC-0600,0.5
458733,695151,LD-0150,1
458734,695152,ST-0550,1
458735,695153,LK-0600,0.5
458736,695153,TD-0700,0.5
458737,695154,JN-1750,1
458738,695155,RH-0700,1
458739,695157,LK-0600,0.5
458740,695157,RH-0700,0.5
458741,695160,LD-0150,0.5
458742,695160,KT-0150,0.5
458743,695161,BC-0600,1
458744,695162,WG-0550,1
458745,695163,BC-0600,0.5
458746,695163,KT-0150,0.5
458747,695165,DB-3400,0.5
458748,695165,JK-1025,0.5
458749,695166,JA-0350,1
458750,695167,BC-0600,1
458751,695168,JK-1025,1
458752,695172,BJ-0500,1
458753,695173,CF-0500,1
458754,695175,ST-0550,1
458755,695176,KE-0050,1
458756,695178,RM-1900,1
458757,695180,ST-0550,0.5
458758,695180,RM-1900,0.5
458759,695181,CF-0500,1
458760,695183,BJ-0500,1
458761,695184,JN-1750,1
458762,695185,BJ-0500,1
458763,695187,CF-0500,1
458764,695188,ST-0550,0.5
458765,695188,BJ-0500,0.5
458766,695192,MP-0875,0.5
458767,695192,MB-5100,0.5
458768,695193,MB-5100,1
458769,695195,CM-0900,1
458770,695196,JT-1650,1
458771,695197,AM-3050,1
458772,695203,SF-0150,0.5
458773,695203,HS-0130,0.5
458774,695204,TJ-1750,0.5
458775,695204,AS-0600,0.5
458776,695206,CG-2400,1
458777,695207,EG-0900,1
458778,695208,EK-0250,1
458779,695209,SF-0150,0.5
458780,695209,AS-0600,0.5
458781,695210,SF-0150,0.5
458782,695210,EG-0900,0.5
458783,695211,AS-0600,1
458784,695212,AS-0600,1
458785,695213,CG-2400,1
458786,695214,CG-2400,1
458787,695215,HS-0130,1
458788,695217,CG-2400,1
458789,695220,JR-3650,1
458790,695221,LG-0900,0.5
458791,695221,MD-0060,0.5
458792,695224,AS-0600,1
458793,695225,CG-2400,1
458794,695227,SF-0150,1
458795,695230,DJ-2350,1
458796,695231,BR-0100,0.5
458797,695231,MD-0060,0.5
458798,695232,MB-5100,1
458799,695233,LG-0900,0.5
458800,695233,MB-5100,0.5
458801,695234,JR-3650,1
458802,695237,EG-0900,0.5
458803,695237,EK-0250,0.5
458804,695238,KE-0300,0.5
458805,695238,AB-0650,0.5
458806,695239,EK-0250,1
458807,695242,DR-0450,0.5
458808,695242,MB-5100,0.5
458809,695243,NP-0130,1
458810,695244,DJ-2350,1
458811,695245,MN-0300,1
458812,695246,MD-0060,0.5
458813,695246,JR-3650,0.5
458814,695251,DH-4650,1
458815,695252,AB-0650,1
458816,695254,AB-0650,0.5
458817,695254,TN-0400,0.5
458818,695256,EK-0250,1
458819,695259,MB-5100,1
458820,695262,MH-4000,1
458821,695267,SF-0150,0.5
458822,695267,EK-0250,0.5
458823,695268,EG-0900,1
458824,695270,TN-0400,0.5
458825,695270,AS-0600,0.5
458826,695272,DR-0450,1
458827,695273,NP-0130,0.5
458828,695273,CH-2250,0.5
458829,695274,DR-0450,1
458830,695275,HC-0050,1
458831,695276,LG-0900,1
458832,695280,AS-0600,1
458833,695281,CG-2400,1
458834,695284,MP-0875,1
458835,695286,MB-5100,1
458836,695287,MN-0300,1
458837,695289,KE-0300,1
458838,695290,KE-0300,0.5
458839,695290,HS-0130,0.5
458840,695296,AS-0600,1
458841,695298,EK-0250,0.5
458842,695298,AS-0600,0.5
458843,695299,TN-0400,1
458844,695300,SF-0150,1
458845,695301,EK-0250,0.5
458846,695301,CG-2400,0.5
458847,695303,XR-0100,1
458848,695304,EK-0250,1
458849,695305,HS-0130,1
458850,695306,TN-0400,1
458851,695311,HC-0050,1
458852,695312,MB-5100,1
458853,695313,JR-3650,1
458854,695314,MD-0060,0.5
458855,695314,JR-3650,0.5
458856,695315,NP-0130,1
458857,695316,JT-1650,1
458858,695318,AS-0600,1
458859,695319,EK-0250,1
458860,695320,XR-0100,1
458861,695321,CM-3400,1
458862,695322,TJ-1750,1
458863,695323,AB-0650,0.5
458864,695323,AS-0600,0.5
458865,695327,CM-3400,1
458866,695328,TN-0400,1
458867,695330,AS-0600,1
458868,695331,CM-3400,1
458869,695336,CM-0900,0.5
458870,695336,JP-2000,0.5
458871,695337,JR-3650,0.5
458872,695337,HC-0050,0.5
458873,695342,AS-0600,0.5
458874,695342,CM-3400,0.5
458875,695343,TN-0400,1
458876,695345,XR-0100,1
458877,695350,AB-0100,0.5
458878,695350,DJ-1500,0.5
458879,695354,BC-3100,1
458880,695355,KJ-0100,1
458881,695356,JJ-5000,1
458882,695357,BC-3100,1
458883,695358,WM-0550,1
458884,695359,KJ-0100,0.5
458885,695359,AH-0250,0.5
458886,695360,JW-1100,0.5
458887,695360,VW-0200,0.5
458888,695365,JM-1600,1
458889,695366,DP-1450,0.5
458890,695366,EB-0800,0.5
458891,695368,VW-0200,0.5
458892,695368,AH-0250,0.5
458893,695370,JM-1600,1
458894,695371,DF-1350,1
458895,695372,DJ-1500,0.5
458896,695372,MP-0950,0.5
458897,695373,TH-0200,0.5
458898,695373,RP-0200,0.5
458899,695376,DP-1450,0.5
458900,695376,DF-1350,0.5
458901,695377,TB-2400,0.5
458902,695377,SS-1700,0.5
458903,695378,TB-2400,1
458904,695379,AB-0100,0.5
458905,695379,TH-0200,0.5
458906,695380,HA-0200,1
458907,695382,KJ-0100,1
458908,695383,JC-5630,0.5
458909,695383,QD-0100,0.5
458910,695384,BM-1450,1
458911,695385,QD-0100,1
458912,695388,JH-5550,0.5
458913,695388,DP-1450,0.5
458914,695389,SS-1700,1
458915,695391,RP-0200,1
458916,695394,KJ-0650,1
458917,695395,KJ-0650,1
458918,695396,KJ-0100,1
458919,695397,BM-1450,0.5
458920,695397,JS-3250,0.5
458921,695398,JS-3250,1
458922,695401,MP-0950,1
458923,695402,MD-0300,1
458924,695403,SS-1700,1
458925,695404,JH-5500,1
458926,695406,SS-1700,1
458927,695407,MD-0300,0.5
458928,695407,RP-0200,0.5
458929,695410,BC-3100,1
458930,695413,JH-5500,1
458931,695415,WM-0550,1
458932,695416,KJ-0100,0.5
458933,695416,AH-0250,0.5
458934,695417,BC-3100,1
458935,695418,JC-5630,0.5
458936,695418,BC-3100,0.5
458937,695419,JS-3250,1
458938,695423,DJ-1500,1
458939,695425,DJ-1500,0.5
458940,695425,MP-0950,0.5
458941,695426,JH-5550,0.5
458942,695426,DP-1450,0.5
458943,695427,DJ-1500,1
458944,695428,MP-0950,1
458945,695430,RP-0200,0.5
458946,695430,TB-2400,0.5
458947,695431,DP-1450,0.5
458948,695431,TB-2400,0.5
458949,695433,EB-0800,1
458950,695436,BM-1450,0.5
458951,695436,AH-0250,0.5
458952,695437,JC-5630,0.5
458953,695437,BM-1450,0.5
458954,695438,BM-1450,0.5
458955,695438,KJ-0650,0.5
458956,695439,KJ-0100,1
458957,695441,WM-0550,0.5
458958,695441,BC-3100,0.5
458959,695442,AH-0250,1
458960,695443,QD-0100,0.5
458961,695443,AH-0250,0.5
458962,695444,JS-3250,0.5
458963,695444,JJ-5000,0.5
458964,695445,VW-0200,0.5
458965,695445,JC-5630,0.5
458966,695453,BC-3100,1
458967,695454,BC-3100,1
458968,695455,JS-3250,1
458969,695456,BM-1450,1
458970,695457,BM-1450,0.5
458971,695457,QD-0100,0.5
458972,695458,BC-3100,1
458973,695459,BM-1450,0.5
458974,695459,JS-3250,0.5
458975,695464,EB-0800,1
458976,695465,DJ-1500,0.5
458977,695465,HA-0200,0.5
458978,695466,JH-5500,0.5
458979,695466,HA-0200,0.5
458980,695467,SS-1700,1
458981,695470,SS-1700,1
458982,695471,JH-5550,1
458983,695475,JS-3250,1
458984,695476,KJ-0100,1
458985,695477,CC-4550,0.5
458986,695477,BC-3100,0.5
458987,695478,WM-0550,0.5
458988,695478,BC-3100,0.5
458989,695479,JS-3250,1
458990,695483,BC-3100,1
458991,695484,BD-1100,1
458992,695485,BC-3100,0.5
458993,695485,QD-0100,0.5
458994,695488,JM-1600,1
458995,695492,AB-2250,1
458996,695493,CC-4550,0.5
458997,695493,WM-0550,0.5
458998,695494,JC-5630,0.5
458999,695494,BM-1450,0.5
459000,695498,LH-0300,1
459001,695499,VB-0350,1
459002,695502,WG-0500,1
459003,695503,RS-0962,1
459004,695505,RS-0962,0.5
459005,695505,JJ-4250,0.5
459006,695507,VB-0350,1
459007,695508,RM-1600,1
459008,695510,GI-1300,1
459009,695511,RM-1600,1
459010,695513,AM-2300,0.5
459011,695513,JH-2100,0.5
459012,695519,ST-1150,0.5
459013,695519,WG-0500,0.5
459014,695520,RS-0962,1
459015,695521,AB-1950,1
459016,695524,AH-1800,1
459017,695525,GI-1300,1
459018,695526,RN-0300,1
459019,695527,MJ-1800,0.5
459020,695527,RM-1600,0.5
459021,695528,RN-0300,1
459022,695529,CD-2200,0.5
459023,695529,VB-0350,0.5
459024,695530,MJ-1800,1
459025,695531,WG-0600,0.5
459026,695531,RM-1600,0.5
459027,695532,RM-1600,1
459028,695535,BD-1200,1
459029,695536,BB-2530,1
459030,695539,RM-1600,0.5
459031,695539,AJ-1200,0.5
459032,695543,RS-0962,1
459033,695545,WA-0100,1
459034,695547,WC-0150,1
459035,695549,MJ-1800,1
459036,695552,VB-0350,1
459037,695553,BD-1200,1
459038,695556,SW-1550,1
459039,695557,AJ-1200,1
459040,695558,RM-1600,1
459041,695559,SW-1550,1
459042,695563,RS-0962,1
459043,695567,SW-1550,1
459044,695568,DK-0750,1
459045,695569,VB-0350,1
459046,695572,SW-1550,1
459047,695574,GA-0400,1
459048,695580,RS-0962,0.5
459049,695580,LT-0400,0.5
459050,695581,WG-0500,1
459051,695584,LT-0400,1
459052,695586,DK-0750,1
459053,695587,VR-0200,1
459054,695588,MJ-1800,1
459055,695592,JH-2100,1
459056,695593,MM-3800,1
459057,695594,WA-0100,1
459058,695598,DS-2950,1
459059,695599,DS-2950,1
459060,695600,RM-1600,1
459061,695601,DK-0750,0.5
459062,695601,GI-1300,0.5
459063,695602,GA-0400,1
459064,695606,WG-0500,1
459065,695608,MM-3800,1
459066,695609,RS-0962,1
459067,695611,RS-0962,1
459068,695612,BB-2530,1
459069,695613,ST-1150,0.5
459070,695613,BD-1200,0.5
459071,695615,RS-0962,1
459072,695617,RM-1600,1
459073,695623,VW-0250,1
459074,695628,SW-1550,1
459075,695629,RM-1600,1
459076,695631,GI-1300,1
459077,695633,JJ-4250,1
459078,695634,LT-0400,1
459079,695635,CT-0900,1
459080,695636,RS-0962,1
459081,695638,AM-2300,1
459082,695639,WA-0100,1
459083,695640,WG-0500,1
459084,695641,CT-0900,0.5
459085,695641,LT-0400,0.5
459086,695642,AM-2300,0.5
459087,695642,RS-0962,0.5
459088,695644,JH-2100,1
459089,695647,CL-0950,1
459090,695648,CD-2200,1
459091,695651,RS-0962,1
459092,695654,AM-2300,1
459093,695655,ST-1150,1
459094,695661,RS-0962,0.5
459095,695661,JJ-4250,0.5
459096,695662,VR-0200,0.5
459097,695662,CL-0950,0.5
459098,695664,DS-2950,1
459099,695665,CL-0950,1
459100,695667,GI-1300,1
459101,695668,MJ-1800,1
459102,695669,LH-0300,1
459103,695675,RS-1000,1
459104,695676,RS-1000,1
459105,695678,CA-1300,1
459106,695679,JL-0230,1
459107,695682,BI-0150,0.5
459108,695682,DS-1730,0.5
459109,695683,BM-1800,0.5
459110,695683,BW-0150,0.5
459111,695684,CA-1300,1
459112,695685,DS-1730,1
459113,695686,BW-0150,1
459114,695688,LJ-1700,0.5
459115,695688,EK-0250,0.5
459116,695692,RS-1000,1
459117,695693,KW-2500,1
459118,695694,BM-1800,1
459119,695695,AR-2000,1
459120,695696,BW-0150,1
459121,695697,BW-0150,1
459122,695698,MB-1900,0.5
459123,695698,FC-0150,0.5
459124,695699,BM-1800,1
459125,695703,CG-2400,1
459126,695704,SF-0150,1
459127,695705,HS-0130,1
459128,695706,XR-0100,1
459129,695707,XR-0100,1
459130,695709,EG-0900,0.5
459131,695709,AB-0650,0.5
459132,695711,AR-2000,0.5
459133,695711,JH-4050,0.5
459134,695712,JH-4050,1
459135,695715,HS-0130,1
459136,695716,AB-0650,0.5
459137,695716,EK-0250,0.5
459138,695717,AS-0600,1
459139,695718,AB-0650,1
459140,695719,BR-1000,1
459141,695721,XR-0100,1
459142,695722,CM-3400,1
459143,695723,KW-2500,1
459144,695724,KC-0900,0.5
459145,695724,ET-0200,0.5
459146,695725,BW-0150,1
459147,695726,CA-1300,1
459148,695727,RS-1000,1
459149,695729,AS-0600,1
459150,695730,EG-0900,0.5
459151,695730,EK-0250,0.5
459152,695732,EK-0250,1
459153,695740,EG-0900,1
459154,695741,CM-3400,1
459155,695742,XR-0100,1
459156,695744,TN-0400,1
459157,695745,LJ-1700,0.5
459158,695745,HS-0130,0.5
459159,695746,DH-4650,1
459160,695747,SF-0150,0.5
459161,695747,EK-0250,0.5
459162,695749,BW-0150,1
459163,695750,AR-2000,0.5
459164,695750,KW-2500,0.5
459165,695751,CA-1300,1
459166,695752,DS-1730,0.5
459167,695752,JL-0230,0.5
459168,695757,EK-0250,1
459169,695759,RS-1000,1
459170,695761,MB-1900,0.5
459171,695761,KW-2500,0.5
459172,695762,ET-0200,1
459173,695763,RS-1000,1
459174,695764,AR-2000,0.5
459175,695764,JH-4050,0.5
459176,695765,AR-2000,0.5
459177,695765,KW-2500,0.5
459178,695769,EK-0250,1
459179,695771,TJ-1900,0.5
459180,695771,EK-0250,0.5
459181,695772,JR-2750,1
459182,695773,CG-2400,1
459183,695774,JR-2750,1
459184,695775,CM-3400,1
459185,695779,BW-0150,0.5
459186,695779,KW-2500,0.5
459187,695780,KC-0900,1
459188,695782,LJ-1700,0.5
459189,695782,AB-0650,0.5
459190,695783,TW-1187,1
459191,695785,CG-2400,1
459192,695789,BI-0150,1
459193,695791,ET-0200,1
459194,695793,EG-0900,1
459195,695794,EG-0900,0.5
459196,695794,CG-2400,0.5
459197,695797,JL-0230,1
459198,695798,BI-0150,1
459199,695803,AS-0600,1
459200,695804,BR-1000,1
459201,695809,ET-0200,1
459202,695810,MB-1900,1
459203,695811,AR-2000,0.5
459204,695811,BI-0150,0.5
459205,695812,DS-1730,1
459206,695816,MF-1400,0.5
459207,695816,BB-2725,0.5
459208,695818,JH-2800,1
459209,695821,CM-0900,1
459210,695822,MD-0060,0.5
459211,695822,MB-5100,0.5
459212,695826,WC-0300,0.5
459213,695826,DH-0700,0.5
459214,695830,BR-0100,0.5
459215,695830,NP-0130,0.5
459216,695831,DR-0450,0.5
459217,695831,MB-5100,0.5
459218,695832,MB-5100,1
459219,695833,CH-2250,1
459220,695834,MH-4000,1
459221,695835,HC-0050,1
459222,695836,JR-3650,1
459223,695837,LG-0900,0.5
459224,695837,CM-0900,0.5
459225,695842,JH-2800,1
459226,695847,JT-1650,1
459227,695850,WB-0700,1
459228,695854,JR-3650,0.5
459229,695854,DR-0450,0.5
459230,695856,MH-4000,1
459231,695857,CH-2250,1
459232,695858,BR-0100,1
459233,695859,QR-0100,1
459234,695863,MF-1400,1
459235,695864,BB-2725,0.5
459236,695864,DG-1300,0.5
459237,695866,WB-0700,1
459238,695867,QD-0400,1
459239,695868,MF-1400,1
459240,695869,BB-2725,0.5
459241,695869,DH-0700,0.5
459242,695870,WC-0300,1
459243,695875,MD-0060,0.5
459244,695875,JR-3650,0.5
459245,695876,CH-2250,1
459246,695877,MB-5100,1
459247,695879,DR-0450,1
459248,695882,WB-0700,1
459249,695883,QD-0400,1
459250,695884,MF-1400,1
459251,695887,RK-0500,0.5
459252,695887,DG-1300,0.5
459253,695891,LG-0900,0.5
459254,695891,JR-3650,0.5
459255,695892,JT-1650,1
459256,695895,WC-0300,0.5
459257,695895,DG-1300,0.5
459258,695896,WC-0300,0.5
459259,695896,DH-0700,0.5
459260,695897,WC-0300,1
459261,695898,MF-1400,1
459262,695900,BB-2725,1
459263,695901,QD-0400,1
459264,695908,DR-0450,1
459265,695909,MB-5100,0.5
459266,695909,HC-0050,0.5
459267,695910,JR-3650,1
459268,695911,HC-0050,0.5
459269,695911,MH-4000,0.5
459270,695912,CH-2250,1
459271,695913,JT-1650,0.5
459272,695913,MB-5100,0.5
459273,695915,MB-5100,0.5
459274,695915,MH-4000,0.5
459275,695919,WC-0300,1
459276,695920,PS-0550,1
459277,695922,WC-0300,1
459278,695923,WC-0300,0.5
459279,695923,BB-2725,0.5
459280,695925,DH-0700,1
459281,695926,RJ-0550,1
459282,695927,WB-0700,1
459283,695928,TM-3450,0.5
459284,695928,WB-0700,0.5
459285,695933,CH-2250,1
459286,695936,RK-0500,0.5
459287,695936,DG-1300,0.5
459288,695937,CB-0200,1
459289,695938,QD-0400,1
459290,695939,MF-1400,1
459291,695940,DG-1300,0.5
459292,695940,WB-0700,0.5
459293,695941,DH-0700,1
459294,695942,DG-1300,1
459295,695943,WC-0300,0.5
459296,695943,MF-1400,0.5
459297,695945,WB-0700,1
459298,695949,MN-0300,1
459299,695950,MB-5100,0.5
459300,695950,MH-4000,0.5
459301,695951,CH-2250,0.5
459302,695951,HC-0050,0.5
459303,695952,DR-0450,1
459304,695957,TK-0800,1
459305,695959,CB-0200,1
459306,695960,PS-0550,0.5
459307,695960,WC-0300,0.5
459308,695961,QD-0400,1
459309,695963,DR-0450,1
459310,695964,JT-1650,0.5
459311,695964,DR-0450,0.5
459312,695969,CB-0200,1
459313,695970,WC-0300,0.5
459314,695970,BB-2725,0.5
459315,695971,MF-1400,0.5
459316,695971,DH-0700,0.5
459317,695974,AM-3050,0.5
459318,695974,MB-5100,0.5
459319,695975,DR-0450,0.5
459320,695975,MH-4000,0.5
459321,695976,MB-5100,1
459322,695978,JT-1650,1
459323,695980,JT-1650,0.5
459324,695980,JP-2000,0.5
459325,695982,WC-0300,0.5
459326,695982,WB-0700,0.5
459327,695983,BB-2725,1
459328,695985,LG-0950,1
459329,695986,MB-5100,1
459330,695989,CH-2250,0.5
459331,695989,MH-4000,0.5
459332,695992,MP-0950,1
459333,695994,DF-1350,1
459334,695995,DJ-1500,0.5
459335,695995,RP-0200,0.5
459336,695996,SS-1700,1
459337,695998,DF-1350,1
459338,695999,EB-0800,0.5
459339,695999,DS-3162,0.5
459340,696001,EB-0800,1
459341,696005,RN-1100,0.5
459342,696005,DM-1300,0.5
459343,696006,PC-0300,1
459344,696007,PC-0300,0.5
459345,696007,LR-0600,0.5
459346,696008,LR-0600,1
459347,696009,RN-1100,0.5
459348,696009,DH-2950,0.5
459349,696010,JC-3550,0.5
459350,696010,DH-2950,0.5
459351,696011,RN-1100,1
459352,696013,RN-1100,1
459353,696014,JS-2100,1
459354,696015,MB-5250,0.5
459355,696015,PC-0300,0.5
459356,696017,JC-3518,1
459357,696018,MB-3875,0.5
459358,696018,JC-3550,0.5
459359,696023,TB-2400,1
459360,696025,RP-0200,1
459361,696026,TH-0200,1
459362,696030,RN-1100,1
459363,696031,LR-0600,1
459364,696032,AB-2700,1
459365,696033,AB-2700,1
459366,696034,AB-2700,0.5
459367,696034,MB-3875,0.5
459368,696039,FZ-0100,1
459369,696042,MB-5250,1
459370,696044,DH-2950,0.5
459371,696044,PC-0300,0.5
459372,696046,TB-2400,1
459373,696048,EB-0800,1
459374,696049,JH-5550,0.5
459375,696049,DJ-1500,0.5
459376,696050,EB-0800,1
459377,696051,RP-0200,1
459378,696052,RP-0200,1
459379,696054,TB-2400,0.5
459380,696054,SS-1700,0.5
459381,696055,DF-1350,1
459382,696056,MP-0950,0.5
459383,696056,RP-0200,0.5
459384,696057,TB-2400,0.5
459385,696057,HA-0200,0.5
459386,696062,DM-1300,1
459387,696064,AB-2700,0.5
459388,696064,JC-3550,0.5
459389,696065,DM-1300,1
459390,696066,JC-3550,1
459391,696067,DH-2950,1
459392,696068,JC-3550,0.5
459393,696068,PC-0300,0.5
459394,696077,MB-3875,0.5
459395,696077,DH-2950,0.5
459396,696081,JC-3550,1
459397,696083,MB-3875,0.5
459398,696083,DM-1300,0.5
459399,696084,PC-0300,1
459400,696085,DM-1300,1
459401,696086,CJ-2050,1
459402,696087,TB-2400,1
459403,696088,RP-0200,1
459404,696089,SS-1700,1
459405,696095,AH-3050,0.5
459406,696095,JF-3150,0.5
459407,696096,LR-0600,1
459408,696097,CJ-2050,0.5
459409,696097,JF-3150,0.5
459410,696098,PC-0300,1
459411,696099,PC-0300,1
459412,696100,CJ-2050,0.5
459413,696100,DF-0950,0.5
459414,696102,LR-0600,1
459415,696103,LR-0600,1
459416,696109,DJ-1500,1
459417,696110,EB-0800,1
459418,696111,TB-2400,1
459419,696112,DJ-1500,1
459420,696118,AB-2700,0.5
459421,696118,JF-3150,0.5
459422,696119,JC-3518,1
459423,696123,SS-1700,1
459424,696124,EB-0800,1
459425,696125,MP-0950,1
459426,696129,LR-0600,1
459427,696130,PC-0300,1
459428,696131,MB-5250,1
459429,696132,MB-5250,1
459430,696133,MB-3875,1
459431,696137,MP-0950,1
459432,696143,JC-3518,1
459433,696147,LR-0600,1
459434,696148,DH-2950,1
459435,696149,RN-1100,1
459436,696151,JS-2100,1
459437,696152,MB-5250,1
459438,696153,JS-2100,0.5
459439,696153,DW-1700,0.5
459440,696155,LR-0600,1
459441,696161,EB-0800,1
459442,696162,MP-0950,1
459443,696167,JR-3650,1
459444,696172,RJ-0900,1
459445,696176,SS-1300,1
459446,696177,MB-5100,1
459447,696178,CH-2250,1
459448,696179,JR-3650,1
459449,696181,CM-0900,1
459450,696182,SS-1300,1
459451,696183,CM-0900,1
459452,696185,JR-3650,1
459453,696189,CC-0200,0.5
459454,696189,TJ-0950,0.5
459455,696190,DB-5450,0.5
459456,696190,RJ-0900,0.5
459457,696193,DR-0450,1
459458,696194,MB-5100,1
459459,696197,KM-1950,1
459460,696198,DB-5450,1
459461,696199,MG-0925,1
459462,696202,TJ-0950,1
459463,696203,ES-1475,1
459464,696205,JP-4100,1
459465,696206,JP-4100,1
459466,696208,JB-3350,1
459467,696210,TJ-0950,1
459468,696213,DB-5450,1
459469,696214,JB-3350,1
459470,696219,MB-5100,1
459471,696220,LG-0900,1
459472,696222,HC-0050,0.5
459473,696222,MH-4000,0.5
459474,696224,FR-0200,1
459475,696225,JP-4100,1
459476,696227,KM-1950,1
459477,696228,JB-3350,1
459478,696229,TJ-0950,1
459479,696230,JM-1650,1
459480,696231,JP-4100,1
459481,696233,JB-3350,1
459482,696234,JB-3350,1
459483,696235,TJ-0950,1
459484,696236,JB-3350,1
459485,696237,KM-1950,1
459486,696244,CM-0900,1
459487,696246,KM-1950,1
459488,696247,TJ-0950,1
459489,696249,CM-0900,1
459490,696252,TJ-0950,1
459491,696253,RJ-0900,1
459492,696254,RJ-0900,1
459493,696255,ES-1475,1
459494,696260,DR-0450,1
459495,696261,DR-0450,1
459496,696263,CM-0900,0.5
459497,696263,CH-2250,0.5
459498,696264,JT-1650,1
459499,696265,CH-2250,1
459500,696266,DJ-2350,1
459501,696267,JR-3650,1
459502,696273,RG-2375,1
459503,696276,DB-5450,0.5
459504,696276,JP-4100,0.5
459505,696279,CM-0900,1
459506,696281,NP-0130,1
459507,696282,SS-1300,1
459508,696283,JR-3650,1
459509,696285,DB-5450,1
459510,696286,MG-0925,1
459511,696287,TJ-0950,1
459512,696288,DB-5450,1
459513,696289,ES-1475,1
459514,696294,HC-0050,1
459515,696295,NP-0130,1
459516,696296,CH-2250,1
459517,696297,MP-0875,1
459518,696298,HC-0050,1
459519,696299,MB-5100,1
459520,696300,JR-3650,0.5
459521,696300,NP-0130,0.5
459522,696301,BR-0100,1
459523,696302,DJ-2350,1
459524,696305,JT-1650,1
459525,696309,DB-5450,1
459526,696310,CC-0200,0.5
459527,696310,MG-0925,0.5
459528,696313,MP-0875,1
459529,696315,HC-0050,1
459530,696321,TJ-0950,1
459531,696327,CH-2250,1
459532,696331,RS-1000,1
459533,696332,MB-1900,1
459534,696333,KW-2500,0.5
459535,696333,ET-0200,0.5
459536,696337,SL-0950,0.5
459537,696337,ST-0550,0.5
459538,696341,LK-0600,0.5
459539,696341,TD-0700,0.5
459540,696342,LK-0600,0.5
459541,696342,JN-1750,0.5
459542,696343,LK-0600,0.5
459543,696343,RH-0700,0.5
459544,696345,LK-0600,0.5
459545,696345,TD-0700,0.5
459546,696347,KW-2500,1
459547,696348,BW-0150,1
459548,696349,KW-2500,0.5
459549,696349,DS-1730,0.5
459550,696350,BW-0150,0.5
459551,696350,KC-0900,0.5
459552,696351,MB-1900,1
459553,696353,BW-0150,1
459554,696354,ET-0200,1
459555,696355,KW-2500,1
459556,696357,RS-1000,0.5
459557,696357,KC-0900,0.5
459558,696358,KC-0900,0.5
459559,696358,ET-0200,0.5
459560,696359,AR-2000,0.5
459561,696359,BW-0150,0.5
459562,696360,KW-2500,0.5
459563,696360,ET-0200,0.5
459564,696361,BW-0150,0.5
459565,696361,ET-0200,0.5
459566,696366,AR-2000,1
459567,696367,MB-1900,1
459568,696371,CJ-1300,0.5
459569,696371,KC-1800,0.5
459570,696375,CA-1300,1
459571,696376,RS-1000,1
459572,696377,BW-0150,1
459573,696378,MB-1900,0.5
459574,696378,DD-1800,0.5
459575,696379,DD-1800,0.5
459576,696379,BM-1800,0.5
459577,696380,KW-2500,0.5
459578,696380,ET-0200,0.5
459579,696381,CA-1300,0.5
459580,696381,KW-2500,0.5
459581,696386,RM-1900,1
459582,696387,KS-0850,0.5
459583,696387,TD-0700,0.5
459584,696388,RM-1900,1
459585,696389,CF-0500,0.5
459586,696389,JN-1750,0.5
459587,696390,LK-0600,0.5
459588,696390,RH-0700,0.5
459589,696392,JN-1750,1
459590,696393,LK-0600,1
459591,696398,RM-1900,0.5
459592,696398,RH-0700,0.5
459593,696399,CA-1300,1
459594,696400,BM-1800,0.5
459595,696400,BW-0150,0.5
459596,696401,BW-0150,0.5
459597,696401,ET-0200,0.5
459598,696403,LK-0600,0.5
459599,696403,CF-0500,0.5
459600,696404,LK-0600,0.5
459601,696404,KC-1800,0.5
459602,696406,TD-0700,1
459603,696409,RM-1900,1
459604,696410,KC-1800,1
459605,696411,CF-0500,0.5
459606,696411,RM-1900,0.5
459607,696416,BW-0150,1
459608,696417,KC-0900,1
459609,696418,KW-2500,1
459610,696419,BW-0150,0.5
459611,696419,KW-2500,0.5
459612,696424,KC-1800,1
459613,696425,KC-1800,1
459614,696427,JN-1750,1
459615,696431,AR-2000,0.5
459616,696431,DS-1730,0.5
459617,696432,KW-2500,1
459618,696433,BW-0150,1
459619,696434,KC-0900,0.5
459620,696434,JL-0230,0.5
459621,696435,JH-4050,0.5
459622,696435,ET-0200,0.5
459623,696440,KC-1800,1
459624,696442,JW-1500,1
459625,696443,KC-1800,1
459626,696446,LK-0600,1
459627,696448,MB-1900,0.5
459628,696448,KW-2500,0.5
459629,696449,KW-2500,1
459630,696450,DS-1730,1
459631,696451,BW-0150,1
459632,696452,DD-1800,0.5
459633,696452,CM-0250,0.5
459634,696453,KC-0900,1
459635,696454,DS-1730,1
459636,696455,MB-5050,1
459637,696456,KW-2500,1
459638,696460,RM-1900,1
459639,696461,CJ-1300,1
459640,696462,RM-1900,1
459641,696463,LK-0600,1
459642,696465,LK-0600,0.5
459643,696465,TD-0700,0.5
459644,696469,ET-0200,1
459645,696470,BW-0150,1
459646,696471,MB-1900,1
459647,696472,FC-0150,0.5
459648,696472,KW-2500,0.5
459649,696473,MB-1900,1
459650,696475,KC-1800,1
459651,696477,RH-0700,1
459652,696479,RM-1900,1
459653,696481,CF-0500,1
459654,696482,CF-0500,1
459655,696494,DW-4250,0.5
459656,696494,DT-1950,0.5
459657,696495,TW-0600,1
459658,696497,BB-2530,1
459659,696499,BB-2530,1
459660,696500,RS-0962,1
459661,696503,DW-4250,0.5
459662,696503,DW-1100,0.5
459663,696504,DS-4300,1
459664,696505,DS-4300,1
459665,696506,DT-1950,1
459666,696508,BM-0330,1
459667,696510,WA-0100,1
459668,696511,JH-2100,1
459669,696512,JH-2100,1
459670,696514,DW-4250,0.5
459671,696514,MJ-0030,0.5
459672,696519,WA-0100,1
459673,696520,ST-1150,1
459674,696524,VW-0100,0.5
459675,696524,SB-0225,0.5
459676,696525,DT-1950,1
459677,696526,MJ-0030,1
459678,696527,BR-1050,1
459679,696532,LT-0400,0.5
459680,696532,MM-3800,0.5
459681,696533,RS-0962,1
459682,696534,LT-0400,1
459683,696536,JH-2100,1
459684,696539,AT-0100,1
459685,696540,VM-0300,1
459686,696541,BR-1050,1
459687,696542,AS-2400,1
459688,696547,JJ-4250,1
459689,696548,ST-1150,0.5
459690,696548,JJ-4250,0.5
459691,696551,VM-0300,1
459692,696552,DT-1950,1
459693,696555,WG-0500,1
459694,696558,WG-0500,1
459695,696560,BM-0330,1
459696,696561,AT-0100,1
459697,696562,TW-0600,1
459698,696564,ST-1150,0.5
459699,696564,RS-0962,0.5
459700,696565,JJ-4250,1
459701,696566,RS-0962,1
459702,696567,LT-0400,1
459703,696568,JJ-4250,0.5
459704,696568,WG-0500,0.5
459705,696569,BB-2530,1
459706,696570,JJ-4250,1
459707,696573,WA-0100,1
459708,696576,JH-2100,1
459709,696577,BD-1200,1
459710,696579,LT-0400,1
459711,696580,WA-0100,1
459712,696581,WG-0500,1
459713,696584,TW-0600,1
459714,696588,DT-1950,1
459715,696592,AB-1950,1
459716,696594,JH-2100,1
459717,696597,DT-1950,1
459718,696598,VW-0100,1
459719,696599,BM-0330,0.5
459720,696599,DS-4300,0.5
459721,696601,WG-0500,1
459722,696602,RS-0962,1
459723,696603,WA-0100,0.5
459724,696603,MM-3800,0.5
459725,696605,BB-2530,1
459726,696609,CH-1500,1
459727,696610,CH-1500,1
459728,696612,DT-1950,1
459729,696613,DT-1950,1
459730,696615,DW-1100,1
459731,696617,AT-0100,1
459732,696620,WG-0500,1
459733,696622,WA-0100,1
459734,696623,ST-1150,1
459735,696625,AT-0100,1
459736,696626,CH-1500,1
459737,696627,DT-1950,1
459738,696628,BR-1050,1
459739,696629,LT-0400,1
459740,696630,WG-0500,1
459741,696632,JH-2100,0.5
459742,696632,RG-1250,0.5
459743,696633,SM-2200,1
459744,696635,SM-2200,1
459745,696636,LT-0400,1
459746,696637,RC-1550,1
459747,696638,WG-0500,1
459748,696639,BD-1200,0.5
459749,696639,MM-3800,0.5
459750,696640,RS-0962,1
459751,696641,MM-3800,1
459752,696645,DS-4300,1
459753,696646,DS-4300,1
459754,696647,TW-0600,1
459755,696650,BD-1200,1
459756,696651,SM-2200,1
459757,696652,RS-0962,1
459758,696657,BM-0330,1
459759,696663,DT-1950,1
459760,696664,CH-1500,1
459761,696665,DW-1100,0.5
459762,696665,TW-0600,0.5
459763,696671,MB-5250,1
459764,696672,JC-3550,1
459765,696673,LR-0600,1
459766,696674,JS-2100,1
459767,696675,JC-3550,1
459768,696677,JS-2100,1
459769,696678,JC-3518,1
459770,696679,AH-3050,1
459771,696683,AT-0100,1
459772,696687,JC-3518,1
459773,696688,PC-0300,1
459774,696691,DW-4250,1
459775,696692,TW-0600,0.5
459776,696692,JB-8150,0.5
459777,696695,DM-1300,1
459778,696697,VM-0300,1
459779,696701,PC-0300,1
459780,696702,LR-0600,1
459781,696703,MB-5250,1
459782,696704,RN-1100,0.5
459783,696704,MB-5250,0.5
459784,696711,RN-1100,1
459785,696716,TW-0600,0.5
459786,696716,JB-8150,0.5
459787,696718,DT-1950,1
459788,696719,CH-1500,1
459789,696721,MJ-0030,1
459790,696722,JB-8150,0.5
459791,696722,DS-4300,0.5
459792,696723,DT-1950,1
459793,696725,AT-0100,1
459794,696727,TW-0600,0.5
459795,696727,JB-8150,0.5
459796,696731,AH-3050,0.5
459797,696731,JS-2100,0.5
459798,696732,MB-3875,1
459799,696735,DW-4250,1
459800,696736,DT-1950,0.5
459801,696736,TW-0600,0.5
459802,696741,DH-2950,1
459803,696743,DW-4250,1
459804,696746,BM-0330,1
459805,696748,JC-3550,1
459806,696749,JC-3518,1
459807,696750,JC-3518,1
459808,696757,DH-2950,1
459809,696759,JC-3550,1
459810,696762,AT-0100,1
459811,696763,KW-0850,1
459812,696764,DS-4300,1
459813,696766,VW-0100,0.5
459814,696766,AS-2400,0.5
459815,696770,DH-2950,1
459816,696772,LR-0600,1
459817,696773,LR-0600,1
459818,696774,CJ-2050,1
459819,696775,MB-5250,1
459820,696776,DH-2950,0.5
459821,696776,MB-5250,0.5
459822,696779,BM-0330,0.5
459823,696779,DS-4300,0.5
459824,696780,VM-0300,1
459825,696783,JS-2100,1
459826,696785,JC-3550,0.5
459827,696785,PC-0300,0.5
459828,696787,TW-0600,1
459829,696788,MJ-0030,1
459830,696789,CH-1500,1
459831,696794,LR-0600,1
459832,696795,MB-5250,1
459833,696796,DM-1300,1
459834,696797,PC-0300,1
459835,696798,SS-1450,1
459836,696799,MB-5250,1
459837,696800,DH-2950,1
459838,696806,SK-0200,1
459839,696807,DW-4250,1
459840,696808,BM-0330,1
459841,696811,SK-0200,1
459842,696812,SB-0225,0.5
459843,696812,DT-1950,0.5
459844,696814,DW-4250,1
459845,696815,AT-0100,0.5
459846,696815,CH-1500,0.5
459847,696816,DH-2950,1
459848,696819,JC-3550,0.5
459849,696819,PC-0300,0.5
459850,696822,BM-0330,1
459851,696823,SK-0200,1
459852,696824,CH-1500,1
459853,696826,AT-0100,1
459854,696831,JS-2100,1
459855,696832,JS-2100,1
459856,696838,JB-8150,0.5
459857,696838,CH-1500,0.5
459858,696840,KW-0850,1
459859,696847,LK-0600,1
459860,696848,CF-0500,1
459861,696851,FR-0200,0.5
459862,696851,JM-1650,0.5
459863,696852,RJ-0900,1
459864,696853,KM-1950,0.5
459865,696853,TJ-0950,0.5
459866,696854,PP-0400,1
459867,696855,PP-0400,1
459868,696856,DB-5450,1
459869,696863,KC-1800,1
459870,696864,TD-0700,1
459871,696868,JB-3350,1
459872,696869,DB-5450,0.5
459873,696869,KM-1950,0.5
459874,696870,RJ-0900,1
459875,696872,FR-0200,0.5
459876,696872,MG-0925,0.5
459877,696876,RH-0700,1
459878,696877,RM-1900,1
459879,696878,KE-0050,0.5
459880,696878,SL-0950,0.5
459881,696879,TD-0700,1
459882,696884,DB-5450,0.5
459883,696884,KM-1950,0.5
459884,696888,TD-0700,0.5
459885,696888,KC-1800,0.5
459886,696889,DE-0500,1
459887,696890,TD-0700,0.5
459888,696890,RM-1900,0.5
459889,696891,LK-0600,0.5
459890,696891,RH-0700,0.5
459891,696892,SL-0950,1
459892,696896,ES-1475,0.5
459893,696896,TJ-0950,0.5
459894,696899,TD-0700,1
459895,696900,KE-0050,1
459896,696901,RM-1900,1
459897,696903,MA-0300,0.5
459898,696903,RD-0850,0.5
459899,696904,KC-1800,1
459900,696905,TD-0700,1
459901,696906,LK-0600,0.5
459902,696906,KC-1800,0.5
459903,696907,RM-1900,1
459904,696908,CF-0500,0.5
459905,696908,JN-1750,0.5
459906,696912,KM-1950,0.5
459907,696912,PP-0400,0.5
459908,696917,RJ-0900,0.5
459909,696917,TJ-0950,0.5
459910,696918,TJ-0950,0.5
459911,696918,JP-4100,0.5
459912,696919,CC-0200,0.5
459913,696919,DB-5450,0.5
459914,696920,FR-0200,0.5
459915,696920,TJ-0950,0.5
459916,696925,RG-2375,0.5
459917,696925,FR-0200,0.5
459918,696931,JP-4100,1
459919,696932,CC-0200,1
459920,696933,CC-0200,0.5
459921,696933,ES-1475,0.5
459922,696935,TJ-0950,1
459923,696936,JP-4100,1
459924,696937,KM-1950,1
459925,696938,DB-5450,0.5
459926,696938,TJ-0950,0.5
459927,696939,MG-0925,1
459928,696941,TJ-0950,1
459929,696944,ST-0550,1
459930,696945,JN-1750,1
459931,696948,DB-5450,1
459932,696949,PP-0400,1
459933,696950,MG-0925,1
459934,696951,PP-0400,1
459935,696952,KM-1950,1
459936,696954,CC-2500,1
459937,696958,RM-1900,1
459938,696960,LK-0600,0.5
459939,696960,CF-0500,0.5
459940,696961,LK-0600,1
459941,696962,RM-1900,1
459942,696963,LK-0600,1
459943,696964,KE-0050,0.5
459944,696964,LK-0600,0.5
459945,696966,KS-0850,1
459946,696970,RB-4300,0.5
459947,696970,MG-0925,0.5
459948,696972,JB-3350,1
459949,696974,LK-0600,0.5
459950,696974,TB-1850,0.5
459951,696980,JB-3350,1
459952,696981,MG-0925,0.5
459953,696981,RJ-0900,0.5
459954,696982,JB-3350,1
459955,696983,RG-2375,0.5
459956,696983,DB-5450,0.5
459957,696984,TJ-0950,1
459958,696986,SW-0700,1
459959,696987,FR-0200,0.5
459960,696987,MG-0925,0.5
459961,696988,KM-1950,0.5
459962,696988,KM-0425,0.5
459963,696996,ST-0550,0.5
459964,696996,AK-0650,0.5
459965,696998,KM-1950,0.5
459966,696998,KM-0425,0.5
459967,696999,TJ-0950,1
459968,697000,MG-0925,0.5
459969,697000,DB-5450,0.5
459970,697001,RB-4300,1
459971,697005,ST-0550,1
459972,697007,ST-0550,0.5
459973,697007,AK-0650,0.5
459974,697008,ST-0550,1
459975,697010,RH-0700,0.5
459976,697010,KC-1800,0.5
459977,697013,TB-1850,1
459978,697014,LK-0600,0.5
459979,697014,RH-0700,0.5
459980,697015,ST-0550,0.5
459981,697015,JN-1750,0.5
459982,697016,ST-0550,1
459983,697018,TD-0700,1
459984,697021,DT-1950,1
459985,697023,AT-0100,1
459986,697025,LK-0600,1
459987,697026,LK-0600,0.5
459988,697026,TD-0700,0.5
459989,697027,TD-0700,0.5
459990,697027,RM-1900,0.5
459991,697030,DW-4250,1
459992,697034,TW-0600,1
459993,697035,SR-0250,1
459994,697038,MJ-0030,1
459995,697039,VM-0300,1
459996,697042,ST-0550,1
459997,697043,KS-0850,1
459998,697046,MJ-0030,1
459999,697048,BM-0330,1
460000,697049,TW-0600,1
460001,697051,VM-0300,1
460002,697052,DW-4250,0.5
460003,697052,DT-1950,0.5
460004,697053,DT-1950,1
460005,697054,AT-0100,1
460006,697063,MJ-0030,0.5
460007,697063,DT-1950,0.5
460008,697067,LK-0600,1
460009,697068,KC-1800,1
460010,697069,JA-0900,1
460011,697074,VM-0300,0.5
460012,697074,TW-0600,0.5
460013,697075,DS-4300,1
460014,697077,CF-0500,1
460015,697078,LK-0600,1
460016,697079,SL-0950,1
460017,697082,DW-4250,0.5
460018,697082,SW-1750,0.5
460019,697085,ST-0550,0.5
460020,697085,KC-1800,0.5
460021,697086,TD-0700,1
460022,697089,CH-1500,1
460023,697092,BR-1050,1
460024,697094,TW-0600,1
460025,697095,TW-0600,0.5
460026,697095,JB-8150,0.5
460027,697099,DW-1100,0.5
460028,697099,DT-1950,0.5
460029,697100,AT-0100,1
460030,697102,BM-0330,0.5
460031,697102,CH-1500,0.5
460032,697103,VW-0100,0.5
460033,697103,MJ-0030,0.5
460034,697104,AT-0100,1
460035,697105,MJ-0030,0.5
460036,697105,DW-1100,0.5
460037,697109,RM-1900,1
460038,697110,KC-1800,1
460039,697111,TD-0700,1
460040,697113,TD-0700,1
460041,697118,TW-0600,1
460042,697119,AT-0100,1
460043,697120,CN-0450,1
460044,697123,CF-0500,0.5
460045,697123,JN-1750,0.5
460046,697124,CF-0500,1
460047,697126,LK-0600,1
460048,697128,DW-4250,1
460049,697129,CH-1500,1
460050,697132,DS-4300,1
460051,697135,CJ-1300,0.5
460052,697135,CF-0500,0.5
460053,697136,RM-1900,1
460054,697138,CJ-1300,1
460055,697140,BR-1050,1
460056,697141,DW-1100,0.5
460057,697141,BM-0330,0.5
460058,697142,SW-1750,1
460059,697143,VW-0100,0.5
460060,697143,DT-1950,0.5
460061,697148,CJ-1300,1
460062,697149,SL-0950,1
460063,697152,BM-0330,1
460064,697155,CH-1500,1
460065,697157,SL-0950,1
460066,697158,SL-0950,0.5
460067,697158,RM-1900,0.5
460068,697159,LK-0600,1
460069,697161,BM-0330,0.5
460070,697161,DT-1950,0.5
460071,697164,TD-0700,1
460072,697165,SL-0950,0.5
460073,697165,LK-0600,0.5
460074,697174,ST-0550,1
460075,697175,KL-1400,0.5
460076,697175,KC-1800,0.5
460077,697176,KE-0050,0.5
460078,697176,LK-0600,0.5
460079,697180,DT-1950,1
